filename,filepath,required_if,aggfunc,disaggfunc,region_col,fix_cols,i_col,wide,header,key,post_copy,GAMStype,GAMSname,GAMScomment,notes
#,for input files only,"conditions determinining whether or not the file is required (1 if always required, 0 if always optional)",,,,,,1 if any parameters are in wide format,0 if file has column labels,,files are created after copy_files,for auto-imported files,,,
i.csv,inputs/sets/i.csv,1,ignore,ignore,,,,,,,1,set,i,generation technologies,
ctt.csv,inputs/sets/ctt.csv,1,ignore,ignore,,,,,,,1,set,ctt,cooling technology type,
wst.csv,inputs/sets/wst.csv,1,ignore,ignore,,,,,,,1,set,wst,water source type,
w.csv,inputs/sets/w.csv,1,ignore,ignore,,,,,,,1,set,w,form of water use (withdrawal or consumption),
geotech.csv,inputs/sets/geotech.csv,1,ignore,ignore,,,,,,,1,set,geotech,broader geothermal categories,
i_subtech.csv,inputs/sets/i_subtech.csv,1,ignore,ignore,,,,,,,1,set,i_subtech,technology subset categories,
i_h2_ptc_gen.csv,inputs/sets/i_h2_ptc_gen.csv,1,ignore,ignore,,,,,,,1,set,i_h2_ptc_gen,technology subset category for clean generators which qualify for the hydrogen production tax credit,
sdbin.csv,inputs/sets/sdbin.csv,1,ignore,ignore,,,,,,,1,set,sdbin,storage duration bins,
tg.csv,inputs/sets/tg.csv,1,ignore,ignore,,,,,,,1,set,tg,tech groups for growth constraints,
quarter.csv,inputs/sets/quarter.csv,1,ignore,ignore,,,,,,,1,set,quarter,original h17 seasons (four per year),
month.csv,inputs/sets/month.csv,1,ignore,ignore,,,,,,,1,set,month,calendar months in a year,
RPSCat.csv,inputs/sets/RPSCat.csv,1,ignore,ignore,,,,,,,,set,RPSCat,RPS constraint categories including clean energy standards,
aclike.csv,inputs/sets/aclike.csv,1,ignore,ignore,,,,,0,,,set,aclike,AC transmission capacity types,
acp_disallowed.csv,inputs/state_policies/acp_disallowed.csv,int(sw.GSw_StateRPS) != 0,ignore,ignore,st,"RPSCat,val",,,0,,,parameter,,--integer-- Indication for whether ACP purchases are disallowed (1) or allowed (0),
acp_prices.csv,inputs/state_policies/acp_prices.csv,int(sw.GSw_StateRPS) != 0,ignore,ignore,st,st,,1,0,,,,,,
allt.csv,inputs/sets/allt.csv,1,ignore,ignore,,,,,,,,set,allt,all potential years,
alpha.csv,inputs/fuelprices/alpha_{ngscen}.csv,1,ignore,ignore,wide_cendiv,t,,1,0,,,,,,
bio_supplycurve.csv,inputs/supply_curve/bio_supplycurve.csv,1,ignore,ignore,usda_region,,,,0,,,,,,
bioclass.csv,inputs/sets/bioclass.csv,1,ignore,ignore,,,,,,,,set,bioclass,,
can_exports.csv,inputs/canada_imports/can_exports.csv,int(sw.GSw_Canada) != 0,sum,ignore,r,wide,,1,0,,,,,,
can_exports_szn_frac.csv,inputs/canada_imports/can_exports_szn_frac.csv,int(sw.GSw_Canada) != 0,ignore,ignore,,,,,0,,,,,,
can_imports.csv,inputs/canada_imports/can_imports.csv,int(sw.GSw_Canada) != 0,sum,ignore,r,wide,,1,0,,,,,,
can_imports_quarter_frac.csv,inputs/canada_imports/can_imports_quarter_frac.csv,int(sw.GSw_Canada) != 0,ignore,ignore,,,,,0,,,,,,
cangrowth.csv,inputs/load/cangrowth.csv,int(sw.GSw_Canada) != 0,ignore,ignore,st,,,1,0,,,,,,
cap_existing_hydro.csv,inputs/hydro/cap_existing_hydro.csv,1,ignore,ignore,,t,,0,0,,,,,,
cap_existing_psh.csv,inputs/storage/cap_existing_psh.csv,(int(sw.GSw_Storage) != 0) and ((int(sw.GSw_HydroPSHDurData) == 1) or (sw.GSw_HydroStorInMaxFrac == 'data')),sum,ignore,r,"*i,v",,0,0,,,,,,
cap_penalty.csv,inputs/financials/cap_penalty.csv,1,ignore,ignore,,tg,,,0,,,,,,
cappayments_ba.csv,inputs/capacity_exogenous/cappayments_ba.csv,1,ignore,ignore,,*r,,0,0,,,,,,not done but not used
captype.csv,inputs/sets/captype.csv,1,ignore,ignore,,,,,,,,set,captype,capacity types ( existing and prescribed),
ccs_link.csv,inputs/emission_constraints/ccs_link.csv,1,ignore,ignore,,,,,0,,,,,,
ccs_link_water.csv,inputs/emission_constraints/ccs_link_water.csv,1,ignore,ignore,,,,,0,,,,,,
ccsflex_cat.csv,inputs/sets/ccsflex_cat.csv,1,ignore,ignore,,,,,,,,set,ccsflex_cat,flexible ccs performance parameter categories,
cd_beta0.csv,inputs/fuelprices/cd_beta0.csv,1,ignore,ignore,*cendiv,,,,0,,,,,,
cd_beta0_allsector.csv,inputs/fuelprices/cd_beta0_allsector.csv,1,ignore,ignore,*cendiv,,,,0,,,,,,
ces_fraction.csv,inputs/state_policies/ces_fraction.csv,int(sw.GSw_StateRPS) != 0,ignore,ignore,st,st,,1,0,,,,,,
classification_geothermal.csv,inputs/supply_curve/classification_geothermal.csv,1,ignore,ignore,,,,,,,,,,,
climate_param.csv,inputs/sets/climate_param.csv,1,ignore,ignore,,,,,,,,set,climate_param,parameters defined in climate_heuristics_finalyear,
coal_price.csv,inputs/fuelprices/coal_{coalscen}.csv,1,ignore,ignore,wide_cendiv,year,,1,0,,,,,,
construction_schedules.csv,inputs/financials/construction_schedules_{construction_schedules_suffix}.csv,1,ignore,ignore,,,,1,0,,,,,,
construction_times.csv,inputs/financials/construction_times_{construction_times_suffix}.csv,1,ignore,ignore,,,,,0,,,,,,
consume_char.csv,inputs/consume/consume_char_{GSw_H2_Inputs}.csv,int(sw.GSw_H2) != 0,ignore,ignore,,"*i,t,parameter",,0,0,,,,,,
consumecat.csv,inputs/sets/consumecat.csv,1,ignore,ignore,,,,,,,,set,consumecat,categories for consuming facility characteristics,
cost_cap_mult.csv,inputs/waterclimate/cost_cap_mult.csv,int(sw.GSw_WaterMain) != 0,ignore,ignore,,,,,0,,,parameter,ctt_cc_mult,capital cost multipliers to differentiate cooling technology types,
cost_hurdle_country.csv,inputs/transmission/cost_hurdle_country.csv,1,ignore,ignore,*country,,,,0,,,,,,
cost_hurdle_intra.csv,inputs/transmission/cost_hurdle_intra.csv,1,ignore,ignore,,t,,,0,,,,,,
cost_opres_default.csv,inputs/plant_characteristics/cost_opres_default.csv,int(sw.GSw_OpRes) != 0,ignore,ignore,,,,,0,,,,,,
cost_opres_market.csv,inputs/plant_characteristics/cost_opres_market.csv,int(sw.GSw_OpRes) != 0,ignore,ignore,,,,,0,,,,,,
cost_vom_mult.csv,inputs/waterclimate/cost_vom_mult.csv,int(sw.GSw_WaterMain) != 0,ignore,ignore,,,,,0,,,parameter,ctt_cost_vom_mult,VOM cost multipliers to differentiate cooling technology types,
csapr_cat.csv,inputs/sets/csapr_cat.csv,1,ignore,ignore,,,,,,,,set,csapr_cat,CSAPR regulation categories,
csapr_group.csv,inputs/sets/csapr_group.csv,1,ignore,ignore,,,,,,,,set,csapr_group,CSAPR trading group,
csapr_group1_ex.csv,inputs/emission_constraints/csapr_group1_ex.csv,int(sw.GSw_CSAPR) != 0,ignore,ignore,*st,,,,0,,,,,,
csapr_group2_ex.csv,inputs/emission_constraints/csapr_group2_ex.csv,int(sw.GSw_CSAPR) != 0,ignore,ignore,*st,,,,0,,,,,,
csapr_ozone_season.csv,inputs/emission_constraints/csapr_ozone_season.csv,int(sw.GSw_CSAPR) != 0,ignore,ignore,st,,,,0,,,,,,
currency_incentives.csv,inputs/financials/currency_incentives.csv,1,ignore,ignore,,,,,0,,,,,,
dac_elec.csv,inputs/consume/dac_elec_{dacscen}.csv,int(sw.GSw_DAC) != 0,ignore,ignore,,,,1,0,,,,,,
dac_gas.csv,inputs/consume/dac_gas_{GSw_DAC_Gas_Case}.csv,int(sw.GSw_DAC) != 0,ignore,ignore,,,,1,0,,1,,,,
deflator.csv,inputs/financials/deflator.csv,1,ignore,ignore,,,,,0,,,,,,
degradation_annual.csv,inputs/degradation/degradation_annual_{degrade_suffix}.csv,1,ignore,ignore,,,,,0,,,,,,
demonstration_plants.csv,inputs/capacity_exogenous/demonstration_plants.csv,int(sw.GSw_NuclearDemo) != 0,sum,ignore,r,"t,i,coolingwatertech,ctt,wst,notes",i,0,0,,,,,,
depreciation_schedules.csv,inputs/financials/depreciation_schedules_{depreciation_schedules_suffix}.csv,1,ignore,ignore,,,,1,0,,,,,,
diagnose.gms,postprocessing/diagnose/diagnose.gms,1,ignore,ignore,,,,,,,,,,,
disagg_hydroexist.csv,inputs/disaggregation/disagg_hydroexist.csv,1,ignore,ignore,,,,,0,,,,,,
disagg_population.csv,inputs/disaggregation/county_population.csv,1,ignore,ignore,FIPS,,,,0,,1,,,,
disagg_state_lpf.csv,inputs/disaggregation/county_state_lpf.csv,1,ignore,ignore,FIPS,,,,0,,1,,,,
distpvcap.csv,inputs/dgen_model_inputs/{distpvscen}/distpvcap_{distpvscen}.csv,1,sum,ignore,r,wide,,1,0,,,,,,
dollaryear_consume.csv,inputs/consume/dollaryear.csv,int(sw.GSw_DAC) != 0,ignore,ignore,,,,,0,,,,,,Do we really need 3 separate instances of dollaryear?
dollaryear_plant.csv,inputs/plant_characteristics/dollaryear.csv,1,ignore,ignore,,,,,0,,,,,,Do we really need 3 separate instances of dollaryear?
dollaryear_fuel.csv,inputs/fuelprices/dollaryear.csv,1,ignore,ignore,,,,,0,,,,,,
dollaryear_sc.csv,inputs/supply_curve/dollaryear.csv,1,ignore,ignore,,,,,0,,,,,,
dr_shed_avail_scalar.csv,inputs/demand_response/dr_shed_avail_scalar.csv,1,ignore,ignore,,,,,0,,,,,,
dr_shed_cap.csv,inputs/supply_curve/dr_shed_cap_{dr_shedscen}.csv,int(sw.GSw_DRShed) != 0,ignore,ignore,wide,tech,,1,0,,,,,,done
dr_shed_cost.csv,inputs/supply_curve/dr_shed_cost_{dr_shedscen}.csv,int(sw.GSw_DRShed) != 0,ignore,ignore,wide,tech,,1,0,,,,,,done
dr_shed_capacity_scalar.csv,inputs/demand_response/dr_shed_capacity_scalar_{dr_shedscen}.csv,int(sw.GSw_DRShed) != 0,ignore,ignore,r,"tech,wide",,1,0,,,,,,done
dr_shed_hourly.h5,inputs/profiles_dr/dr_shed_hourly_{dr_shedscen}.h5,int(sw.GSw_DRShed) != 0,ignore,ignore,wide,"datetime,year",,1,keepindex,,,,,,Agg/Disagg handled in hourly_load
e.csv,inputs/sets/e.csv,1,ignore,ignore,,,,,0,,,set,e,emission categories used in model,
eall.csv,inputs/sets/eall.csv,1,ignore,ignore,,,,,,,,set,eall,emission categories used in reporting,
emitrate.csv,inputs/emission_constraints/emitrate.csv,1,ignore,ignore,,,,,0,,,,,,
employment_factor_plant.csv,inputs/employment/employment_factor_plant_{GSw_EmploymentFactor}.csv,1,ignore,ignore,,,,,0,,,,,,
energy_communities.csv,inputs/financials/energy_communities.csv,1,ignore,ignore,,,,,0,,,,,,region aggregation and filtering is handled in copy_files
etype.csv,inputs/sets/etype.csv,1,ignore,ignore,,,,,,,,set,etype,emission types used in model (upstream and process),
f.csv,inputs/sets/f.csv,1,ignore,ignore,,,,,,,,set,f,fuel types,
financials_hydrogen.csv,inputs/financials/financials_hydrogen.csv,int(sw.GSw_H2) != 0,ignore,ignore,,,,,0,,,,,,
financials_transmission.csv,inputs/financials/financials_transmission_{financials_trans_suffix}.csv,1,ignore,ignore,,,,,0,,,,,,
years_until_endogenous.csv,inputs/plant_characteristics/years_until_endogenous.csv,1,ignore,ignore,,,,,0,,,,,,
flex_type.csv,inputs/sets/flex_type.csv,1,ignore,ignore,,,,,,,,set,flex_type,demand flexibility types,
forced_retirements.csv,inputs/state_policies/forced_retirements.csv,1,ignore,ignore,st,"i,t",,0,0,,,parameter,,--integer-- year in which to force retirements of certain techs by state,
fuel2tech.csv,inputs/sets/fuel2tech.csv,1,ignore,ignore,,,,,0,,,set,fuel2tech,mapping between fuel types and generations,
fuelbin.csv,inputs/sets/fuelbin.csv,1,ignore,ignore,,,,,,,,set,fuelbin,gas usage bracket,
futurefiles.csv,inputs/userinput/futurefiles.csv,1,ignore,ignore,,,,,0,,,,,,
gasreg_price_adj_regression_params.csv,inputs/fuelprices/gasreg_price_adj_regression_params.csv,int(sw.GSw_GasPriceAdjMethod) == 2,ignore,ignore,wide_gasreg,param,,1,0,,,,,,
gb.csv,inputs/sets/gb.csv,1,ignore,ignore,,,,,,,,set,gb,gas price bins; must have an odd number of bins; e.g. gb1*gb15,
gbin.csv,inputs/sets/gbin.csv,1,ignore,ignore,,,,,,,,set,gbin,growth bins,
gbin_min.csv,inputs/growth_constraints/gbin_min.csv,1,ignore,ignore,,,,,0,,,,,,
geo_discovery_factor.csv,inputs/geothermal/geo_discovery_factor_{geohydrosupplycurve}.csv,int(sw.GSw_Geothermal) != 0,mean,uniform,r,*i,*i,0,0,,,,,,
geo_discovery_rate.csv,inputs/geothermal/geo_discovery_{geodiscov}.csv,int(sw.GSw_Geothermal) != 0,ignore,ignore,,,,0,,,,,,,
geo_rsc.csv,inputs/geothermal/geo_rsc_ATB_2023.csv,int(sw.GSw_Geothermal) != 0,sc_cat,geosize,r,*i,,0,0,value,,,,,
growth_bin_size_mult.csv,inputs/growth_constraints/growth_bin_size_mult.csv,1,ignore,ignore,,,,,0,,,,,,
growth_limit_absolute.csv,inputs/growth_constraints/growth_limit_absolute.csv,1,ignore,ignore,,,,,0,,,,,,
growth_penalty.csv,inputs/growth_constraints/growth_penalty.csv,1,ignore,ignore,,,,,0,,,,,,
h2_ba_share.csv,inputs/consume/h2_demand_county_share.csv,int(sw.GSw_H2) != 0,sum,ignore,*r,t,,0,0,,,,,,
h2_leakage_rate.csv,inputs/emission_constraints/h2_leakage_rate.csv,1,ignore,ignore,,,,,0,,,,,,
h2_exogenous_demand.csv,inputs/consume/h2_exogenous_demand.csv,int(sw.GSw_H2) != 0,ignore,ignore,,p,,1,0,,,,,,
h2_st.csv,inputs/sets/h2_st.csv,1,ignore,ignore,,,,,,,,set,h2_st,investments needed to store and transport H2,
h2_stor.csv,inputs/sets/h2_stor.csv,1,ignore,ignore,,,,,0,,,set,h2_stor,H2 storage options,
h2_transport_and_storage_costs.csv,inputs/consume/h2_transport_and_storage_costs.csv,int(sw.GSw_H2) != 0,ignore,ignore,,,,,,,,,,,
heat_rate_adj.csv,inputs/plant_characteristics/heat_rate_adj.csv,1,ignore,ignore,,,,,0,,,,,,
heat_rate_mult.csv,inputs/waterclimate/heat_rate_mult.csv,int(sw.GSw_WaterMain) != 0,ignore,ignore,,,,,0,,,parameter,ctt_hr_mult,heatrate multipliers to differentiate cooling technology types,
heat_rate_penalty_spin.csv,inputs/plant_characteristics/heat_rate_penalty_spin.csv,1,ignore,ignore,,,,,0,,,,,,
hintage_char.csv,inputs/sets/hintage_char.csv,1,ignore,ignore,,,,,,,,set,hintage_char,characteristics available in hintage_data,
hyd_add_upg_cap.csv,inputs/supply_curve/hyd_add_upg_cap.csv,int(sw.GSw_HydroCapEnerUpgradeType) == 2,sum,hydroexist,r,"i,rscbin,wide",,1,0,,,,,,
hydadjann.csv,inputs/climate/{climatescen}/hydadjann.csv,int(sw.GSw_ClimateHydro) != 0,mean,uniform,r,t,,0,0,,,,,,
hydadjsea.csv,inputs/climate/{climatescen}/hydadjsea.csv,int(sw.GSw_ClimateHydro) != 0,mean,uniform,r,"month,t",,0,0,,,,,,
hyd_fom.csv,inputs/hydro/hyd_fom.csv,1,mean,uniform,wide,i,,1,0,,,,,,
hydcap.csv,inputs/supply_curve/hydcap.csv,1,sum,geosize,wide,"tech,class",,1,0,,,,,,
hydcapadj.csv,inputs/hydro/SeaCapAdj_hy.csv,1,mean,uniform,r,"*i,month",,0,0,,,,,,
hydcf_fixed.csv,inputs/hydro/hydcf_fixed.csv,1,mean,uniform,r,"*i,month",,0,0,,,,,,
hydcost.csv,inputs/supply_curve/hydcost.csv,1,mean,uniform,wide,"tech,class",,1,0,,,,,,
hydro_mingen.csv,inputs/hydro/hydro_mingen.csv,1,mean,uniform,r,"*i,quarter",,0,0,,,,,,might be better to do something capacity-weighted
hydrofrac_policy.csv,inputs/state_policies/hydrofrac_policy.csv,int(sw.GSw_StateRPS) != 0,ignore,ignore,st,"RPS_All,CES",,,0,,,,,,
hydrogen_price.csv,inputs/fuelprices/h2-combustion_{h2combustionfuelscen}.csv,int(sw.GSw_H2Combustion) != 0,ignore,ignore,,,,0,0,,,,,,
i_coolingtech_watersource.csv,inputs/waterclimate/i_coolingtech_watersource.csv,int(sw.GSw_WaterMain) != 0,ignore,ignore,,,,,0,,,,,,
i_coolingtech_watersource_link.csv,inputs/waterclimate/i_coolingtech_watersource_link.csv,int(sw.GSw_WaterMain) != 0,ignore,ignore,,,,,0,,,,,,
i_coolingtech_watersource_upgrades.csv,inputs/upgrades/i_coolingtech_watersource_upgrades.csv,1,ignore,ignore,,,,,0,,,,,,
i_coolingtech_watersource_upgrades_link.csv,inputs/upgrades/i_coolingtech_watersource_upgrades_link.csv,1,ignore,ignore,,,,,0,,,,,,
i_geotech.csv,inputs/sets/i_geotech.csv,1,ignore,ignore,,,,,0,,,set,i_geotech,crosswalk between an individual geothermal technology and its category,
i_p.csv,inputs/sets/i_p.csv,1,ignore,ignore,,,,,0,,,set,i_p,mapping from technologies to the products they produce,
i_water_nocooling.csv,inputs/sets/i_water_nocooling.csv,1,ignore,ignore,,,,,0,,,set,i_water_nocooling,technologies that use water but are not differentiated by cooling tech and water source,
inflation.csv,inputs/financials/inflation_{inflation_suffix}.csv,1,ignore,ignore,,,,0,0,,,,,,
interconnection_queues.csv,inputs/capacity_exogenous/interconnection_queues.csv,1,ignore,ignore,r,"tg,r",,1,0,,,,,,
jtype.csv,inputs/sets/jtype.csv,1,ignore,ignore,,,,,,,,set,jtype,job types used in model (construction and om),
lcclike.csv,inputs/sets/lcclike.csv,1,ignore,ignore,,,,,0,,,set,lcclike,transmission capacity types where lines are bundled with AC/DC converters,
load_multiplier.csv,inputs/load/demand_{demandscen}.csv,1,ignore,ignore,,,,,0,,,,,,
loadsite_annual.csv,inputs/load/loadsite_{GSw_LoadSiteTrajectory}.csv,float(sw.GSw_LoadSiteCF) > 0,ignore,ignore,*loadsitereg,t,,,0,,,,,,
maxage.csv,inputs/plant_characteristics/maxage.csv,1,ignore,ignore,,,,,0,,,,,,
maxdailycf.csv,inputs/plant_characteristics/maxdailycf.csv,int(sw.GSw_MaxDailyCF) != 0,ignore,ignore,,,,,0,,,parameter,maxdailycf_input,--fraction-- maximum daily capacity factor for a technology,
mcs_distributions.yaml,inputs/userinput/mcs_distributions_{MCS_dist}.yaml,int(sw.MCS_runs) != 0,ignore,ignore,,,,,,,,,,,
mex_growth_rate.csv,inputs/load/mex_growth_rate.csv,1,ignore,ignore,,,,0,,,,parameter,,growth rate for mexican demand - national,
minCF.csv,inputs/plant_characteristics/minCF.csv,int(sw.GSw_MinCF) != 0,ignore,ignore,,,,,0,,,parameter,minCF_input,"--fraction-- minimum annual capacity factor for each tech fleet, applied to (i,r)",6% for H2-CT and H2-CC is based on unpublished PLEXOS runs of 100% RE scenarios performed in summer 2019
min_retire_age.csv,inputs/plant_characteristics/min_retire_age.csv,1,ignore,ignore,,,,,0,,,parameter,,minimum retirement age by technology,
mingen_fixed.csv,inputs/plant_characteristics/mingen_fixed.csv,int(sw.GSw_MingenFixed) != 0,ignore,ignore,,,*i,,0,,,,,,
minloadfrac0.csv,inputs/plant_characteristics/minloadfrac0.csv,(int(sw.GSw_Mingen) != 0) or (int(sw.GSw_MinLoading) != 0),ignore,ignore,,,,,0,,,,,,
month2quarter.csv,inputs/temporal/month2quarter.csv,1,ignore,ignore,,,,,0,,,,,,
mttr.csv,inputs/plant_characteristics/mttr.csv,1,ignore,ignore,,,tech,,0,,,,,,
natgas_price_cendiv.csv,inputs/fuelprices/ng_{ngscen}.csv,1,ignore,ignore,wide_cendiv,year,,1,0,,,,,,
national_rps_frac_allScen.csv,inputs/national_generation/national_rps_frac_allScen.csv,int(sw.GSw_StateRPS) != 0,ignore,ignore,,,,1,0,,,,,,
net_gen_existing_hydro.csv,inputs/hydro/net_gen_existing_hydro.csv,1,ignore,ignore,,"t,month",,0,0,,,,,,
peak_net_imports.csv,inputs/reserves/peak_net_imports.csv,1,ignore,ignore,transreg,t,,0,0,,,,,,
ng_crf_penalty_st.csv,inputs/state_policies/ng_crf_penalty_st.csv,1,ignore,ignore,st,*t,,0,0,,,,,,
ng_demand_elec.csv,inputs/fuelprices/ng_demand_{ngscen}.csv,1,ignore,ignore,wide_cendiv,year,,1,0,,,,,,
ng_demand_tot.csv,inputs/fuelprices/ng_tot_demand_{ngscen}.csv,1,ignore,ignore,wide_cendiv,year,,1,0,,,,,,
noretire.csv,inputs/sets/noretire.csv,1,ignore,ignore,,,,,0,,,set,noretire,technologies that will never be retired,
notvsc.csv,inputs/sets/notvsc.csv,1,ignore,ignore,,,,,0,,,set,notvsc,transmission capacity types that are not VSC,
nuclear_energy_communities.csv,inputs/financials/nuclear_energy_communities.csv,1,ignore,ignore,,,,,0,,,,,,region aggregation and filtering is handled in copy_files
nuclear_subsidies.csv,inputs/state_policies/nuclear_subsidies.csv,1,ignore,ignore,st,year,,0,0,,,parameter,,--year-- the year a nuclear subsidy ends in a given state,
objective_function_params.yaml,tests/objective_function_params.yaml,1,ignore,ignore,,,,,,,,,,,
offshore_req.csv,inputs/state_policies/offshore_req_{GSw_OfsWindForceScen}.csv,(int(sw.GSw_StateRPS) != 0) and (int(sw.GSw_OfsWind) != 0),ignore,ignore,st,,,1,0,,,,,,
ofstype.csv,inputs/sets/ofstype.csv,1,ignore,ignore,,,,,,,,set,ofstype,offshore types used in offshore requirement constraint (eq_RPS_OFSWind),
ofstype_i.csv,inputs/sets/ofstype_i.csv,1,ignore,ignore,,,,,0,,,set,ofstype_i,crosswalk between ofstype and i,
oosfrac.csv,inputs/state_policies/oosfrac.csv,int(sw.GSw_StateRPS) != 0,ignore,ignore,*st,,,,0,,,,,,
opres_periods.csv,inputs/reserves/opres_periods.csv,int(sw.GSw_OpRes) != 0,ignore,ignore,,,,,0,,,,,,
orcat.csv,inputs/sets/orcat.csv,1,ignore,ignore,,,,,,,,set,orcat,operating reserve category for RHS calculations,
orperc.csv,inputs/reserves/orperc.csv,int(sw.GSw_OpRes) != 0,ignore,ignore,,,,,0,,,,,,
ortype.csv,inputs/sets/ortype.csv,1,ignore,ignore,,,,,,,,set,ortype,types of operating reserve constraints,
outage_forced_static.csv,inputs/plant_characteristics/outage_forced_static.csv,1,ignore,ignore,,,,,none,,,,,,
outage_forced_temperature.csv,inputs/plant_characteristics/outage_forced_temperature_{GSw_OutageScen}.csv,sw.GSw_OutageScen != 'static',ignore,ignore,,,,,0,,,,,,
outage_scheduled_static.csv,inputs/plant_characteristics/outage_scheduled_static.csv,1,ignore,ignore,,,,,0,,,,,,
outage_scheduled_monthly.csv,inputs/plant_characteristics/outage_scheduled_monthly.csv,1,ignore,ignore,,,,,0,,,,,,
p.csv,inputs/sets/p.csv,1,ignore,ignore,,,,,,,,set,p,products produced,
period_szn_user.csv,inputs/temporal/period_szn_{GSw_HourlyClusterAlgorithm}.csv,sw.GSw_HourlyClusterAlgorithm == 'user*',ignore,ignore,,,,,,,,,,,
plantcat.csv,inputs/sets/plantcat.csv,1,ignore,ignore,,,,,,,,set,plantcat,categories for plant characteristics,
plantchar_beccs.csv,inputs/plant_characteristics/{plantchar_beccs}.csv,int(sw.GSw_BECCS) != 0,ignore,ignore,,,,,0,,,,,,used to define plantcharout.csv
plantchar_biopower.csv,inputs/plant_characteristics/{plantchar_biopower}.csv,1,ignore,ignore,,,,,0,,,,,,used to define plantcharout.csv
plantchar_ccsflex_cost.csv,inputs/plant_characteristics/{ccsflexscen}_cost.csv,(int(sw.GSw_CCSFLEX_BYP) != 0) or (int(sw.GSw_CCSFLEX_DAC) != 0) or (int(sw.GSw_CCSFLEX_STO) != 0),ignore,ignore,,,,,0,,,,,,used to define plantcharout.csv
plantchar_ccsflex_perf.csv,inputs/plant_characteristics/{ccsflexscen}_perf.csv,(int(sw.GSw_CCSFLEX_BYP) != 0) or (int(sw.GSw_CCSFLEX_DAC) != 0) or (int(sw.GSw_CCSFLEX_STO) != 0),ignore,ignore,,,,,0,,,,,,used to define plantcharout.csv
plantchar_coal_ccs.csv,inputs/plant_characteristics/{plantchar_coal_ccs}.csv,1,ignore,ignore,,,,,0,,,,,,used to define plantcharout.csv
plantchar_coal.csv,inputs/plant_characteristics/{plantchar_coal}.csv,1,ignore,ignore,,,,,0,,,,,,used to define plantcharout.csv
plantchar_battery.csv,inputs/plant_characteristics/{plantchar_battery}.csv,int(sw.GSw_Storage) != 0,ignore,ignore,,,,,0,,,,,,used to define plantcharout.csv
plantchar_csp.csv,inputs/plant_characteristics/{plantchar_csp}.csv,1,ignore,ignore,,,,,0,,,,,,used to define plantcharout.csv
plantchar_dr_shed.csv,inputs/plant_characteristics/dr_shed_capcost_scalars_{dr_shedscen}.csv,int(sw.GSw_DRShed) != 0,ignore,ignore,r,"tech,wide",,1,0,,,,,,used to define plantcharout.csv
plantchar_dr_shed_vom.csv,inputs/plant_characteristics/dr_shed_vom_{dr_shedscen}.csv,int(sw.GSw_DRShed) != 0,ignore,ignore,r,"tech,wide",,1,0,,,,,,used to define plantcharout.csv
plantchar_dr_shed_fom.csv,inputs/plant_characteristics/dr_shed_fom_{dr_shedscen}.csv,int(sw.GSw_DRShed) != 0,ignore,ignore,r,"tech,wide",,1,0,,,,,,used to define plantcharout.csv
plantchar_evmc_shape.csv,inputs/plant_characteristics/evmc_shape_{evmcscen}.csv,1,ignore,ignore,,,,,0,,,,,,used to define plantcharout.csv
plantchar_evmc_storage.csv,inputs/plant_characteristics/evmc_storage_{evmcscen}.csv,1,ignore,ignore,,,,,0,,,,,,used to define plantcharout.csv
plantchar_fuelcell.csv,inputs/plant_characteristics/{plantchar_fuelcell}.csv,1,ignore,ignore,,,,,0,,,,,,used to define plantcharout.csv
plantchar_h2fuelcell.csv,inputs/plant_characteristics/{plantchar_h2fuelcell}.csv,1,ignore,ignore,,,,,0,,,,,,used to define plantcharout.csv
plantchar_gas_ccs.csv,inputs/plant_characteristics/{plantchar_gas_ccs}.csv,1,ignore,ignore,,,,,0,,,,,,used to define plantcharout.csv
plantchar_gas.csv,inputs/plant_characteristics/{plantchar_gas}.csv,1,ignore,ignore,,,,,0,,,,,,used to define plantcharout.csv
plantchar_geo.csv,inputs/plant_characteristics/{plantchar_geo}.csv,int(sw.GSw_Geothermal) != 0,ignore,ignore,,,,,0,,,,,,used to define plantcharout.csv
plantchar_h2combustion.csv,inputs/plant_characteristics/{plantchar_h2combustion}.csv,int(sw.GSw_H2Combustion) != 0,ignore,ignore,,,,,0,,,,,,used to define plantcharout.csv
plantchar_hydro.csv,inputs/plant_characteristics/{plantchar_hydro}.csv,1,ignore,ignore,,,,,0,,,,,,used to define plantcharout.csv
plantchar_nuclear_smr.csv,inputs/plant_characteristics/{plantchar_nuclear_smr}.csv,1,ignore,ignore,,,,,0,,,,,,used to define plantcharout.csv
plantchar_nuclear.csv,inputs/plant_characteristics/{plantchar_nuclear}.csv,1,ignore,ignore,,,,,0,,,,,,used to define plantcharout.csv
plantchar_ofswind.csv,inputs/plant_characteristics/{plantchar_ofswind}.csv,int(sw.GSw_OfsWind) != 0,ignore,ignore,,,,,0,,,,,,used to define plantcharout.csv
plantchar_onswind.csv,inputs/plant_characteristics/{plantchar_onswind}.csv,1,ignore,ignore,,,,,0,,,,,,used to define plantcharout.csv
plantchar_other.csv,inputs/plant_characteristics/{plantchar_other}.csv,1,ignore,ignore,,,,,0,,,,,,used to define plantcharout.csv
plantchar_pvb.csv,inputs/plant_characteristics/pvb_{pvbscen}.csv,int(sw.GSw_PVB) != 0,ignore,ignore,,,,,0,,,,,,used to define plantcharout.csv
plantchar_upgrades.csv,inputs/upgrades/{upgradescen}.csv,sw.upgradescen != 'default',ignore,ignore,,,,,0,,,,,,used to define plantcharout.csv
plantchar_upv.csv,inputs/plant_characteristics/{plantchar_upv}.csv,1,ignore,ignore,,,,,0,,,,,,used to define plantcharout.csv
prepost.csv,inputs/sets/prepost.csv,1,ignore,ignore,,,,,,,,set,prepost,defines pre-2010 versus post-2010 years,
psh_supply_curves_duration.csv,inputs/storage/PSH_supply_curves_durations.csv,int(sw.GSw_Storage) != 0,ignore,ignore,,,,,0,,1,,,,
psh_supply_curves_capacity.csv,inputs/supply_curve/PSH_supply_curves_capacity_{pshsupplycurve}.csv,int(sw.GSw_Storage) != 0,sum,geosize,r,wide,,1,0,,,,,,
psh_supply_curves_cost.csv,inputs/supply_curve/PSH_supply_curves_cost_{pshsupplycurve}.csv,int(sw.GSw_Storage) != 0,mean,uniform,r,wide,,1,0,,,,,,
pvb_agg.csv,inputs/sets/pvb_agg.csv,1,ignore,ignore,,,,,0,,,set,pvb_agg,crosswalk between hybrid pv+battery configurations and technology options,
pvb_config.csv,inputs/sets/pvb_config.csv,1,ignore,ignore,,,,,,,,set,pvb_config,set of hybrid pv+battery configurations,
ramprate.csv,inputs/plant_characteristics/ramprate.csv,int(sw.GSw_OpRes) != 0,ignore,ignore,,,,,0,,,,,,
ramptime.csv,inputs/reserves/ramptime.csv,int(sw.GSw_OpRes) != 0,ignore,ignore,,,,,0,,,,,,
recstyle.csv,inputs/state_policies/recstyle.csv,int(sw.GSw_StateRPS) != 0,ignore,ignore,*st,"RPSCat,style",,,0,,,,,,
rectable.csv,inputs/state_policies/rectable.csv,int(sw.GSw_StateRPS) != 0,ignore,ignore,st_st,st,,,0,,,,,,
resourceclass.csv,inputs/sets/resourceclass.csv,1,ignore,ignore,,,,,,,,set,resourceclass,renewable resource classes,
retire_penalty.csv,inputs/financials/retire_penalty.csv,1,ignore,ignore,,,,,0,,,parameter,,--fraction-- penalty for retiring a power plant expressed as a fraction of FOM,
rev_paths.csv,inputs/supply_curve/rev_paths.csv,1,ignore,ignore,,,,,0,,,,,,
rggi_states.csv,inputs/emission_constraints/rggi_states.csv,int(sw.GSw_RGGI) != 0,ignore,ignore,*st,,,,0,,,,,,
rggicon.csv,inputs/emission_constraints/rggicon.csv,int(sw.GSw_RGGI) != 0,ignore,ignore,,,,0,,,,,,,
rps_fraction.csv,inputs/state_policies/rps_fraction.csv,int(sw.GSw_StateRPS) != 0,ignore,ignore,st,st,,1,0,,,,,,
sc_cat.csv,inputs/sets/sc_cat.csv,1,ignore,ignore,,,,,0,,,set,sc_cat,supply curve categories (capacity and cost),
scalars.csv,inputs/scalars.csv,1,ignore,ignore,,,,,0,,1,,,,
startcost.csv,inputs/plant_characteristics/startcost.csv,int(sw.GSw_StartCost) != 0,ignore,ignore,,,*i,,0,,,,,,
state_cap.csv,inputs/emission_constraints/state_cap.csv,int(sw.GSw_StateCap) != 0,ignore,ignore,*st,t,,0,0,,,,,,
storage_duration.csv,inputs/storage/storage_duration.csv,int(sw.GSw_Storage) != 0,ignore,ignore,,,,,0,,,parameter,,--hours-- storage duration by tech,
storage_mandates.csv,inputs/state_policies/storage_mandates.csv,int(sw.GSw_BatteryMandate) != 0,ignore,ignore,*st,t,,0,0,,,,,,
stressperiods_user.csv,inputs/temporal/stressperiods_{GSw_PRM_StressModel}.csv,sw.GSw_PRM_StressModel == 'user*',ignore,ignore,,,,,,,,,,,
supply_chain_adjust.csv,inputs/financials/supply_chain_adjust.csv,1,ignore,ignore,,,,,0,,,,,,
supplycurve_egs.csv,inputs/supply_curve/supplycurve_egs-reference.csv,int(sw.GSw_Geothermal) != 0,ignore,ignore,region,,,,0,,,,,,No fix_col (only region_col) because this is an intermediate input file
supplycurve_upv.csv,inputs/supply_curve/supplycurve_upv-{GSw_SitingUPV}.csv,1,ignore,ignore,region,,,,0,,,,,,No fix_col (only region_col) because this is an intermediate input file
supplycurve_wind-ofs.csv,inputs/supply_curve/supplycurve_wind-ofs-{GSw_SitingWindOfs}.csv,int(sw.GSw_OfsWind) != 0,ignore,ignore,region,,,,0,,,,,,No fix_col (only region_col) because this is an intermediate input file
supplycurve_wind-ons.csv,inputs/supply_curve/supplycurve_wind-ons-{GSw_SitingWindOns}.csv,1,ignore,ignore,region,,,,0,,,,,,No fix_col (only region_col) because this is an intermediate input file
wst_surface.csv,inputs/sets/wst_surface.csv,1,ignore,ignore,,,,,0,,,set,wst_surface,surface water types where access is based on consumption not withdrawal,
tc_phaseout_schedule.csv,inputs/financials/tc_phaseout_schedule_{GSw_TCPhaseout_schedule}.csv,int(sw.GSw_TCPhaseout) != 0,ignore,ignore,,,,,0,,,,,,
tech-subset-table.csv,inputs/tech-subset-table.csv,1,ignore,ignore,,,,,0,,,,,,
tech_resourceclass.csv,inputs/techs/tech_resourceclass.csv,1,ignore,ignore,,,,,0,,,set,,map from CSP/DUPV techs to resource classes,
techs.csv,inputs/techs/techs_{techs_suffix}.csv,1,ignore,ignore,,,,,0,,,,,,
techs_banned.csv,inputs/state_policies/techs_banned.yaml,1,ignore,ignore,wide,i,,,0,,,,,,
techs_banned_ces.csv,inputs/state_policies/techs_banned_ces.csv,int(sw.GSw_StateRPS) != 0,ignore,ignore,wide_st,i,,,0,,,,,,
techs_banned_imports_rps.csv,inputs/state_policies/techs_banned_imports_rps.csv,int(sw.GSw_StateRPS) != 0,ignore,ignore,wide_st,i,,,0,,,,,,
techs_banned_rps.csv,inputs/state_policies/techs_banned_rps.csv,int(sw.GSw_StateRPS) != 0,ignore,ignore,wide_st,i,,,0,,,,,,
tg_rsc_cspagg.csv,inputs/sets/tg_rsc_cspagg.csv,1,ignore,ignore,,,,,0,,,set,tg_rsc_cspagg,csp technologies that belong to the same class,
tg_rsc_cspagg_tmp.csv,inputs/waterclimate/tg_rsc_cspagg_tmp.csv,(int(sw.GSw_CSP) != 0) and (int(sw.GSw_WaterMain) != 0),ignore,ignore,,,,,0,,,,,,
tg_rsc_upvagg.csv,inputs/sets/tg_rsc_upvagg.csv,1,ignore,ignore,,,,,0,,,set,tg_rsc_upvagg,pv and pvb technologies that belong to the same class,
trancap_fut_cat.csv,inputs/sets/trancap_fut_cat.csv,1,ignore,ignore,,,,,,,,set,trancap_fut_cat,categories of near-term transmission projects that describe the likelihood of being completed,
trtype.csv,inputs/sets/trtype.csv,1,ignore,ignore,,,,,,,,set,trtype,transmission capacity type,
unapp_water_sea_distr.csv,inputs/waterclimate/unapp_water_sea_distr.csv,int(sw.GSw_WaterMain) != 0,mean,uniform,r,"wst,wide",,1,0,,,,,,
UnappWaterMult.csv,inputs/climate/{climatescen}/UnappWaterMult.csv,int(sw.GSw_ClimateWater) != 0,mean,uniform,r,"wst,month,t",,0,0,,,,,,
UnappWaterMultAnn.csv,inputs/climate/{climatescen}/UnappWaterMultAnn.csv,int(sw.GSw_ClimateWater) != 0,mean,uniform,r,"wst,t",,0,0,,,,,,
UnappWaterSeaAnnDistr.csv,inputs/climate/{climatescen}/UnappWaterSeaAnnDistr.csv,int(sw.GSw_ClimateWater) != 0,mean,uniform,r,"wst,month,t",,0,0,,,,,,
unbundled_limit_ces.csv,inputs/state_policies/unbundled_limit_ces.csv,int(sw.GSw_StateRPS) != 0,ignore,ignore,st,,,,0,,,,,,
unbundled_limit_rps.csv,inputs/state_policies/unbundled_limit_rps.csv,int(sw.GSw_StateRPS) != 0,ignore,ignore,st,,,,0,,,,,,
unitdata_orig.csv,inputs/capacity_exogenous/ReEDS_generator_database_final_{unitdata}.csv,1,ignore,ignore,FIPS,,,,0,,,,,,
unitspec_upgrades.csv,inputs/sets/unitspec_upgrades.csv,1,ignore,ignore,,,,,0,,,set,unitspec_upgrades,upgraded technologies that get unit-specific characteristics,
upgrade_hintage_char.csv,inputs/sets/upgrade_hintage_char.csv,1,ignore,ignore,,,,,0,,,set,upgrade_hintage_char,sets to operate over in extension of hintage_data characteristics when sw_upgrades = 1,
upgrade_link.csv,inputs/upgrades/upgrade_link.csv,1,ignore,ignore,,,,,0,,,,,,
upgrade_mult_advanced.csv,inputs/upgrades/upgrade_mult_atb23_ccs_mid.csv,int(sw.GSw_UpgradeCost_Mult) != 0,ignore,ignore,,,,,0,,,,,,
upgrade_mult_conservative.csv,inputs/upgrades/upgrade_mult_atb23_ccs_con.csv,int(sw.GSw_UpgradeCost_Mult) == 2,ignore,ignore,,,,,0,,,,,,
upgrade_mult_mid.csv,inputs/upgrades/upgrade_mult_atb23_ccs_mid.csv,"int(sw.GSw_UpgradeCost_Mult) in [0, 4]",ignore,ignore,,,,,0,,,,,,
upgradelink_water.csv,inputs/upgrades/upgradelink_water.csv,1,ignore,ignore,,,,,0,,,,,,
uranium_price.csv,inputs/fuelprices/uranium_{uraniumscen}.csv,1,ignore,ignore,,,,0,0,,,,,,
var_map.csv,inputs/valuestreams/var_map.csv,1,ignore,ignore,,,,,0,,,,,,
wat_access_cap_cost.csv,inputs/waterclimate/wat_access_cap_cost.csv,int(sw.GSw_WaterMain) != 0,sc_cat,geosize,r,*wst,,0,0,value,,,,,
water_req_psh_10h_1_51.csv,inputs/waterclimate/water_req_psh_10h_1_51.csv,(int(sw.GSw_PSHwatercon) != 0) and (int(sw.GSw_WaterMain) != 0),sum,geosize,r,wide,,1,0,,,,,,not yet ready for county-level disaggregation
water_with_cons_rate.csv,inputs/waterclimate/water_with_cons_rate.csv,int(sw.GSw_WaterMain) != 0,ignore,ignore,,,,,0,,,parameter,,--gal/MWh-- technology specific-cooling tech based water withdrawal and consumption data,
windows.csv,inputs/userinput/windows_{windows_suffix}.csv,1,ignore,ignore,,,,,0,,,,,,
wst_climate.csv,inputs/sets/wst_climate.csv,1,ignore,ignore,,,,,0,,,set,wst_climate,,
yearafter.csv,inputs/sets/yearafter.csv,1,ignore,ignore,,,,,,,,set,yearafter,set to loop over for the final year calculation,
Project.toml,Project.toml,1,ignore,ignore,,,,,,,,,,,
gamslice.txt,gamslice.txt,0,ignore,ignore,,,,,,,,,,,
runreeds.py,runreeds.py,1,ignore,ignore,,,,,,,,,,,
