start,end,polarity,voltage,cost_MUSD,length_miles
990d46ecd9a3285044e356c0de580a2b,734ff357df3748ac9b6d57a50e4a7a4d,ac,138,75.23,41.9
7c6976217d9cb503aeed5e8c737cd066,982eb70bf8926c22597436392ebf6e11,ac,138,81.13,43.39
6dc375089b790ef9139838cfe94fe603,76a70544c7953a163167e2fce5c48770,ac,138,141.79,67.75
d118d975f3cdf403187a078f3a06f866,6ce64974339716970bc8d1b81e97c6ea,ac,138,52.43,30.04
18a7f966b0a5c8bc7da57ca7a7521c4f,0caaa766dc911a0ba41070269c4a9758,ac,138,37.94,20.38
e463f97ca6bc46b1ba706474e108c7e1,abcd57b3f26fd98d60f6c1f85d1e48de,ac,138,62.37,35.7
2ea3ff45d620f62b6669490c57394f3c,c334d1fb8d3157de3a0ebf8683060878,ac,138,45.55,25.58
bc7386076e4bf0bd4c58874726403e1e,b7644abae9d51f072401f013b5d42d53,ac,138,55.69,31.42
23b766e49fad4b4f985175948e10e201,6060d12ec4413d29a17e7584783c23be,ac,138,48.76,27.7
69930733ad15478fdd5332faf5a3a662,542db1350b540ed5fe414afa93fe45fb,ac,138,114.39,63.46
83f075354ac93f60d1c1ac9a15399196,0bfda19bd8d869e39d1996f29b9c6133,ac,138,71.89,38.26
2a519dc383bbb4f07ad74720bb1a5fbf,bec86aeee7d10a957750af645055a115,ac,138,55.28,29.91
10620b7827f8e24f764b930240fa5c96,b4bee9fe0aef927e2a9e2b7072832d6e,ac,138,107.23,62.32
31163fedec9349e8f7d35a84c05cb94a,937f578a9e42b1c322cf1e27d4009180,ac,138,160.59,90.77
937f578a9e42b1c322cf1e27d4009180,e31003304da364867f1dce3be564fb7a,ac,138,250.25,142.59
5c72c99424191cfd8ec2227b923c03d9,25ba6ebb3e470993540ebc62e98a51e2,ac,138,150.5,87.72
e31003304da364867f1dce3be564fb7a,3e95b38ce315f12892dee0121e6fad4a,ac,138,68.12,39.18
71c53d2fa50393f9549979e3488cab04,7638ca8ac63c145195788f998393b1fa,ac,138,98.45,56.79
c9017f70c00a8572737c9f1cdda325e1,303807c0c0db7db426d7b6d2081a276f,ac,138,51.94,24.77
8067be2623f432f245c659f9d0c85325,9b80db5649edf85db26dde3ba3e287f5,ac,138,74.12,43.28
4a15b66881d8ee302b6e324e1080f523,b8bdaee506282b82d47d2777faa9d241,ac,138,65.37,35.72
e5e63e1b118dabdbd6b5d2e7cf43b72c,72cfa54adabf75a36f18185567aa8ea1,ac,138,56.35,31.58
fc1fa4ef820a640d5147f6257ca7e827,b900a5f2bb1f01b0351c8c30e49a2b86,ac,138,91.02,47.68
6ec00eeb639d309bafaeb0a3ea24fb3c,ad40dc3cb1f8f6b6cf70fcdfd6c44a9c,ac,138,235.28,82.22
87fd9dd52429b487a575115761e900a6,22f5adca2c7b559c1042e92e17c2a4c5,ac,138,3.58,1.86
e4ae5a0d155ae14613e6cd907bf7040a,4b50e99828c33d971ba5d9dc661037be,ac,138,12.31,5.9
93e2754d2bc2aaff3c23cc2ff61ec7d4,17d2b6584074c2bcec3cbf8a3c389af2,ac,138,56.22,9.57
efb25ae0c00a940792bb7463060f4dd7,d7889061f59983e459e4a05ce8368c54,ac,138,35.22,16.45
0656ff8a1ce8d6082a220f2b506534a4,e7b1463dee0a00fd3f83b91b4d548ff6,ac,138,39.81,19.4
f60c1886f4c0b55caab4f18ae7c4bbcf,c188b8121816c9f91b3f2e4bc31b4d2d,ac,138,17.2,8.02
dcb57819746b6e6c79cb5f8c208173d9,c94b9c32bee1951814f79c9646777742,ac,345,395.44,127.11
c73edcecd97f8e999b5cd937d5e6827e,91dc09d6e1de84f060b7b565135e2365,ac,345,131.72,42.34
1d93b3d03e07f30415bb68699463271f,91dc09d6e1de84f060b7b565135e2365,ac,345,99.21,31.89
73b0224bc6bcf2334b92e18bf15ef7e9,bd5bbd79ead46e4172253e0d862b5246,ac,345,105.65,33.96
e681a63d00ac08fd2f08d0f1ebd10a43,28cb23ccdd6ffd135d545e6eb7f25c02,ac,230,11.21,5.59
6fc6754722b8e76ed6808d9ee828e7e6,bdc9947f6117bfc90b3645da283daea7,ac,345,143.39,46.09
1f12a716b17bee8c7de14c39f20520f0,c94b9c32bee1951814f79c9646777742,ac,345,227.01,72.97
c94b9c32bee1951814f79c9646777742,6181d7a40d05ec551c178d3c720b3cde,ac,345,417.96,134.35
6fc6754722b8e76ed6808d9ee828e7e6,d12fec62f69e678f635825963e988562,ac,345,100.86,32.42
e4c8c477d15f72bef65651ddb22c5891,73b0224bc6bcf2334b92e18bf15ef7e9,ac,345,207.94,66.84
e785289359e17762a5385b7f44da20ce,eda65102a785a9ea6a6552c3f808a32d,ac,230,99.31,49.53
02371315f7f2394e1e6593c1c3389c29,bc31d17d2185b7d5d25d356075c8aac6,ac,138,140.79,75.58
4fe1fd16a478f41f471f0b392701b716,bc31d17d2185b7d5d25d356075c8aac6,ac,230,147.73,73.68
ef591ef20bf1f1923947002769dd0fa0,0ded6348389f35483e961d04d7babcc8,ac,230,52.03,25.95
4385a0335a5daa56f694a86f9e3e599e,0ded6348389f35483e961d04d7babcc8,ac,230,61.05,30.45
020995e82b0c56ec52f28dd7de3bb145,a3577dabfbc7a0e6685b1a3b68a0ac84,ac,345,68.47,22.01
91dc09d6e1de84f060b7b565135e2365,1c38fdd837bd814787fd6ea06ec72dc3,ac,345,510.05,163.95
bfd685335fc8efd8ca3201f28dabe7a7,8d6b31ed2ba3ecd5a1c7a80773f01ec2,ac,345,76.0,24.43
86cd44d9fbd46fa7d4e40bc4dd5974a2,91dc09d6e1de84f060b7b565135e2365,ac,345,191.11,61.43
56c507670a47dd95c4a9b1a972b7f33d,519edc8db508d1c088f793f2c3647e6f,ac,345,199.51,64.13
bfd685335fc8efd8ca3201f28dabe7a7,b58face67d2ad0f6ae0de365c1fcd418,ac,345,79.58,25.58
482bd57ea95bb42cc15c82d63af42ea9,bfd685335fc8efd8ca3201f28dabe7a7,ac,345,297.29,95.56
6ec00eeb639d309bafaeb0a3ea24fb3c,07c24da9292451154d8d0d62c01efa38,ac,138,68.31,38.12
d61efad0e6a1f6ed7064890ae48f26d1,5a9c09d69b8f721da706fed68555ac5e,ac,230,110.3,55.01
59e303779456f354cb4c87447155d612,1c38fdd837bd814787fd6ea06ec72dc3,ac,230,54.76,27.31
1d4e3e81d1c05f78f91f7919bb25e146,5c68c574eb52dbbb337b4e46d2dbcfc8,ac,161,37.08,20.32
420cd0f0b63733bb95cdebf2027965eb,0522f0f077611617c09c361e91503db9,ac,230,58.51,29.18
7b492a45ac8f4d1eab35500e72e94812,4461853cc6a73bc75d45fe1ea6e8ee6c,ac,230,52.57,26.22
7b492a45ac8f4d1eab35500e72e94812,303807c0c0db7db426d7b6d2081a276f,ac,138,34.07,19.01
9d8f28a68408298dc2bc1e3b29b3f3ed,be1e96285160d90cdf41943acc1499b9,ac,230,219.91,109.68
4207dd934a10a875741e7c8936bc720f,a50a2f182d52fe132a296a3cedc58fd5,ac,230,51.69,25.78
59e303779456f354cb4c87447155d612,f9145ca6d153a22f2c344f15ce8034f6,ac,230,92.45,46.11
420cd0f0b63733bb95cdebf2027965eb,512ba6448f63790387e2ad3d3bc630d0,ac,230,113.24,56.48
9d8f28a68408298dc2bc1e3b29b3f3ed,5b78b713342c74fb79ae8e4a0b5b9724,ac,230,207.92,103.7
9b3f19c666b37dcb52bb3bfa51ae0c46,420cd0f0b63733bb95cdebf2027965eb,ac,230,150.94,75.28
1ad4dc0986f8e453fad705c87ed6dfda,eda65102a785a9ea6a6552c3f808a32d,ac,230,49.98,24.93
83173b74f3b940fbba30e85eea166a8f,8bc835f9bd44fd0070732798834220d2,ac,138,21.36,11.92
5dd808ef0d37652165522bd8b73b795e,0ded6348389f35483e961d04d7babcc8,ac,138,51.57,28.78
f33c692cfb7545f0588d168e6837e8b5,ff8d9fee05e6c18c987f61ccac7537f4,ac,230,55.98,27.92
63e5ab8795c192e94cdc7f421927d7b1,fed509800df41e8a2ec17e894a2626f0,ac,230,81.96,40.88
e0e98d22f87057af6cf8eaed65f1ea55,75198558c1ed763f12e6f946a46f8b2f,ac,138,77.88,43.46
92a763842faeaaa9e9fed136d596c597,f536c8bd94fdd9ce73262d2e842e4a41,ac,138,50.3,28.07
7856e1f16346c09190977fc5bf224ae5,ff8d9fee05e6c18c987f61ccac7537f4,ac,138,80.21,44.76
581a4c33889fc7aeca599e03628e37d3,3fd35dfcc8e0ce7cca31532a92d6701c,ac,138,43.67,24.37
3eb98498c491436f425cd830b3f447fa,7b492a45ac8f4d1eab35500e72e94812,ac,138,40.5,22.6
c8167cf7f61157655b7248284b413b6f,23ca67cfd093157f2b1b68bafb1f0a3e,ac,230,36.43,18.17
9b80db5649edf85db26dde3ba3e287f5,e0e98d22f87057af6cf8eaed65f1ea55,ac,138,79.22,44.21
af13c923019e858389573d23fd9aa54b,8bc835f9bd44fd0070732798834220d2,ac,138,32.69,18.24
cafda5b07243ef0ef4580c470d05995b,6ec00eeb639d309bafaeb0a3ea24fb3c,ac,138,55.32,30.87
e8a0ec28fc4273aa546f3abb6a3c24d9,1b7f4b2c845aac58d112f6e7ca78e8f7,ac,161,35.24,19.31
e8a0ec28fc4273aa546f3abb6a3c24d9,0bab9af56671570e6eb8536602601dc2,ac,161,41.9,22.96
b10eca9df573fa1e8e8323d50b6fc188,9d8f28a68408298dc2bc1e3b29b3f3ed,ac,138,78.02,43.54
09b24f6bc75811639ed94b8c719d7c7b,07d8be4e98fe2f96153d2e43b791d4ea,ac,230,140.97,70.31
4c2d760f60a6ea70b0a10ef9ff2351f5,8db1625bead0f643f7f7913edc2a8434,ac,138,44.6,24.89
22f5adca2c7b559c1042e92e17c2a4c5,863fdb719f9f659a50266e85255bae68,ac,138,53.62,29.92
8db1625bead0f643f7f7913edc2a8434,314e9197a43a6d40cef6f1629e2c3721,ac,138,64.67,36.09
8db1625bead0f643f7f7913edc2a8434,c04819b0706f1f3fe9352ea81623d826,ac,138,47.04,26.25
f536c8bd94fdd9ce73262d2e842e4a41,86386f474e7ff81bec537b5f92c4bc98,ac,138,49.44,27.59
2a5db3d6ce6a75fb53c80498ad253377,80a86f20a8ae1c080b2d5ae20608af13,ac,138,88.78,49.54
23ca67cfd093157f2b1b68bafb1f0a3e,020995e82b0c56ec52f28dd7de3bb145,ac,230,92.59,46.18
c8167cf7f61157655b7248284b413b6f,85c19375f0c12c6793bf66b4e2666dc4,ac,138,30.91,17.25
1ad4dc0986f8e453fad705c87ed6dfda,5c651f725ebbdc7ade68e7a6a0482cad,ac,230,79.04,39.42
1cbaa4e5609fb6517f54f0ab0c205ada,45b02e9da70144e563ddb3407d8718ae,ac,138,34.57,19.29
8381872fa17f9dcb5fdb58802461c46e,1cea227cb2ca29383f916aef863a2dd8,ac,138,37.97,21.19
0bec370d93e454d9a0cd7dee3e0ef456,f536c8bd94fdd9ce73262d2e842e4a41,ac,138,93.63,52.25
df0d340ef29911141baad7928c22fac0,b71ae9a72156d7961f68be39331f4f28,ac,138,51.54,28.76
4884a9a553568dcfc894cc2728b6b0dc,ff8d9fee05e6c18c987f61ccac7537f4,ac,138,46.05,25.7
6daff3d43615b65709577a08c6adab4e,451fbb024d0794ffcda2258170740a1e,ac,138,100.12,55.87
86386f474e7ff81bec537b5f92c4bc98,581a4c33889fc7aeca599e03628e37d3,ac,138,57.49,32.08
84094c9f8dc82c57cae08d3cd0acb96f,28eb72beb39c803322c843071024b921,ac,161,32.05,17.56
fed509800df41e8a2ec17e894a2626f0,06272ac116657d42f35bc81a1e28799a,ac,138,83.61,46.66
5c651f725ebbdc7ade68e7a6a0482cad,2dbe0192a67555d8bb72ec22c1fd677a,ac,138,95.42,53.25
1e5f03008ee35b23c08673dc64251233,581a4c33889fc7aeca599e03628e37d3,ac,138,56.2,31.36
ea7f2f9471927458f88b04f4b1832b2a,73103ddd969c87aee1a6cfe805b7dbd4,ac,138,70.91,39.57
330ed495de3b92a521c187d5477ae927,c9a6cd805da336d3dab2bf66c094135a,ac,138,25.57,14.27
98b8bfc1a714a2b84af2b8a57fd7dc2c,0ded6348389f35483e961d04d7babcc8,ac,138,60.46,33.74
c7d7a54da0f35a8abde8961b6897abe1,64608f951c2e26fcddeb4dca75459470,ac,138,132.86,74.14
b67f7a2545b1b6f1a4d044532d86029c,80a86f20a8ae1c080b2d5ae20608af13,ac,138,192.62,107.49
c334d1fb8d3157de3a0ebf8683060878,5a9655228d1553027a200fad19fae287,ac,161,32.69,17.91
c334d1fb8d3157de3a0ebf8683060878,84094c9f8dc82c57cae08d3cd0acb96f,ac,161,47.83,26.21
c334d1fb8d3157de3a0ebf8683060878,d23f1d1cd4efe77dac5482f856a9d12d,ac,161,63.13,34.59
c9017f70c00a8572737c9f1cdda325e1,5c68c574eb52dbbb337b4e46d2dbcfc8,ac,161,51.63,28.29
dfe9e18ded4239b8f21081ad7e88cfea,b900a5f2bb1f01b0351c8c30e49a2b86,ac,161,80.56,44.14
5097ae38663ea27586f6b57c1f1b9c8a,acffd8b337597f4e2afac7dc73107738,ac,138,25.03,13.97
1df146af0948a68b1342ce39907668fe,1cbaa4e5609fb6517f54f0ab0c205ada,ac,138,37.76,21.07
f633469121cb1895ba8023439e8197df,b5eded274dbfe983c9a4bb1f5ed640cc,ac,138,41.72,23.28
654e26e8456b5b4d94e4044a28018f43,a0fb781fa35dbce6299c291eb39e0022,ac,138,68.19,38.05
8138a8468133863b08806cde29342a09,681edca905f93d0d1ddd5f82b0385bae,ac,138,57.92,32.32
35109f5ad05b4af6bf2f9279ef9d145c,681edca905f93d0d1ddd5f82b0385bae,ac,138,48.01,26.79
4385a0335a5daa56f694a86f9e3e599e,cd24c3cabd88307c9c9299817143ba5d,ac,138,49.01,27.35
7e17d1a0db048c466ba0a15fffaaa247,0a16b09784bae8287858faf95511a66e,ac,138,63.9,35.66
acd8e077df586ebda1fd48dbdf72c552,a98a5bd776d042d78331ff291d61ffa1,ac,138,4.23,2.36
96bd45d5e935c252c3aa57552a94af25,a0fb781fa35dbce6299c291eb39e0022,ac,138,84.39,47.09
6ad12fa5cb42f30cf25eece923e5ac56,4f80dcbf24c10c3ce9f7a1516a62e587,ac,138,46.79,26.11
9c75bab0f5d964591655e73e7c22c540,bd1de862c509c34de95c9a2655e48586,ac,138,46.2,25.78
06df3703b8d7910418d900604aa1bf86,89efddd3e5b3984d72d0d03408d26650,ac,138,68.6,38.28
e4ae5a0d155ae14613e6cd907bf7040a,28cb23ccdd6ffd135d545e6eb7f25c02,ac,138,45.05,25.14
275451c8e61e2f192cd7c00e36f80a42,0ee538bb20ea7c803d4033366d8da20b,ac,138,67.68,37.77
797188ee3a7ea183a8c844f526c214b4,ff8d9fee05e6c18c987f61ccac7537f4,ac,138,83.88,46.81
330add99531b6d578cc1c18e8444b10a,112473807df45853e16204788ce21e2c,ac,138,62.47,34.86
5d1b48a9347cea56614eb2257b664102,982eb70bf8926c22597436392ebf6e11,ac,138,83.54,46.62
ef591ef20bf1f1923947002769dd0fa0,cd24c3cabd88307c9c9299817143ba5d,ac,138,68.83,38.41
517190615c497358dbdf405aeac44c5b,586406bbb76b6baac45c43a81ec2e35c,ac,138,45.32,25.29
92a763842faeaaa9e9fed136d596c597,581a4c33889fc7aeca599e03628e37d3,ac,138,107.07,59.75
bc7386076e4bf0bd4c58874726403e1e,1ae6ef6d58b4b5c4120321a9786c100d,ac,138,39.32,21.94
4b6671edd95042c93748edc0cd77a1ae,afbfcecf571fbc13419f3bfd386cee97,ac,138,45.43,25.35
8d9d4a6ada2203326292becd8a961dc9,681edca905f93d0d1ddd5f82b0385bae,ac,138,36.27,20.24
c4896e2b7f31bdb285363d1ef8ce327e,681edca905f93d0d1ddd5f82b0385bae,ac,138,38.85,21.68
3156231783935e97c9ac263991fe57cc,9810f068f88157e1e1e1df7a2d80706a,ac,138,55.75,31.11
ac8596485fcdd6ee2d708a4a6cb24291,85c19375f0c12c6793bf66b4e2666dc4,ac,138,40.0,22.32
6358390c66d2575ac3607502a92e34af,b5eded274dbfe983c9a4bb1f5ed640cc,ac,138,31.36,17.5
9426e9770a77cbcaefe1fb3a7e36327d,586406bbb76b6baac45c43a81ec2e35c,ac,138,44.33,24.74
73103ddd969c87aee1a6cfe805b7dbd4,6648cb0e60b6ebcb33f638831097eb8b,ac,138,45.53,25.41
80a86f20a8ae1c080b2d5ae20608af13,9c2bfd97ce00ce9553bdc0f34c3532b6,ac,138,170.37,95.07
8f3fafdec035b1e90015ae6071184f54,80a86f20a8ae1c080b2d5ae20608af13,ac,138,290.02,161.84
3e95b38ce315f12892dee0121e6fad4a,f7370a6dcf0258acd5d76f594612c249,ac,138,99.24,55.38
0c64b7c951c32ba2449ef04382ae00ef,b5eded274dbfe983c9a4bb1f5ed640cc,ac,138,48.92,27.3
819fefda81994b411a379b51918baa45,df0d340ef29911141baad7928c22fac0,ac,138,84.6,47.21
581a4c33889fc7aeca599e03628e37d3,1a6203d931bf37e0476a02bea3effe97,ac,138,56.27,31.4
98b8bfc1a714a2b84af2b8a57fd7dc2c,59e303779456f354cb4c87447155d612,ac,138,49.73,27.75
acffd8b337597f4e2afac7dc73107738,f224bc47515172796636f6e947831e1e,ac,138,8.06,4.5
0ff5e6749c211dec8c7509b33ee8a698,73103ddd969c87aee1a6cfe805b7dbd4,ac,138,70.66,39.43
fed509800df41e8a2ec17e894a2626f0,f33c692cfb7545f0588d168e6837e8b5,ac,138,45.89,25.61
045ce2e6853c2a1183f06fb5c0ed0850,c9a6cd805da336d3dab2bf66c094135a,ac,138,20.66,11.53
4638d1da77f03887a24cccdd583b38a1,17d2b6584074c2bcec3cbf8a3c389af2,ac,138,7.69,4.29
3156231783935e97c9ac263991fe57cc,8a455d2b84726913fe7652efdc0cfadc,ac,138,39.62,22.11
78c9993a943c7fc54b2c81d428e9a921,4b83ab1aa56735dcf18fe2184a776649,ac,138,20.79,11.6
0ff5e6749c211dec8c7509b33ee8a698,e8791c81f0dbb5e99c8abe851ec1900b,ac,138,76.0,42.41
4884a9a553568dcfc894cc2728b6b0dc,0ff5e6749c211dec8c7509b33ee8a698,ac,138,46.54,25.97
ccdb762781d918b6f9a22d7e9c43d652,f536c8bd94fdd9ce73262d2e842e4a41,ac,138,40.28,22.48
581a4c33889fc7aeca599e03628e37d3,67eed99b828e1b94f5b53bce9e400a17,ac,138,51.41,28.69
025c89c8e27d84349ef37fa99e69bc59,420cd0f0b63733bb95cdebf2027965eb,ac,138,58.85,32.84
84094c9f8dc82c57cae08d3cd0acb96f,c53462419aaf6e08c4a06f8d404e0823,ac,138,70.5,39.34
b344953b75615eb41588c6753a3899e9,58dcf38e3941ea8a0e4bd27dca3326a4,ac,138,51.95,28.99
f9145ca6d153a22f2c344f15ce8034f6,7a96a023560f0d135d0025202ea237e0,ac,138,31.88,17.79
0ff5e6749c211dec8c7509b33ee8a698,48a8b46e7ea342b913b50c7087f78162,ac,138,76.91,42.92
44ebc4e28c99d8aeaead73b4b70cc5e9,4ffb58faad74091abc129498ca03587c,ac,138,60.0,33.48
44ebc4e28c99d8aeaead73b4b70cc5e9,df0d340ef29911141baad7928c22fac0,ac,138,50.68,28.28
71585b1edc15fa6b66d97a747392bc43,0656ff8a1ce8d6082a220f2b506534a4,ac,138,37.6,20.98
4b83ab1aa56735dcf18fe2184a776649,93c2ff1e1844baaeeea28891e9d99670,ac,138,32.94,18.38
bb258a61b2b578681ca9bb5bcf8d4daf,fed509800df41e8a2ec17e894a2626f0,ac,138,74.42,41.53
0ff5e6749c211dec8c7509b33ee8a698,e0e840797e83d7cf537d4a0efd4b7724,ac,138,95.35,53.21
7eb2b0aefbff81ff68ee482597a991be,8ca1065364605c9895d3dad6f9841910,ac,138,89.46,49.92
857fb8d4be011c80adabd3672214301a,f0342a4f9b0d5ab5ecc0870e115cd9e3,ac,138,20.34,11.35
a00f38907afdb9560bb22f35b24f1fe4,857fb8d4be011c80adabd3672214301a,ac,138,30.37,16.95
586406bbb76b6baac45c43a81ec2e35c,c1160f0432464eb6110ada4a0ac56917,ac,138,38.24,21.34
c872b22bc2ece6de7deafc6b5982b960,5796f99c5d3c7bac8c90cc042869a7ea,ac,138,65.5,36.55
6ec00eeb639d309bafaeb0a3ea24fb3c,f45441ae6bc4a14109990b452feea703,ac,138,41.54,23.18
6705d77f2d837e528fb0edd21579e9c0,c872b22bc2ece6de7deafc6b5982b960,ac,138,45.64,25.47
6705d77f2d837e528fb0edd21579e9c0,5796f99c5d3c7bac8c90cc042869a7ea,ac,138,45.98,25.66
6ec00eeb639d309bafaeb0a3ea24fb3c,60dfc9f44b250ed03992a2a1b39a30c1,ac,138,65.98,36.82
f5cfb8cbfcd2fdd60665099993430d6b,91dc09d6e1de84f060b7b565135e2365,ac,138,46.02,25.68
cd0e9d013a5bb2fce93b3e4c26877d6b,e31003304da364867f1dce3be564fb7a,ac,138,149.69,83.53
498b71407ed107b5a3f83951be5b4df4,c06debb249d4e75425c7f2c2c9e96a5c,ac,138,46.05,25.7
7b57dd3faa86c70f672b4168c996a251,c36214df5bdf67eaf55e6620f468b0ec,ac,138,155.69,86.88
5796f99c5d3c7bac8c90cc042869a7ea,91dc09d6e1de84f060b7b565135e2365,ac,138,64.28,35.87
a1ac769a261b4ac11e1fd4fd33b2ae8b,cd0e9d013a5bb2fce93b3e4c26877d6b,ac,138,102.95,57.45
498b71407ed107b5a3f83951be5b4df4,a3577dabfbc7a0e6685b1a3b68a0ac84,ac,138,61.21,34.16
2631f2f74cfaf1f994552c0316f5e220,6ce64974339716970bc8d1b81e97c6ea,ac,138,47.6,26.56
8db1625bead0f643f7f7913edc2a8434,d7cbbc7d02fca8a32ac5a3b5161ee19c,ac,138,29.41,16.41
27c8efa32c0738c9d83b37d1882d97ea,0ee538bb20ea7c803d4033366d8da20b,ac,138,57.08,31.85
a0382a77b99c55dfa56274e125ef4c24,4b6671edd95042c93748edc0cd77a1ae,ac,138,25.54,14.25
9f9788e7a8c43e50aee22707afe7c546,0ec21813c19c681db52835da468f4a84,ac,138,143.36,36.96
cd0e9d013a5bb2fce93b3e4c26877d6b,2b8aa4c8d8d89710f0e2c7c7a99692fc,ac,138,145.9,81.42
10620b7827f8e24f764b930240fa5c96,1134604ead16f77309235aa3d327bb59,ac,138,152.55,85.13
26c954646e21d70792e4db24a76a5fc0,a2d22c3252eb5505ba9b1899cda9dad2,ac,138,32.26,18.0
cef65a145c54dbe0f1ea8ad16a331421,593de40b4d3070f61ea21d659cf7517c,ac,138,65.87,36.76
4385a0335a5daa56f694a86f9e3e599e,581a4c33889fc7aeca599e03628e37d3,ac,138,77.9,43.47
cd0e9d013a5bb2fce93b3e4c26877d6b,cbfad8cfc479906fe118a2696d34ee4f,ac,138,208.59,116.4
59e303779456f354cb4c87447155d612,c36615321286c6ac958ad820ab896fb4,ac,138,76.91,42.92
e321abd135c19b6d4cee4da276d4970e,cef65a145c54dbe0f1ea8ad16a331421,ac,138,63.2,35.27
aff2ece53fb372e0a4cbe56c479918c4,681edca905f93d0d1ddd5f82b0385bae,ac,138,49.28,27.5
c40ddeb230354b0371189e8e84b6a576,586406bbb76b6baac45c43a81ec2e35c,ac,138,43.64,24.35
7b57dd3faa86c70f672b4168c996a251,c872b22bc2ece6de7deafc6b5982b960,ac,138,73.92,41.25
7eb2b0aefbff81ff68ee482597a991be,e0402b53c67db4d0eba5930069fcf830,ac,138,48.87,27.27
63bad29d7bd81c84cfee6ab8e3890545,fed509800df41e8a2ec17e894a2626f0,ac,138,85.96,47.97
3d194d58a6470121c92f29c1ee4c936f,8067be2623f432f245c659f9d0c85325,ac,138,82.84,46.23
baedb748044841999a16d08bbb7e7299,4e4c4d563fa79d9a008be459fe0ffe3d,ac,138,95.21,53.13
2a5db3d6ce6a75fb53c80498ad253377,7e17d1a0db048c466ba0a15fffaaa247,ac,138,95.51,53.3
2a5db3d6ce6a75fb53c80498ad253377,44e444f86a50a6b522af623e41d0a578,ac,138,83.88,46.81
157db0091dc94a8b439cf5e46fc5dfd2,23ca67cfd093157f2b1b68bafb1f0a3e,ac,138,40.09,22.37
3156231783935e97c9ac263991fe57cc,4ce43eeff8805bee6936a5bcb383edc6,ac,138,54.46,30.39
5ce3197852088a7e5a3c8b625430c44f,4e4c4d563fa79d9a008be459fe0ffe3d,ac,138,90.98,50.77
2635749c5721bb3d5021ce2144ca0146,681edca905f93d0d1ddd5f82b0385bae,ac,138,32.08,17.9
00b7912ef80c0e4f2b56d5e11118fbf1,c334d1fb8d3157de3a0ebf8683060878,ac,138,53.26,29.72
e0e98d22f87057af6cf8eaed65f1ea55,9833e17885d5b17b809b750b43b2fccb,ac,138,130.42,72.78
6fc6754722b8e76ed6808d9ee828e7e6,6948fe29bc5c515c2c99aac111cbd38c,ac,138,70.73,39.47
cc0c03944d54e6fb0a27aa25d3c43dfc,519edc8db508d1c088f793f2c3647e6f,ac,138,46.04,25.69
93fbe03d0e7b762d188a63f89bc1b75f,9d06fc0e479bf3d6bbc365b1e580d3d1,ac,138,48.65,27.15
6358390c66d2575ac3607502a92e34af,0c64b7c951c32ba2449ef04382ae00ef,ac,138,54.53,30.43
e7c26e48b7ee853cbf5e49de5d800745,bec86aeee7d10a957750af645055a115,ac,138,50.62,28.25
1d93b3d03e07f30415bb68699463271f,c06debb249d4e75425c7f2c2c9e96a5c,ac,138,47.11,26.29
c73edcecd97f8e999b5cd937d5e6827e,c06debb249d4e75425c7f2c2c9e96a5c,ac,138,118.49,66.12
ec217345c687eb83217574d4dccd5551,c06debb249d4e75425c7f2c2c9e96a5c,ac,138,56.95,31.78
96d266834024baec8b64b960391c31e5,1aebc7e51e61a787aa2d3419a3a96ae0,ac,138,24.57,13.71
21993f0e240be6533d3f445307d51767,1aebc7e51e61a787aa2d3419a3a96ae0,ac,138,25.68,14.33
67eed99b828e1b94f5b53bce9e400a17,cd24c3cabd88307c9c9299817143ba5d,ac,138,51.52,28.75
9833e17885d5b17b809b750b43b2fccb,44ebc4e28c99d8aeaead73b4b70cc5e9,ac,138,92.16,51.43
7fc91ff77c2d67a6ceb83a4542afb346,f536c8bd94fdd9ce73262d2e842e4a41,ac,138,56.43,31.49
7a96a023560f0d135d0025202ea237e0,bb997d580d9b9d97167966b8591917fb,ac,138,59.32,33.1
4b83ab1aa56735dcf18fe2184a776649,983c551e0b2e02d17c27f93dc691f1f8,ac,138,49.94,27.87
0656ff8a1ce8d6082a220f2b506534a4,83af7e0972f2fcaa31fee8b286aecd05,ac,138,47.58,26.55
efb25ae0c00a940792bb7463060f4dd7,857fb8d4be011c80adabd3672214301a,ac,138,54.49,30.41
5c68c574eb52dbbb337b4e46d2dbcfc8,af13c923019e858389573d23fd9aa54b,ac,138,71.88,40.11
cd24c3cabd88307c9c9299817143ba5d,0ded6348389f35483e961d04d7babcc8,ac,138,45.84,25.58
5fbcba6b94d471416a45a34246e4403b,1cbaa4e5609fb6517f54f0ab0c205ada,ac,138,41.14,22.96
26a95b3bf6c0fa4ba909250facfb5ae9,1cbaa4e5609fb6517f54f0ab0c205ada,ac,138,55.68,31.07
c34a21126c8d41640188993dd093d25e,f2f9990bcda13be8771d656bf489dad5,ac,138,31.49,17.57
c34a21126c8d41640188993dd093d25e,e1f581b9f9af4ca9be996aa40da6759e,ac,138,24.89,13.89
3f5a51db5c7936950261ef1da3b25202,303807c0c0db7db426d7b6d2081a276f,ac,138,40.19,22.43
cef65a145c54dbe0f1ea8ad16a331421,ca9e1aa8a5e48b22d74b8f80b5ea78e7,ac,138,63.97,35.7
cef65a145c54dbe0f1ea8ad16a331421,ed03f1d36ca69348c51296ad69a6980a,ac,138,65.78,36.71
44ebc4e28c99d8aeaead73b4b70cc5e9,c36615321286c6ac958ad820ab896fb4,ac,138,80.87,45.13
0656ff8a1ce8d6082a220f2b506534a4,a0b663e2e7d1b8d10af347c43bdb05a0,ac,138,42.67,23.81
86386f474e7ff81bec537b5f92c4bc98,cd24c3cabd88307c9c9299817143ba5d,ac,138,47.43,26.47
f88f8f0d9f5d571b38a7914b74f63a9e,275451c8e61e2f192cd7c00e36f80a42,ac,138,62.99,35.15
819fefda81994b411a379b51918baa45,44ebc4e28c99d8aeaead73b4b70cc5e9,ac,138,96.43,53.81
98b8bfc1a714a2b84af2b8a57fd7dc2c,7a96a023560f0d135d0025202ea237e0,ac,138,47.69,26.61
8becabfd3781cac86c0988f11d76e690,a0fb781fa35dbce6299c291eb39e0022,ac,138,74.78,41.73
64608f951c2e26fcddeb4dca75459470,780b3b2faa00b1571f58fe8978267a4e,ac,138,90.57,50.54
43b1e7b58a0bd7b5b5b07eef1d1e707b,4b6671edd95042c93748edc0cd77a1ae,ac,138,35.34,19.72
fe7fb5b07e72161a27cca446df46743e,acffd8b337597f4e2afac7dc73107738,ac,138,20.97,11.7
522e8ae4848faeb691b4053dfa1b05f8,857fb8d4be011c80adabd3672214301a,ac,138,62.49,34.87
5468b368b1b5adcbfc133ee8ee94bfa1,420cd0f0b63733bb95cdebf2027965eb,ac,138,65.86,36.75
9f15dd77bfcd0d8143ce0beb217ed18a,4b83ab1aa56735dcf18fe2184a776649,ac,138,58.26,32.51
e785289359e17762a5385b7f44da20ce,5c651f725ebbdc7ade68e7a6a0482cad,ac,138,131.03,73.12
c94b9c32bee1951814f79c9646777742,5aae68270b448da2adfa823502b512a8,ac,138,169.43,94.55
c36615321286c6ac958ad820ab896fb4,df0d340ef29911141baad7928c22fac0,ac,138,96.8,54.02
ef591ef20bf1f1923947002769dd0fa0,7a96a023560f0d135d0025202ea237e0,ac,138,43.58,24.32
8c711b2a61cccea42c643ce986dc203a,c36214df5bdf67eaf55e6620f468b0ec,ac,138,83.36,46.52
8c711b2a61cccea42c643ce986dc203a,cef65a145c54dbe0f1ea8ad16a331421,ac,138,143.86,80.28
ea7f2f9471927458f88b04f4b1832b2a,0ded6348389f35483e961d04d7babcc8,ac,138,54.76,30.56
c36214df5bdf67eaf55e6620f468b0ec,275451c8e61e2f192cd7c00e36f80a42,ac,138,46.66,26.04
e80a5fcb147d23edaed26cc0c74f47ab,c36214df5bdf67eaf55e6620f468b0ec,ac,138,59.67,33.3
1e5f03008ee35b23c08673dc64251233,f536c8bd94fdd9ce73262d2e842e4a41,ac,138,55.1,30.75
1c38fdd837bd814787fd6ea06ec72dc3,73103ddd969c87aee1a6cfe805b7dbd4,ac,138,65.19,36.38
e80a5fcb147d23edaed26cc0c74f47ab,275451c8e61e2f192cd7c00e36f80a42,ac,138,81.45,45.45
59e303779456f354cb4c87447155d612,5dd808ef0d37652165522bd8b73b795e,ac,138,63.15,35.24
75e4374aa05da63dcfe5cd0e9d4e9504,ff8d9fee05e6c18c987f61ccac7537f4,ac,138,76.72,42.81
581a4c33889fc7aeca599e03628e37d3,cd24c3cabd88307c9c9299817143ba5d,ac,138,45.8,25.56
73103ddd969c87aee1a6cfe805b7dbd4,5dd808ef0d37652165522bd8b73b795e,ac,138,72.95,40.71
ea7f2f9471927458f88b04f4b1832b2a,cd24c3cabd88307c9c9299817143ba5d,ac,138,82.02,45.77
