md5_from,md5_to,MW_forward,MW_reverse,source
a175fce93b2419adc1af906f5415ba27,b980be726641e1ce5cfa8dde32ee3bcf,3.624,0.0,uprate
658110253a6a191c49bb54f156dab00c,03ac9114c7129baec1f7f55d8ae23b12,407.794,0.0,uprate
d0fa9491e1f37e2fd41adf6275c28821,62f1ab511530657b53d5b1563a0cf8a7,0.0,8.576,uprate
3c4fa6308991b2385d8e8c1c17ac8b83,f3e6bd3f7e0c2e8e18b202e7302dd2bf,257.895,0.0,uprate
c632f5fe1ad6a30f1db6a0db774c1682,0288b84e066b028ae6d886cca55e2001,26.649,0.0,uprate
d32f7df8ddcc9d2cb0ba567ef8851329,b826b8f053e8dee4e1377390f21183ba,0.0,73.95,uprate
4ae2db54fc557e4b9dce91ea9e9bc98d,8266716328f6080ae72859c6417606f4,38.57,0.0,uprate
0da6699ac8ae7aee51de72fee5ceb4ab,09cebede4af0d4132c15c26dab7f641c,0.0,134.797,uprate
990d46ecd9a3285044e356c0de580a2b,734ff357df3748ac9b6d57a50e4a7a4d,16.824,0.0,newlink
7c6976217d9cb503aeed5e8c737cd066,982eb70bf8926c22597436392ebf6e11,7.433,0.0,newlink
c902fef34d9cb8c04e2442f105b24964,1d514c090bf341efbd39d07dbec0b51a,422.499,0.0,uprate
c902fef34d9cb8c04e2442f105b24964,55ed3f83ee5791beccc8b66f29bf4c97,18.26,0.0,uprate
fb5e2d99bdb7dbb38d7903d17d3ead5d,845a3c1380d0cb46b59a0b95c7712874,21.576,0.0,uprate
38f01f66e90656aeefee12e40c5877b8,381bd7363d02cba0070fedc7d180fc22,26.319,0.0,uprate
d73459bae88c12bfd4dba652db727855,91ab86afea5972bc933729a3e4d4e119,0.0,21.056,uprate
496425995e95339e49b41c04a3fc1bee,56b42b0aecd33d5685b4c0ee2da477b2,0.0,111.693,uprate
2c89ea3ab0fb20d97a4e431024566f10,845a3c1380d0cb46b59a0b95c7712874,0.0,66.49,uprate
cd05d838090721a9874dd8bb9529b3da,b7ad34ef446a7e22cec7a0f536216260,0.0,32.206,uprate
f205a52005f9a51dd847d0e0e960dd93,5a8ac461d80eb8517a97f321a66cc40a,1421.551,0.0,uprate
63c9b9988d637d34a8aa9f62b50f9404,8e81b95015256a486e5905dcf5cefdf5,447.075,0.0,uprate
3053f5b72c1d5d296948743fc8e25459,c86c4404d6c078face600eda09b12443,0.0,19.229,uprate
8e81b95015256a486e5905dcf5cefdf5,5a8ac461d80eb8517a97f321a66cc40a,438.271,0.0,uprate
efa215ac8c477d458492c48d16440813,1c7421558cc04684d4b1fe812cfaa945,59.81,0.0,uprate
80c817113389751eacdd03f7429e72a9,7d165c09f9828db3a4f7419e745149dd,451.734,0.0,uprate
80c817113389751eacdd03f7429e72a9,fc5a8b718c0cfe369d173cd6526cccab,0.0,354.155,uprate
1404f734d7dad774d06b9d6c4b2afbc7,b2e56e652f04b4d034ed236a5a399afd,1053.976,0.0,uprate
b2e56e652f04b4d034ed236a5a399afd,b39795af2819388ccf5f6ad4cde39e00,606.61,0.0,uprate
7d165c09f9828db3a4f7419e745149dd,844987264feb419224cf6468af112274,0.0,232.429,uprate
7d165c09f9828db3a4f7419e745149dd,8f550fa438afc57d2a4e868390396225,641.132,0.0,uprate
2f68a0f3c97ce65ec16ea4636bc03d89,91549cfe2c2b16c04db7ec12dd4c57f5,0.0,752.857,uprate
91549cfe2c2b16c04db7ec12dd4c57f5,d0cba70d779bc115254b28593b2b2eae,0.0,647.154,uprate
d0cba70d779bc115254b28593b2b2eae,e93f659b0cf9cd057491d3adeff06a82,7.422,0.0,uprate
500e09b42899c08ea7b1fb9e228a22c5,d924ade33ef90c7f539582b8604457f2,3961.066,0.0,uprate
500e09b42899c08ea7b1fb9e228a22c5,5a8ac461d80eb8517a97f321a66cc40a,0.0,1744.016,uprate
d924ade33ef90c7f539582b8604457f2,8f0ea5bcdb347609d6e66e60e3edf4b1,3601.802,0.0,uprate
a8af589a32db036e8cc3c753691beefa,a5e5f38955827a27691e8fbb91bc4fb0,6.211,0.0,uprate
a8af589a32db036e8cc3c753691beefa,a804027d8acd16a9c92c7a5330a6510c,0.901,0.0,uprate
a8af589a32db036e8cc3c753691beefa,7bc04124830aab747d5790ec88ae0cd3,3.676,0.0,uprate
b4088670882d70a5e952e6b4e85234c1,95ecff3b1be02af2d7c5c1c21c21b941,0.0,11.213,uprate
447d4ee1bc1a9c8abd242d7aa0f77f92,c715a506a5b7716b159c3df6ad251338,0.0,6.077,uprate
26b89a72343514f613dadeac56d394de,f0fc8eb44f8913bfa47388579dbc96f4,0.0,0.944,uprate
1e18e566ea7cb5bdedbf32b14a047d83,7f35410a663aeed9861ce313a08bbcf0,9.863,0.0,uprate
637e5a550ef729b94ff6142dbd09735f,5b2aad03528f0d771e8332451010d045,11.242,0.0,uprate
2b7595a384e8dcd04db33d6e05002eac,a551f123e505d4d5d75058aae10e993b,520.669,2136.493,uprate
ba3abb2c0cb388f3cd4e77de3c78ff51,ae385516bf05975c06778418ba30dc0a,0.0,457.134,uprate
d2a9aaedbe3616c7be11e07856c29e2a,46f6341ce05f71416cddc3e42a76102c,27.434,0.0,uprate
aa62458166d68ba3cffa22542733ac8c,fb598cb494b6e98253995d800fab908d,66.702,0.0,uprate
5c142c3bfd572b54fcf5efda828aadf8,172188c0dacb487075bdc0c9afd757b2,155.187,0.0,uprate
5c142c3bfd572b54fcf5efda828aadf8,46f6341ce05f71416cddc3e42a76102c,0.0,665.356,uprate
c1399f2eb50e562b9e0f3778c16fd7a3,25d0a45ccd9e33b6b1ef8760801b6841,605.256,0.0,uprate
9d624e9fd3bd011eb7a8f1d40f457d93,19aa6c6fb4ba9fcf39e893ff1fd5b5bd,0.0,908.81,uprate
9d624e9fd3bd011eb7a8f1d40f457d93,42a1aa5d08ca708ab153b9bd5429a670,2637.392,0.0,uprate
9d624e9fd3bd011eb7a8f1d40f457d93,84c230a5b1bc3495046ef916957c7238,0.0,1965.001,uprate
5fc31084408a07f4170a4109991b558b,0c95e4a579307c6cf93f139e12d62022,0.0,44.781,uprate
5fc31084408a07f4170a4109991b558b,fd1095d744e5a2ba86ca7a9870aa6730,0.0,671.554,uprate
4ac5aa745798f8e399a28bd6ee7d379c,8b8f66308ee7c3ad5d1031a5721f0753,279.324,0.0,uprate
ae385516bf05975c06778418ba30dc0a,aa1f5f73327ba40d47ebce155e785aaf,1232.244,0.0,uprate
ae385516bf05975c06778418ba30dc0a,e99298b28ed320343949b7631bebe7e5,0.0,2166.659,uprate
ae385516bf05975c06778418ba30dc0a,46f6341ce05f71416cddc3e42a76102c,614.351,0.0,uprate
0c95e4a579307c6cf93f139e12d62022,c333bad2a8b45d3c30902945bd98f699,299.93,0.0,uprate
e6d71413617dfba7a5ff5b9a7180c007,7495bfe3bcb0defae0b795cb11c19e13,1095.617,0.0,uprate
e6d71413617dfba7a5ff5b9a7180c007,0acf03f408f90ea0dcba786d300620db,0.0,1169.264,uprate
1f539471127c904e22309f6fa599e98f,75e0d8c653ea7377eb3a4c55234c6a43,0.0,1929.968,uprate
2f4059dbdef515f7ddf25d1888ec1704,c35a4c435947597d8ba9718c4d7d6643,0.0,23.992,uprate
00b682284a10bdccd33c429ec31f4bec,f4fce05b7e6af04c39a65a97418bb529,12.018,0.0,uprate
00b682284a10bdccd33c429ec31f4bec,c35a4c435947597d8ba9718c4d7d6643,46.244,0.0,uprate
aa1f5f73327ba40d47ebce155e785aaf,7495bfe3bcb0defae0b795cb11c19e13,1444.706,0.0,uprate
422f010441436ae9511d3e04a6d0d186,50e1781e60d725365a74d585a2734062,0.0,39.739,uprate
e99298b28ed320343949b7631bebe7e5,037ca1e2c1f5248ac197f1086bedfa68,0.0,2058.798,uprate
50e1781e60d725365a74d585a2734062,c333bad2a8b45d3c30902945bd98f699,268.913,0.0,uprate
50e1781e60d725365a74d585a2734062,84c230a5b1bc3495046ef916957c7238,22.114,0.0,uprate
a1d4643376bf11b37c51f5c76fcaff79,f4fce05b7e6af04c39a65a97418bb529,0.0,612.446,uprate
a1d4643376bf11b37c51f5c76fcaff79,0acf03f408f90ea0dcba786d300620db,620.19,0.0,uprate
366c97caa1e66d39a0c21edb8fdc9caf,de872154ffbf91a5dcc0e539dd2d5106,0.0,20.897,uprate
f4fce05b7e6af04c39a65a97418bb529,25e1cacca4ed260e758af5d015088139,0.0,570.17,uprate
62752c5f9ee3bf051713cd8db0961616,de872154ffbf91a5dcc0e539dd2d5106,82.207,0.0,uprate
7cecfe41e1394109d7b8620ca3926166,1764183ef03fc7324eb58c3842bd9a57,162.849,0.0,uprate
75e0d8c653ea7377eb3a4c55234c6a43,37a56d458b5e856d05bcfb3322db5f8a,0.0,2170.564,uprate
de872154ffbf91a5dcc0e539dd2d5106,d5346723901d967ccc167929e2ee94ad,0.0,23.363,uprate
c0eab2dce3fc614a18251fb483e71dee,b0f7ec2784174fdce2f2de20d3941d96,799.384,0.0,uprate
7881f1e0495cfb89d108dae7db90f763,30cd1e36baf6f9f1cc50d66e55e09984,0.0,17.072,uprate
c077c0cd415753c0f5f3aa9397d739e3,27e5b67fd10a082a605ee7d995f69eca,0.0,3.134,uprate
3da508de45fcad17289fd382a1b95376,c8713899f5d7bf79084d5550b0461b65,10.755,0.0,uprate
a2b834e585967887c4522fa09f0b6395,9380e398ee9bea45b992a3daaa6b7c4d,0.0,4.38,uprate
58426cf937eb05143f82b6d41e8968bd,ded6533f55f0bc8f8d6110aeba1b878c,0.0,30.35,uprate
9953a9514b2a810825f17416e1e32f7d,d5346723901d967ccc167929e2ee94ad,246.894,0.0,uprate
76c7c563b32ad9d8d09c72a2d17c90e1,646680a2406b2430bde8761a48e4a2ed,0.0,220.602,uprate
76c7c563b32ad9d8d09c72a2d17c90e1,db59260cce0b871c7b2bb780eee305db,67.399,0.0,uprate
9e1a4ad1551fcb87bfeb7061da4e11a2,afeae7504d214a43ca689bc1d0999930,14.98,0.0,uprate
1c39c39d1a341ba03ae48a942c6a43ef,1a8207690ac54d845f7a57dd468970fa,0.0,37.62,uprate
37a56d458b5e856d05bcfb3322db5f8a,22781293bd688d958f3be27e4c26d2c3,0.0,2266.539,uprate
e2fcc738438c4e7ca4b605ef8764db73,4d85374a75c3ff7c040df577395ff7f9,19.644,0.0,uprate
81bd84c896e453d8b6292072257c75c1,1026d8c97a822ee171c6cbf939fe4aca,0.0,28.463,uprate
8f48ba716a4af57ae9b2e0308c871c00,a370afda41a7ae62dcb8d1b721b92bed,353.01,0.0,uprate
fed02ce0e96f989ec31e4eb6596bb06e,037ca1e2c1f5248ac197f1086bedfa68,98.819,0.0,uprate
fed02ce0e96f989ec31e4eb6596bb06e,1026d8c97a822ee171c6cbf939fe4aca,0.0,65.311,uprate
30cd1e36baf6f9f1cc50d66e55e09984,1df146af0948a68b1342ce39907668fe,0.0,113.047,uprate
9380e398ee9bea45b992a3daaa6b7c4d,d5346723901d967ccc167929e2ee94ad,1658.628,0.0,uprate
9380e398ee9bea45b992a3daaa6b7c4d,1dbb1c25df6942683e7b1317f0e13db6,0.0,1740.296,uprate
698ec16e76917ade649bd5c968cfc2b8,c3b7cab19af6d5c3b00428af950eef80,73.741,0.0,uprate
037ca1e2c1f5248ac197f1086bedfa68,d5346723901d967ccc167929e2ee94ad,0.0,1972.971,uprate
2c3587935e1f0e6c91c964d95d746a16,1c24cb0f12a000555fe8ad5a7b3c4296,0.0,46.638,uprate
c0e2bf725db7e7a854b8c181154d8059,c999d5b6b8bab8662faae7fafe463f04,40.461,0.0,uprate
e6c4449bcfd592112d927f85d4d44e60,395db788289ee286662bbcabe78d99da,0.0,16.116,uprate
e6c4449bcfd592112d927f85d4d44e60,f2843fe2048acb2e687eeebe826db352,36.041,0.0,uprate
22781293bd688d958f3be27e4c26d2c3,b0f7ec2784174fdce2f2de20d3941d96,0.0,748.139,uprate
9ef2480a65cde87091d69a3b8a7fec3a,f23077b60542b92033df4d2e208706de,0.0,470.297,uprate
afd208b1d98bc70e0aedc93bb4371c14,1dbb1c25df6942683e7b1317f0e13db6,0.0,50.819,uprate
d18b09180684862f5665e1932fdb54fb,645f86b5cec4da0a56ffea7a891720c9,5.567,0.0,uprate
a188af0bc920853d3673ab71c5f2a440,4049f46696d549c65f5832e15664afdd,0.0,24.684,uprate
26a95b3bf6c0fa4ba909250facfb5ae9,45b02e9da70144e563ddb3407d8718ae,0.562,0.0,uprate
ea2d131c2a2c1b6b2956919af13a76c5,c999d5b6b8bab8662faae7fafe463f04,22.688,0.0,uprate
4049f46696d549c65f5832e15664afdd,2808e33b0ef26bac248b17936f0f1938,0.0,64.743,uprate
6dc375089b790ef9139838cfe94fe603,76a70544c7953a163167e2fce5c48770,13.03,0.0,newlink
6dc375089b790ef9139838cfe94fe603,009d69d2d1b986815e7b825382d73af5,0.0,237.874,uprate
6dc375089b790ef9139838cfe94fe603,30580a4caf21ef930b7774a2eff4aa26,0.0,1194.483,uprate
5ecc4617cc84104f472db907a80372a0,8336419bf14c0d8b02748bb61f3a1dc5,0.0,42.388,uprate
a8e0614f304631badb289376e7354d33,1671f1468c94ff1c45e249f5fd322ed5,0.0,4.985,uprate
f58edd3a416399ee20c1346b8f2c7f59,1671f1468c94ff1c45e249f5fd322ed5,0.0,107.079,uprate
7842858ddde53cb0a24dc8c9fea4f92b,bbeca2458adc54f3a17a309729c167fa,164.726,0.0,uprate
d346c2bc24a74cc35bc7c84444da4925,85984b9d2eb57c8dcf9cddb02def51b8,117.535,0.0,uprate
d346c2bc24a74cc35bc7c84444da4925,6aeb3208dc5a2684a711578fbfdc3121,10.427,0.0,uprate
d346c2bc24a74cc35bc7c84444da4925,d61efad0e6a1f6ed7064890ae48f26d1,0.0,436.041,uprate
589614f4059c694cd0fd49e71249d610,30580a4caf21ef930b7774a2eff4aa26,0.0,680.854,uprate
1671f1468c94ff1c45e249f5fd322ed5,d61efad0e6a1f6ed7064890ae48f26d1,0.0,450.058,uprate
611f6a32dae4fdfd16a9bf955536b34f,182f8293cae1335760d41293823dfe4f,0.0,281.466,uprate
fe434d59c38fffae98f97529fe6f07c6,7f1da4ed0fa4babef8034f5e95cd8db2,0.0,32.468,uprate
3e49d4ec10aad7c623659c37e011665a,2826a001bddefaad0896bd7a85941b2f,71.334,0.0,uprate
98c1991adee78a8f7fd9b0cd2e7b3416,6aeb3208dc5a2684a711578fbfdc3121,0.0,5.194,uprate
09504c80bbd8bb4b75f97df27a9feaa3,bbeca2458adc54f3a17a309729c167fa,0.0,145.66,uprate
870271b323edc885b0478b67113fdbb1,54cbacbc5d8130ebcec9891bf80027d8,0.0,143.485,uprate
400362daca8ad3cbfaf07300bc4bd898,182f8293cae1335760d41293823dfe4f,0.0,24.568,uprate
30580a4caf21ef930b7774a2eff4aa26,360136214356045a328d50619083ac42,0.0,1089.248,uprate
726bd18c52afc248015dcdbc463c6f85,39ba1389e2930ff24e3101741c9009ea,213.581,0.0,uprate
726bd18c52afc248015dcdbc463c6f85,3da3e32030bd705ee69c42ee0ac833b1,0.0,220.742,uprate
a3444e049a3a88560cba360c18001932,314e9197a43a6d40cef6f1629e2c3721,0.0,25.96,uprate
9dfe163fd649f3b985fa8efd30a54391,33097b67fa51e0115312196ee8231b5b,0.0,1211.892,uprate
9dfe163fd649f3b985fa8efd30a54391,9fc14d103064494b6a2be4dbd1dcdf32,0.0,4675.415,uprate
5739286cebed3495484f106535d1932a,d7e81e78801865d4e4c1be615e762ba4,305.489,0.0,uprate
d118d975f3cdf403187a078f3a06f866,6ce64974339716970bc8d1b81e97c6ea,3.677,0.0,newlink
77382415bbfc9bcb5b2f5b5f5724406c,d034a7eda6e49ec2b22c5eee94b053c7,39.738,0.0,uprate
0fee63978c85715541a6a87d1d4d319a,369b35ac15709446de9ac5eac1ce9d9c,0.0,29.703,uprate
d7e81e78801865d4e4c1be615e762ba4,d0e5dfb52f4a6325738b1042cce523d7,0.0,859.921,uprate
c4aee399fbe5893f9bc44fa160ee3107,9fc14d103064494b6a2be4dbd1dcdf32,0.0,128.037,uprate
e0f9db367e8733c2938c6cd1a86eef56,c1b6b586784191ee3d846b56d9714ac6,0.0,286.826,uprate
39ba1389e2930ff24e3101741c9009ea,086822668212a6e00da4c085dc390703,0.0,142.705,uprate
ef7141e5a52641b0941128fcbbde8a27,ac0bfdba5fb1f97273dbcc5039c665c4,0.0,17.522,uprate
6cbab356d49502660d99ed767604a327,05b021ab5bf481558d40ac9cc81d95e5,0.0,1.056,uprate
e25f50c93d321b7fdff05757de426238,367df17877b8e778ae3fdc03213438e3,1.49,0.0,uprate
87da4431e0eed76ea31c948f8310ca79,adad0f2b196a1ed3e3b9d9025c397132,0.0,44.858,uprate
2be1f64cae97e3767efd3c0bef7b0779,c490f96bbae13d62132dda54ef1ec86e,39.218,0.0,uprate
18a7f966b0a5c8bc7da57ca7a7521c4f,0caaa766dc911a0ba41070269c4a9758,15.542,0.0,newlink
80fe651f52abe7a9ea11a3cc79f5a170,ca9eac0c76de0cab71d5b50951fe4c5f,39.843,0.0,uprate
80fe651f52abe7a9ea11a3cc79f5a170,0b1a9804a1661ef758a1f76011b7ceb8,36.441,0.0,uprate
aff2ece53fb372e0a4cbe56c479918c4,c4896e2b7f31bdb285363d1ef8ce327e,0.0,42.087,uprate
b9b4228fec4cd35410468b0f59eb955a,74df7f44a49a4ceaee2a955bd1e9d705,0.0,72.367,uprate
cbd3de5cb26d714be8c306541e7f3509,ca5d2301e833bedfa62053bb8210da20,25.121,0.0,uprate
0bbe3f9c489c409d1d6e229ccd23ab00,947663d22229f8112f748de091e39a85,16.588,0.0,uprate
fb4d518989bdeae9784d99c398f86f1f,0dacff7f88d2efe2d6190327ca13d283,0.0,153.523,uprate
35c04340bf1ee3538ee7751f2872b539,39b32d49a6b7d7d5981327098590b413,10.716,0.0,uprate
756a2394d3f7efdf3bfa8c273ab24f03,c8819aac10c0706b7466f78bd9854da0,0.0,22.886,uprate
c2b8ebbde383625a81ba05a0f7b7192d,b0cf1ee86c16266cb50942fcaac40fe8,74.724,0.0,uprate
16a8df1b9fc4ed0c3af66ea89567b0bb,7558a03211f17086e4b8d0fbd35e9a6a,1.362,0.0,uprate
16a8df1b9fc4ed0c3af66ea89567b0bb,a31173d9cd5b13c2ecd3ec68b071c4a4,0.0,7.762,uprate
3b711f9b6132fbe397bc5ff44c46133a,d0761d981bce5c8706808bb62e20f3b9,0.0,9.981,uprate
d0866fb7fef7340334755089f89bdfeb,d629eddc95ad3b072b33e5363def437f,0.0,6.707,uprate
7c016509737f407f177ab479a607fdab,85dc2c3d1a40e7a142b120dfdf72b98a,13.106,0.0,uprate
477b5578e8f07d0832b12537d1721618,5bd7ddf87f22021a5f5d682ce5f93ad6,0.0,10.554,uprate
e463f97ca6bc46b1ba706474e108c7e1,abcd57b3f26fd98d60f6c1f85d1e48de,0.019,8.134,newlink
8381872fa17f9dcb5fdb58802461c46e,a8d97425b65357ac228b9e2015df4e3a,0.0,33.878,uprate
fce1eab4411d5df240d93ff334f15385,565d9a3631f5940b9facd0f153b5f569,0.0,8.257,uprate
80ce4326387c091af8b8647f3292c818,9df41c354c19a3d8c3eb5b2840cfe5d2,0.0,0.708,uprate
aad82857fab8c954239645e7bf631827,c94faaa101a638cffe3889f532b98b7c,0.0,5.357,uprate
aa9a5147c8baff914423f5d1bfba879b,6ce77713a2f0322b851806e5cf96d139,0.0,0.788,uprate
aa9a5147c8baff914423f5d1bfba879b,1f4be5aac180c4920caae2c75e77076d,5.969,0.0,uprate
0865860a7cdf4a65d79dd78c31f8a7d9,a478c2b6c235580960cbae4a4ca4745e,5.3,0.0,uprate
8974b3cfdf5f3b7e194ba60224d5c206,75f83581dbe3440aea46539676d70efe,15.046,0.0,uprate
1facae6326242d7a0a2139b08546ec58,3c1cd7b4cdd34596a73422ca7845c207,0.0,40.858,uprate
1c21b0912f1088c26479be9299203f2b,59aeb10ef68deeb91a09195d122d76d8,110.967,0.0,uprate
2ea3ff45d620f62b6669490c57394f3c,4a716f7ba05468f225127f29aa2040c5,58.044,0.0,uprate
2ea3ff45d620f62b6669490c57394f3c,c334d1fb8d3157de3a0ebf8683060878,3.44,0.0,newlink
be84663149780a7ca5a112689df4dc7a,96d266834024baec8b64b960391c31e5,19.442,0.0,uprate
e585c2ea8a6ff12e60c1c3e07d024079,663ad9fa2aa6c2af4e1d8915e2c6fd9a,55.551,0.0,uprate
e585c2ea8a6ff12e60c1c3e07d024079,77557109d117fbb70757f8f00d6ed5e4,56.771,0.0,uprate
8569aad08bd79e68d8a5d2b2ee505408,0c78cd98d2fc75ace15e352273e4fd8a,0.0,121.995,uprate
8569aad08bd79e68d8a5d2b2ee505408,8108e7580d35a6df529b4cd78137c5aa,13.319,0.0,uprate
393418aa6851c719aac2d2d6216f5159,6d81df16fca504b6fb9280b11d2b0ae0,35.456,0.0,uprate
a11b84b38879d751f48fa321120f0c55,211fa07fbd5ca833b4cfd48c462138a9,0.0,27.787,uprate
366971226c73b87ab69e87918b9338a5,caf5dd77448c8a7214415ff71e11c103,57.524,0.0,uprate
bc7386076e4bf0bd4c58874726403e1e,b7644abae9d51f072401f013b5d42d53,0.0,26.354,newlink
f8531013695084f6fd79ed6d8e24b2d6,4a716f7ba05468f225127f29aa2040c5,0.0,56.998,uprate
c9cb01d4b65b151ac87d80ce4da3db1b,46e6d0f07b047818edf84360acd315c7,0.0,10.626,uprate
23b766e49fad4b4f985175948e10e201,6060d12ec4413d29a17e7584783c23be,0.0,38.743,newlink
007203e95299b072b3a5e6f1f3d4c725,c766cb374fd37fb59517aac231dafc81,0.0,20.753,uprate
21445b7069345a1a850ee2daacfd5d8e,211fa07fbd5ca833b4cfd48c462138a9,4.7,0.0,uprate
738c875d02a61f56eb30127ae50d0c88,af9370965df770606185339c69f1b751,0.0,0.985,uprate
1441762ea1630bc0605fdcef3984e996,a624873c42ee905ecc113ce243187740,4.751,0.0,uprate
edcb4ffdaa57a1bfa3fecb75aec6e53b,28fd3872c62aad371e8b21061f1a35bd,0.0,22.72,uprate
8d725eb1826fee2e7d5f852a1d63d14f,f097e1436435f978e0b8f404c8b848d3,49.876,0.0,uprate
cef5524641d35342a138832d05ffe4e9,bf6fa64a2e79b2800523f3a06745f5a3,74.184,0.0,uprate
cef5524641d35342a138832d05ffe4e9,ae224a2b6d1b233a204dad19a6aa017d,89.917,0.0,uprate
6060d12ec4413d29a17e7584783c23be,b7644abae9d51f072401f013b5d42d53,0.0,83.681,uprate
dacbf079ffedc402d67968f7757064dd,72f9f967c43ce5c44ea12bf78ae63eaf,47.533,0.0,uprate
6593de02e6979db9ca7c1aa0d52d50e0,a7a468ea0e03045083a336266b46b0de,0.0,22.986,uprate
24e55470484c60fc7d9645a2ba7e5a18,6d81df16fca504b6fb9280b11d2b0ae0,1.747,0.0,uprate
24e55470484c60fc7d9645a2ba7e5a18,a624873c42ee905ecc113ce243187740,136.19,0.0,uprate
7aa8cded4429062141a21172a645e515,7ec49d235b3b7457aa6625a77f3d38d8,15.092,0.0,uprate
bb27b25e4c03d002e86f30c7d7eae6c3,c766cb374fd37fb59517aac231dafc81,0.0,52.798,uprate
4ed7d66a7373aab4a4ff4258e9b1c51f,9fccd04fe67747a7de261215c0cfea76,0.0,154.114,uprate
c766cb374fd37fb59517aac231dafc81,235173ebcd720df4c6aa74f3860d8dc4,31.712,0.0,uprate
c766cb374fd37fb59517aac231dafc81,61d11278e40c04c1a4b014546772dcf8,23.205,0.0,uprate
211fa07fbd5ca833b4cfd48c462138a9,4effc08cc893c51a48f840e0b6e8e2b8,13.103,0.0,uprate
6b67560b23af2fb369555be4155d8c48,c9108dde6dd7b4e071129d2f9100fa55,6.762,0.0,uprate
6b67560b23af2fb369555be4155d8c48,4d6dc151315add4c4b579c68cffe18c7,0.0,98.313,uprate
8336a44c34eb4eda4d10217c50c245e6,db90a31ac5c9409572031b5ff841077a,5.264,0.0,uprate
8336a44c34eb4eda4d10217c50c245e6,69c627fd1e3e616bed37abe0b6eea581,96.669,0.0,uprate
3aa207e43a501b7a8e06242eb1dfc72d,59aeb10ef68deeb91a09195d122d76d8,0.0,16.611,uprate
61d11278e40c04c1a4b014546772dcf8,8c2f64f08271fc4e4351c12acee2a932,0.0,17.214,uprate
74fb76350e843096a4bff83ba35a17f2,a25ae004eadf95406855ffbad5653993,157.568,0.0,uprate
74fb76350e843096a4bff83ba35a17f2,c876da2dc35e298b13f5ce07b724065a,130.488,0.0,uprate
db90a31ac5c9409572031b5ff841077a,baa67ffe986af10906830246751f8246,0.0,23.774,uprate
9fccd04fe67747a7de261215c0cfea76,fff75f52998a477f6e7b00e58af8d64a,41.226,0.0,uprate
a25ae004eadf95406855ffbad5653993,67e7cfd2e483fbbaaaa54b5523753e58,6.587,0.0,uprate
299a48c40fac744498626b1df660d9c3,8371d58a2140475594cb7a1c22f0baaa,1159.48,0.0,uprate
cd2d9ff70c5361ea752e858d7bbf8437,0406576f71bdf8cdb29942cd5c1548c7,0.0,52.946,uprate
ae7ec2b45beed17d0786e97d65a39e8d,6ed94d74189ebcdb131007c4babee442,0.0,536.968,uprate
12f743edf866f7a7ff81368543dcd1a1,6ed94d74189ebcdb131007c4babee442,0.0,16.791,uprate
69930733ad15478fdd5332faf5a3a662,542db1350b540ed5fe414afa93fe45fb,0.315,0.0,newlink
83f075354ac93f60d1c1ac9a15399196,0bfda19bd8d869e39d1996f29b9c6133,0.0,16.019,newlink
2a519dc383bbb4f07ad74720bb1a5fbf,bec86aeee7d10a957750af645055a115,28.729,0.0,newlink
e936cd0726594710711f6be2a3fc1ddf,771f0d31d334435279ea1ea02b2c660c,0.0,79.22,uprate
976f1ecb676aa1bb3bb86ed84e79cdfa,8371d58a2140475594cb7a1c22f0baaa,0.0,232.381,uprate
9087fba46cda4f8063b397bf472f226c,939a391a1ac9a3431f2d78e83bd8b856,117.598,0.0,uprate
9087fba46cda4f8063b397bf472f226c,a74e88cfc53686ce828fb037d0f2041e,79.748,0.0,uprate
9087fba46cda4f8063b397bf472f226c,72c9c8db131782f395f46f8bb1189356,55.358,0.0,uprate
8371d58a2140475594cb7a1c22f0baaa,050cb9ed012553ba17b834300d37e4d6,98.666,0.0,uprate
939a391a1ac9a3431f2d78e83bd8b856,e0481545062e383969b6c020ad73e2f8,50.129,0.0,uprate
e7c26e48b7ee853cbf5e49de5d800745,ab76377061f00f84e8ac62277392c691,120.587,0.0,uprate
a74e88cfc53686ce828fb037d0f2041e,c91ef42552e1027b5d648beeffa1be50,0.0,352.585,uprate
72c9c8db131782f395f46f8bb1189356,0e1ddc294fde5896865dd30b1912c8a0,80.37,0.0,uprate
c91ef42552e1027b5d648beeffa1be50,1747774b79e1da589f5eafc576b4c2e1,0.0,454.689,uprate
e7758fe5b033ed143e73a3cbafa3ff2f,82b9fe6d15e5952e1f5e597833d5fd95,0.0,113.783,uprate
330add99531b6d578cc1c18e8444b10a,4e21a35107f3ebeb38da1a3ee0a6d47f,369.095,0.0,uprate
72a2c10a923eca15e8aee55da47a96f3,d5eac06fe54b1f804e302e0e0423190a,83.442,0.0,uprate
72a2c10a923eca15e8aee55da47a96f3,0b845236da4ce3d6e20524161c1966c0,0.0,80.988,uprate
56a2285b5e69db7e2cf98fae11eb7603,5c0321b6b78eecdfcf72e6a44222fef9,13.464,0.0,uprate
42aca308383ef9a5e38b0ab32b542dd5,ec69afac0d09f2914d811fa665d06e54,0.0,34.239,uprate
2fefa8b126607e29fe2990c722ee6cae,09b8c249733de5c23897177cc1a25e51,158.614,0.0,uprate
16af635d9bcc11766919e03aebcb8cf8,7c3349793d7221d1d89a6f9853009048,0.0,33.881,uprate
3efe6c32370fb3b8bcba9451df36483a,97bed14a683cfd0065fd1a5613a1a205,1.968,0.0,uprate
f4e56c23ce45de737a02b5534da2ea5f,bfb92b9b1532b06eb59b21fb4b3a9dd6,16.658,0.0,uprate
ec615d81761cddecefc011465ed6e3a2,e81c666c221106b23a755e7f1d5cabd5,0.0,4.001,uprate
6dac7e59aacae96bd6b9ec6b9afa1e4c,8c41eebf5a1f5867cbe38cf59b37c1bf,7.84,0.0,uprate
5c0321b6b78eecdfcf72e6a44222fef9,d2fb7247a8585505ca84d40afe37eea6,3.167,0.0,uprate
bfb92b9b1532b06eb59b21fb4b3a9dd6,02a0236d8f72c01a9fe264152e30bec8,6.348,0.0,uprate
0bdfa70fd4894b47e136ae023e2db7c2,2415eab31fdbbdb7ad80f314d33ba11d,2.067,0.0,uprate
b6770af9bf892b0d4dbbc1aa5a3201a4,48d09449297662146572c38c68b7eb5e,0.0,12.943,uprate
cc56f342b0dc3f74024688bf135beab4,ececd3cff01bb6137f0578be5337a5f2,1.782,9.664,uprate
a019af77fec797e53a29ce057455df30,ff46fb7782a53ef41bc031428e1ed4cd,0.0,13.582,uprate
381a4c3e139cd966cef9407ab2419a9a,af698f2b39b1f19d13e7259e6b560a85,0.0,68.191,uprate
c1481a88d8e582ce58f9413d5ac93360,af698f2b39b1f19d13e7259e6b560a85,0.0,76.532,uprate
3e927068fc891162e28590655c97c27a,76ef690583787dbd1405245dc8d9d72a,4.862,0.0,uprate
e8d6b4ac3e525d79c01f47bed8e1f93c,bf95b1669852932f77dc04f5ee405b7b,0.0,10.966,uprate
f37432dbde02ae7536cab364df00ccae,6ba927e95e97f5564105147a9d188931,0.0,216.737,uprate
fe9592afe24c33559773fd2f6e46c2fb,a621f7ab8fd0eae3805566885dda4a25,883.19,0.0,uprate
95d2e07a0caa3ad6abc065d1ac24ab25,9dfcbc9897ad8f393da9c34d4883524f,114.023,0.0,uprate
854b68b3c6c3e69b52672108c5a99010,70ba980356d834b5d3ca215040c64e2f,0.0,118.397,uprate
11172787bdf65ba27b6349969d340af4,1c55ed119caa4e1226adb7da772bd372,202.822,0.0,uprate
6c1a391cc07750fa29788a3933b1619d,4096db4b50e814edaca222b08ddf769b,0.0,24.32,uprate
86d4303e4f27966fade0cf152d9ae234,e58624e58bd8bbea1cdccc247a20d8e6,0.0,14.03,uprate
0853de1f652d3a206e18264d18eb3bb0,66ecb6b5c02ae7cd2d14d4da82e54feb,44.711,0.0,uprate
967e9762cd256961572df916205f2eaf,09604c68bfa72e9930b00c967e64747e,0.0,10.632,uprate
ad041f9b96370d724c8a8400350276ed,0d65b82f59ffb7da013b93e7021f67f8,0.0,11.654,uprate
93f97410020f1aeb261aa376df54f44d,6774b4304eb6167c263fa777644370aa,0.0,16.098,uprate
09510d526df60f47c2797dee42254939,f7370a6dcf0258acd5d76f594612c249,333.539,0.0,uprate
cb61843a4d547a8d2a199fe80a7a1add,5c72c99424191cfd8ec2227b923c03d9,0.0,87.796,uprate
86561200f3f1f2bf5cd4218495323b3f,f7370a6dcf0258acd5d76f594612c249,193.953,0.0,uprate
987abbb401850a3f9d10dc85a625c0c9,14f5c9b660813801b453b5903af18ca7,277.662,0.0,uprate
987abbb401850a3f9d10dc85a625c0c9,48f36fcf310742f269ed41f985563900,0.0,173.564,uprate
1772d7476f7f38debfcd459a8489217f,d8591042aaf8c8d8b53b7e43085a0587,0.0,51.152,uprate
53e5fee4b79f57668bd8e85742d9f9cd,e31003304da364867f1dce3be564fb7a,58.966,0.0,newlink
10620b7827f8e24f764b930240fa5c96,b4bee9fe0aef927e2a9e2b7072832d6e,0.0,4.033,newlink
a43cf1bfb47754486720d964df63425b,5c51774e43c9db3aa687f23c27956104,0.0,31.288,uprate
d2e859e1c59abdb261c5bb63c1d437c3,25f258164741bc25847ecef1067b24f0,0.0,58.164,uprate
31163fedec9349e8f7d35a84c05cb94a,937f578a9e42b1c322cf1e27d4009180,1.241,0.0,newlink
148d442971558088c915121f85c797b3,b4785c555b94d84947f532c82c1eefa5,5.748,0.0,uprate
eb8957cfa91a0992d3570d7fac93cb8e,ab243ac315c8f9c55254cbafe079b3c5,0.0,8.17,uprate
1134604ead16f77309235aa3d327bb59,25ba6ebb3e470993540ebc62e98a51e2,96.882,0.0,newlink
48f36fcf310742f269ed41f985563900,d8591042aaf8c8d8b53b7e43085a0587,0.0,103.862,uprate
d26cf5a5aa1c2999c8339d77fc3eed44,ab243ac315c8f9c55254cbafe079b3c5,0.0,252.065,uprate
ab243ac315c8f9c55254cbafe079b3c5,a1b2e04c65e8fa74ba1e50a429b828ca,0.0,546.828,uprate
ab243ac315c8f9c55254cbafe079b3c5,596f13d0466c69130d1cf0951e189df3,83.291,0.0,uprate
25f258164741bc25847ecef1067b24f0,e988c6b43fabb5006ea95c18d5088b9a,0.0,326.395,uprate
937f578a9e42b1c322cf1e27d4009180,e31003304da364867f1dce3be564fb7a,0.0,0.089,newlink
5c72c99424191cfd8ec2227b923c03d9,25ba6ebb3e470993540ebc62e98a51e2,0.0,108.974,newlink
e31003304da364867f1dce3be564fb7a,3e95b38ce315f12892dee0121e6fad4a,10.297,0.0,newlink
541356751e5796df18e1e7bd77072993,e988c6b43fabb5006ea95c18d5088b9a,117.466,0.0,uprate
e988c6b43fabb5006ea95c18d5088b9a,f7370a6dcf0258acd5d76f594612c249,0.0,142.134,uprate
71c53d2fa50393f9549979e3488cab04,7638ca8ac63c145195788f998393b1fa,0.0,0.39,newlink
d8af90655b20ecd682cd8536ae27cdb9,535a60b1776bb47cc3b55a73fc486c54,11.863,0.0,uprate
085fc1406248327158619fb1326434cc,bfd6bb38a2386fbab71d56ecdb552b42,22.185,0.0,uprate
24fd82394ab5c4074297d17f7847b17a,b8d1200c2569eb9ce9c29e1698dbc84e,5.186,0.0,newlink
9fdf913312884f2e344898dfdda3409f,7638ca8ac63c145195788f998393b1fa,20.788,0.0,newlink
654e26e8456b5b4d94e4044a28018f43,328ffd5b7bac35dd51c914156e01007a,9.486,0.0,uprate
c96742836bff214c3bb498c11c10ea4d,f1b967e673681c3b9cdbc9c568949344,24.108,0.0,uprate
96bd45d5e935c252c3aa57552a94af25,668426da67b63e07674ea8c2ff286289,0.0,19.877,newlink
93c06a67af6b87aa9f7a83de8586c016,f2f9a59e405df2007b650aea104ac5c1,133.324,0.0,uprate
360136214356045a328d50619083ac42,988d62aed8989449e54fa33d1879db76,0.0,1012.126,uprate
819cf18d6ae3946f1236281a3b4ddc81,ee6929cfd8dd567e41e4efe843b42dcd,0.0,38.599,uprate
f313349e6ef8ece66bfc2859d7b1df96,0e22aa2a44e7e297c6365f23dbedd92c,293.216,0.0,uprate
04ff2896ed09b2e8d686c58dcb78cb83,86cbb7dba804b6c34f1f251e4869b479,1167.579,0.0,uprate
bbb8541a11eccdc1bbe0400854b72293,2ac4bbf0c1236555cc7e9e5211465ed8,317.935,0.0,uprate
2ac4bbf0c1236555cc7e9e5211465ed8,0f993207d1f399d38d960ece5fa871ea,930.725,0.0,uprate
961eb5387637cb09f5565841f9f37619,3d95a7881b75010c3934a504104818ba,361.146,0.0,uprate
24826fc186de435324b417a145c1def8,27284d03e45756075aaa168fa670f8d6,396.167,0.0,uprate
c7d7a54da0f35a8abde8961b6897abe1,d0827043dbbfc18eb8fb662b0bef026c,75.702,0.0,uprate
21bfb285d4d914a24e62afc1f1cffde1,a9ca4ff9b3fbbfd6b427ef5503cfeda4,524.311,0.0,uprate
208528088dc87a4bd6b73796b96b0085,d457c0235036396f11714cb337bc0445,0.0,72.743,uprate
6022a1e286ccb90faba60f4a1ab47d58,79557cb93066f4470b8cee6e9110f757,0.0,71.729,uprate
d0827043dbbfc18eb8fb662b0bef026c,fff2b34c182b4bb71c1c3d438f3e15af,64.978,0.0,uprate
8ffbcd62cdf41da17fd1d32fa3ba9a28,c2bc8f626b7aa52fb0eb9871805d865f,0.0,2141.146,uprate
7a6f5f6a69fe900cda205b8c2d811cd4,936d1f13b9aac641b5d124d96dc7cff9,0.0,3.001,uprate
c31298d87a7446a1854f5a71f475b343,9db0787c1c4f696a5ef1789dd3ebe1af,0.0,1112.753,uprate
c31298d87a7446a1854f5a71f475b343,a551f123e505d4d5d75058aae10e993b,0.0,146.353,uprate
ae805f92291f70c89704639204aa1d6c,4fd76758ca20a054063d174c3cd7f394,0.0,10.813,uprate
c9017f70c00a8572737c9f1cdda325e1,303807c0c0db7db426d7b6d2081a276f,114.231,0.0,newlink
5b629f02e23fcc3ef15e60dcf3dd8fcf,3f5a51db5c7936950261ef1da3b25202,147.791,0.0,uprate
816f29f7fcace6a71651550c57d8705e,1ae3b06b074c26ee1f295fd389581590,7.643,0.0,uprate
9a9fdbd56eb7c442646ab01c6bb3a70f,665abc2f6f55c9be9952b327c7f52baa,0.0,137.545,uprate
635d6ac5890c766cfddd67b3e0bafab2,25da35c3caae93fe52ceb26ba1d5adb1,0.0,15.99,uprate
ff4776b449efb88b35fbf6187af9771e,1957a5ec9850b7d12ced5ba3d99c26e0,394.787,0.0,uprate
5b52c2a49dc6e0b0f512ce11c5e4fbdc,33a84c00e939cc5bc0ced0b8b246ab3e,248.387,0.0,uprate
33a84c00e939cc5bc0ced0b8b246ab3e,42e63e1b4d6aa921fd566bdef26e5ef4,0.0,181.013,uprate
ff9c1a8b955799b9a952856a8fe60a54,0607fc0e91072d38ee2f2ba2cf07b77c,0.0,6.738,uprate
54f4472e596fa8826686790226920fa7,1372c3d1724fa299700974106f330ccc,0.0,0.687,uprate
e4161440b97ffb6c598204e0b9893843,ef95b846b1e8469e32e7831643ca00ef,24.828,0.0,uprate
eaabc95835e864ccea83777840acfe46,3d194d58a6470121c92f29c1ee4c936f,0.0,14.091,uprate
da03ec3df4a3182b2235d387e94b66cb,1e30822b8bd1d607bb099fa9387b8976,25.428,0.0,uprate
e120d8cb6af50a5cbf76b8fafd89afb6,b7d944793cfd1c1f1b156d5d4ed191fe,0.0,6.189,uprate
1372c3d1724fa299700974106f330ccc,ce4a34de8a08d5b2a3fb5dff44d7a5d2,10.0,0.0,uprate
8067be2623f432f245c659f9d0c85325,9b80db5649edf85db26dde3ba3e287f5,0.0,5.315,newlink
6036353d75ff673c66334007ac14f0a6,7fd23d812013ce3b530b821d855bccbf,0.0,52.942,uprate
98bc3ce1f9b74c3e5e3f22868b092d96,96b5871bd63a9dd5c79c927de8527c9d,0.0,42.059,uprate
25efc250ba7103ebb3aad53283daf077,51fd2d07c177df06712730b20748a335,83.484,0.0,uprate
8f4b1408887128180d7d90794ba908a2,8f5357b3cb6f50a7d839fc05fa77347e,285.232,0.0,uprate
075c4cf9e46f14578f4397e16a2b3f4e,299afad7fa95a2f1c0941d0f8f2fb772,59.38,0.0,uprate
fbfe09ef251ad45dc509c7b26134e0f3,01dbb59de12641e7d43f38a51ea4e603,108.197,0.0,uprate
f166716e341817dbe3105dab5915c894,a1365d9a2adc6209c959fdca786b3626,0.0,148.056,uprate
e208540082992909d012297cbc49c425,d3ee4b885a0649baf73adf9711f4bebf,572.728,0.0,uprate
c7bf6d5cc46eabd157d7bb7e037b3e00,7fd23d812013ce3b530b821d855bccbf,0.0,802.433,uprate
c5b3da73adacd81b5962e60b6b987e52,d3ee4b885a0649baf73adf9711f4bebf,423.577,0.0,uprate
3183fc21acb07e30098c42484e12d697,51ac520c783d88964a793e455dae3506,0.0,60.586,uprate
3f2f1d47c36d2ad8c27030b1b580b3f6,d44a4b265f457745992aee2753123da8,10.704,0.0,uprate
996a06e8c7029874b4092109ca2fe99e,f469935e9c18498f6310397a3f1a73da,3.523,0.0,newlink
713dc417a38ad80fdf481609ea2ac4b5,3c9698c0f03b91734221692551383ed9,69.886,0.0,uprate
46ca81a7c598a5230b6e7d0de3e83d76,132eb557618302f19126586eec17c6cb,15.352,0.0,uprate
d8da124409cad437d5d2c35b101e3b91,56d271e961fd402f9b0fee53fbaa9ee9,37.314,0.0,uprate
1853414c691b3e17ad1a14b23dfb9598,373a82b829a0b64b5091565c70e532ab,0.0,47.26,newlink
75520ba59230a40bbbf8659160069ea6,8ffa6292a6f801969c7c652f514514c1,0.0,95.93,uprate
ab6c2776051fe76199341dc483bc5fcc,48ad2736ecc89272abbc29dcb09b9209,0.0,10.362,newlink
043485b042179e1b0547288346a47044,8f47f205dd743292ec519f3fc8e70201,220.71,0.0,uprate
7602980244b8793fb90d3bfb3bef1639,0fd65f0b76f945e2e150e441483a71ab,0.0,72.689,uprate
75d8d147d09b832bb0367ba1844fdb58,155722af3900b91a17eeb5a3c987defe,0.0,52.474,uprate
60d179bc263ce0fe8e342c2ea1e67fe6,8f550fa438afc57d2a4e868390396225,0.0,42.202,uprate
8f0ea5bcdb347609d6e66e60e3edf4b1,c86c4404d6c078face600eda09b12443,232.571,0.0,uprate
6076036fdb272f49688c571013f3ede1,ce943be8824807573e3d363d01058edb,88.894,0.0,uprate
ce943be8824807573e3d363d01058edb,b541f9935c1b4824b94f71c64ee36e6c,0.0,30.778,uprate
b5064c54dad42d46dc42428e982cca13,8f47f205dd743292ec519f3fc8e70201,0.0,203.835,uprate
4a15b66881d8ee302b6e324e1080f523,b8bdaee506282b82d47d2777faa9d241,2.028,0.0,newlink
cac06d4ace00a7b39564429b57e07a72,12686196691e427422aba9f58eb9188a,0.0,6.545,uprate
e5e63e1b118dabdbd6b5d2e7cf43b72c,72cfa54adabf75a36f18185567aa8ea1,0.0,11.781,newlink
127f75906618c4a0d33d9188ac6df110,e1b6c6fb7a203ca62d0108642cc5767c,48.253,0.0,uprate
a826e7e3851f04b576471ad4450abc4d,bc85a3f74ae51634b2ff56120742a8bf,85.246,0.0,uprate
92e53de4d143543b931fb5a393b44f93,4bc9645a5623ba22b8e136133eb8af33,0.0,126.048,uprate
89599d85cfa823d8886146af161ea5b3,13816ba0dd3a36209cbc3cfef265dc7c,9.633,0.0,uprate
f8f7aa63a45a078fda7e10fdc8f63b5f,0b3f0a040caa140654d4f7cea2630275,0.0,0.404,uprate
fe9c1e36a61dfd9b2d997e7e1046c97c,fc1fa4ef820a640d5147f6257ca7e827,0.0,33.352,uprate
1d4e3e81d1c05f78f91f7919bb25e146,045ce2e6853c2a1183f06fb5c0ed0850,0.0,290.313,uprate
1f68ae2f4862608d432b540c1303c572,e70c19ec41e54548db90cb667c4c62fa,23.0,0.0,uprate
dfe9e18ded4239b8f21081ad7e88cfea,3070c7548448957df48fadcc36f5f98c,12.937,0.0,uprate
c08845406b78842b7ee7f3339c31cef6,061b7b3d5e2ee31c7875058883fbcce8,0.0,15.823,uprate
73c55bc944ff08322761ffc22fcf10c1,dee39f3a5ab881ab30a36b0ee71300aa,0.0,22.844,uprate
5867a6d760feb3565835e7287ca18469,7f6401a2da5927d2c2fe3b6b946a9f37,415.306,0.0,uprate
0bab9af56671570e6eb8536602601dc2,1b7f4b2c845aac58d112f6e7ca78e8f7,0.0,4.355,uprate
1b7f4b2c845aac58d112f6e7ca78e8f7,7d168049ed61786069c9849e44aa9699,76.002,0.0,uprate
fc1fa4ef820a640d5147f6257ca7e827,b900a5f2bb1f01b0351c8c30e49a2b86,0.181,0.0,newlink
2f843a53f189c8c1e267615f76689e85,46604b5a2dc5852fd0733df3fb8e88c7,0.0,25.603,uprate
5b2b90013bf899246dfdfd063813e999,f4ed3f6aa2baaced0d790bbd9d7ead15,0.0,108.665,uprate
e640e8d3c3f0f3ac92f3178396cbe044,d788c46ad6a6c020b5062c1a99f55b2c,70.182,0.0,uprate
17a7161db33bcd7a8904250c6277e957,0c1ea456e4e846bde674bd8ccaa4ac00,152.47,0.0,uprate
0fd8c2c9a6e5516286350aa0a6c3e7be,9d007f0cbf2123eb7b76e757ff4a0b0d,1401.524,0.0,uprate
7b71096a076eca8eacf1ffc04f76d2b9,c9423db74ff09a7c21a7671cd681d4e5,0.0,46.723,uprate
902850e8151c331e357fee2a74b5b0d8,8fc2ff25a36a84a76e695d7a30819c21,0.0,26.834,uprate
3fc2d2c3597b3e7b87c17651f98f6c22,b1b5dc761bb978100b9eaf043b12d4fc,0.0,20.464,uprate
e41fa3d414e8eaca9467ecace739b400,f0b8024455e6c0cb3ab7495325afee5c,122.982,0.0,newlink
e41fa3d414e8eaca9467ecace739b400,e9b960bce9db4860098e82117b16779d,739.83,0.0,newlink
077720fbbf60d0bb8f68b93d003db66a,ef5ad26206c0cabf23fec07c2390eeaf,0.0,515.379,newlink
5d29c687a58bc919bd4b28609e2f7134,f469935e9c18498f6310397a3f1a73da,372.046,0.0,uprate
0c1ea456e4e846bde674bd8ccaa4ac00,4259f88ec5599c3e58266f349beceb45,0.0,78.487,uprate
f63f7107398c54c17b5d14eadfa76842,be9351985c2ce18de88f89b8466b7ce9,299.561,0.0,newlink
25a66e13390694e2b55814e888c8d3f0,275cfee74a07eb927b3e08742ed6bd90,0.0,21.381,uprate
44942b82e5dea398aea2195a5a582c18,2171a9b7a83660dc1f75c463d234dc66,86.184,0.0,uprate
21c789095ff4e48a0a6c869b74f1e005,710179ef2349eccc3856fbb894f72d80,0.0,2211.18,uprate
a9ca4ff9b3fbbfd6b427ef5503cfeda4,be9351985c2ce18de88f89b8466b7ce9,167.364,274.333,uprate
029a28219b3580d8496e73f1f16fc60c,d788c46ad6a6c020b5062c1a99f55b2c,164.111,0.0,uprate
c024ce1e7af84d0c379f52d09fc8b046,ef5ad26206c0cabf23fec07c2390eeaf,0.0,13.752,uprate
27549b5f615036a9bc41dc853fd211dd,90615830ceb48019aa001fe45233f1bb,343.719,0.0,newlink
27549b5f615036a9bc41dc853fd211dd,398b98b77e0c7a4c313abc6e47fb273b,388.488,0.0,newlink
9d007f0cbf2123eb7b76e757ff4a0b0d,90615830ceb48019aa001fe45233f1bb,0.0,295.455,newlink
6f497db742b82253d9cf8c89073da954,2171a9b7a83660dc1f75c463d234dc66,243.48,0.0,uprate
6f497db742b82253d9cf8c89073da954,a5d8bb936c943624140ddade75f55b79,121.789,0.0,uprate
7e0a79cfc141c8bfc8ee8247f40ce8cf,0d810f5f274a9ddefc5c3398df6dbb2a,0.0,83.34,uprate
9ebeb6b99421142701bd7bdcf4fc0b47,9078bbd890a90f1aa3c5e8d972394eb6,0.0,254.532,uprate
9ebeb6b99421142701bd7bdcf4fc0b47,48c7bd64f36b063b63b5230be690c7e0,51.418,0.0,uprate
457c7caf38b56ec93afbf6ad22877478,9af787c1e7409f0866ade669dba8f697,0.0,7.25,uprate
6792fa01c56ef0f7c5a58d508954c34d,d7abe7b28ded56be631510c3a6caa996,305.042,0.0,uprate
0d810f5f274a9ddefc5c3398df6dbb2a,4042bd938775ea252cb0f8494b3b5729,10.234,0.0,uprate
9d02fd65cff13e89550c41c900dc347a,f19a4a205b6fc44fcf0af19e44d71d2c,0.0,5.604,uprate
ce1225eec668c580d0712889541626fc,776c2a30d4402b8c5126edd7ad111c5e,0.077,0.0,uprate
5e93ee9a764cf2326a92f61f8fefdb1f,ef5ad26206c0cabf23fec07c2390eeaf,0.0,62.292,newlink
a727a09bb3214ae41122b455ab5f4cb1,ef5ad26206c0cabf23fec07c2390eeaf,0.0,1442.146,uprate
a727a09bb3214ae41122b455ab5f4cb1,abba6fc3cee14b26ebcfe34fc793b7d4,2.857,0.0,uprate
6d5da6ac9f4a47621f5483ea6d33e8d9,9bef833f0112645f623c3ebcf807a3ad,2.694,0.0,uprate
a5d8bb936c943624140ddade75f55b79,3659943c93a11347e91c430725613c9a,91.953,0.0,uprate
48c7bd64f36b063b63b5230be690c7e0,13602f4cdec52bd97a46254441b3388d,22.371,0.0,uprate
8fc2ff25a36a84a76e695d7a30819c21,748fab8b7e42bd2467a07cbd200034b2,31.063,0.0,uprate
3a310e57a15323a5a7e55817941ddbaf,269dce383b169909785f4fda1ed47913,158.64,0.0,uprate
cafda5b07243ef0ef4580c470d05995b,60dfc9f44b250ed03992a2a1b39a30c1,0.0,740.627,uprate
cafda5b07243ef0ef4580c470d05995b,f45441ae6bc4a14109990b452feea703,205.12,0.0,uprate
965b0629796556420a03de497e780a03,0b99bbe436f28d115e4438efd42eeeea,44.858,0.0,uprate
965b0629796556420a03de497e780a03,269dce383b169909785f4fda1ed47913,303.969,0.0,uprate
6ec00eeb639d309bafaeb0a3ea24fb3c,ad40dc3cb1f8f6b6cf70fcdfd6c44a9c,0.0,9.764,newlink
269dce383b169909785f4fda1ed47913,e13963f0c129b9da11f1e4721f423745,29.505,0.0,uprate
f0547ecd4e64a31e247c34b64547f812,c3a8217c9d3a5d9c5e76a77d8f4a8fde,0.0,6.904,uprate
87fd9dd52429b487a575115761e900a6,22f5adca2c7b559c1042e92e17c2a4c5,4.507,0.0,newlink
e4ae5a0d155ae14613e6cd907bf7040a,4b50e99828c33d971ba5d9dc661037be,44.293,0.0,newlink
d1c26616c4c89a5e0ef04274e63c7849,568f7cad7966985188ed28c5810d7c96,0.0,9.459,uprate
ba85b1fdaab8f50fc116a55a29fe591c,c071a6f6b7ce49e3f9674526e45e3df5,187.193,0.0,uprate
f489c27798018a004cf82f5caa6a2bd6,77e02887fc8719ae5d273c6ceb196d0a,0.0,1239.28,uprate
aa88e378a965701e56a86261272cd22d,55f8a5d20cb15ea27de82e9b0203fff6,0.0,17.227,uprate
aa88e378a965701e56a86261272cd22d,83af7e0972f2fcaa31fee8b286aecd05,0.0,5.236,uprate
93e2754d2bc2aaff3c23cc2ff61ec7d4,3647532ec07150bfa31ec2896932bdfb,57.735,0.0,uprate
93e2754d2bc2aaff3c23cc2ff61ec7d4,b7abfd7a9b8eed35add9a69d87eb46da,10.387,0.0,uprate
93e2754d2bc2aaff3c23cc2ff61ec7d4,17d2b6584074c2bcec3cbf8a3c389af2,57.524,0.0,newlink
0d1b6a48c3f0a7b314c2c58db260f2af,2e9f1b0f07f2e53fe41d6743c15db964,70.269,0.0,uprate
efb25ae0c00a940792bb7463060f4dd7,d7889061f59983e459e4a05ce8368c54,15.25,0.0,newlink
0656ff8a1ce8d6082a220f2b506534a4,e7b1463dee0a00fd3f83b91b4d548ff6,0.0,19.643,newlink
18108f5ea22114bbd3804d2185bdaa99,e5ee30c813173673c0ee0a982c795e28,223.152,0.0,uprate
1957a5ec9850b7d12ced5ba3d99c26e0,72ff9cda5afce833aa71bfe7c5e86b9d,57.018,0.0,uprate
1957a5ec9850b7d12ced5ba3d99c26e0,fe6ac6e5a087f488d8cdca68c8c447d4,14.81,0.0,uprate
bacea30d16b0bb49c20bbd59106591e4,eb8bed3067b3945926b19a06a6655ce5,4.882,2.874,uprate
459d82810ecbfd4deac99a298dbf8215,568f7cad7966985188ed28c5810d7c96,0.0,23.061,uprate
459d82810ecbfd4deac99a298dbf8215,4d4c9145a0a5352d6f6f6ba50a0c3f4f,41.944,0.0,uprate
6f26d9cd7f90ff4950d3a84b35b387e7,f335ec1e9525c9796a1fc264625e7a14,56.548,0.0,uprate
acd8e077df586ebda1fd48dbdf72c552,d3f3fc2af03f6d233127c67def83093c,4.562,0.0,uprate
4d6dc151315add4c4b579c68cffe18c7,5a5ad3596eda99cac370d9c6102936cc,12.637,0.0,uprate
f60c1886f4c0b55caab4f18ae7c4bbcf,c188b8121816c9f91b3f2e4bc31b4d2d,8.148,0.0,newlink
b17c44705baa151946cca111b7196cae,eeaeae6496ed292665577df6377dcff5,94.067,0.0,uprate
aa387c57045265092780e4aac2771cef,268c58341210244afeee9b860700acf0,0.0,130.98,uprate
6736e5c695862a09a624bd125dbb023a,38da564a24ac6d5fe2577c2e76a12125,0.0,138.558,uprate
8c2a764deaa90314ec45885571b5f88b,268c58341210244afeee9b860700acf0,0.0,25.835,uprate
3eddbcda71290eb81b32ad893dcdbba6,ca3120ede635e77d9893f66c6c41f981,0.0,2.145,uprate
c1e4d22e168fc450c77c231bf9f71ff9,ce9a029b52df8b31ac3f249fdcdf949e,52.791,0.0,uprate
4685236e9ee651494d06153cfc4c8852,37eaaed2a19e86c474d9c37150d60308,7.553,0.0,uprate
7023829f14af8d1c2b401480d89180d8,085073f3b22d1225cd026929c439dd5e,0.0,26.71,uprate
349fda3c9d90de7e62c9ada6c0550a8b,3fb2acb58efa0169425e9520ade5cf8f,0.0,27.56,uprate
863fdb719f9f659a50266e85255bae68,9ef931b043b519aebcea783d1eacab44,41.819,0.0,uprate
3fb2acb58efa0169425e9520ade5cf8f,6b333cfa24c8857dd6d7422f0391a587,17.197,0.0,uprate
21a24b62571f81fd73d1464b2631b5f9,3fe44bf4b326bd8d36e1ac63b00b661e,0.0,59.335,uprate
6b333cfa24c8857dd6d7422f0391a587,ca3120ede635e77d9893f66c6c41f981,0.0,35.224,uprate
98fc7d5149426e18356333cf47923e09,8573535d757b48469f147c9552f30f84,0.0,9.055,uprate
4c7b5d268081a2f86a34cb4361895b78,105fbe0f26e51f0bd3cd05d8c2f701c6,0.0,2.594,uprate
8a415bde69e2d25701dc8ddb10eb3980,105fbe0f26e51f0bd3cd05d8c2f701c6,0.0,16.556,uprate
e81c666c221106b23a755e7f1d5cabd5,4746b4b7328cbaf440e47ca82741efa6,5.534,0.0,uprate
c7fd6d5179ee2f799984eba95936bbd7,1b230c2ea27a320190a0fe0b002521d7,735.854,0.0,uprate
c69272533c281c3c8496eb581f28f506,9aca1e318536945ec8cd56c6e95ac3ac,0.0,5.629,uprate
dd8b0d06b4583e335755e5e914c16dab,9c19e9e96ec358beef6bee640adf5a3e,0.0,4.75,uprate
85dd0499e631b0c4e9370c1e527aa439,1b230c2ea27a320190a0fe0b002521d7,154.074,0.0,uprate
2b8aa4c8d8d89710f0e2c7c7a99692fc,108f0652d68c95bd50aba7e4c2b19187,0.0,23.563,uprate
8bf1e5954737835c2c2bb65bb94b19b7,5d3e52e7bf675beec8e3426f67c2c901,17.143,0.0,uprate
d61efad0e6a1f6ed7064890ae48f26d1,2e46345fa5716101827774736405f293,0.0,845.085,uprate
d61efad0e6a1f6ed7064890ae48f26d1,a85a0d80e9317d708da2b465df357d17,78.193,0.0,uprate
dcb57819746b6e6c79cb5f8c208173d9,c94b9c32bee1951814f79c9646777742,251.46,251.46,newlink
c73edcecd97f8e999b5cd937d5e6827e,91dc09d6e1de84f060b7b565135e2365,298.65,298.65,newlink
1d93b3d03e07f30415bb68699463271f,91dc09d6e1de84f060b7b565135e2365,298.65,298.65,newlink
73b0224bc6bcf2334b92e18bf15ef7e9,bd5bbd79ead46e4172253e0d862b5246,349.77,349.77,newlink
e681a63d00ac08fd2f08d0f1ebd10a43,28cb23ccdd6ffd135d545e6eb7f25c02,461.01,461.01,newlink
6fc6754722b8e76ed6808d9ee828e7e6,bdc9947f6117bfc90b3645da283daea7,151.05,151.05,newlink
1f12a716b17bee8c7de14c39f20520f0,c94b9c32bee1951814f79c9646777742,163.37,163.37,newlink
c94b9c32bee1951814f79c9646777742,6181d7a40d05ec551c178d3c720b3cde,163.37,163.37,newlink
6fc6754722b8e76ed6808d9ee828e7e6,d12fec62f69e678f635825963e988562,151.05,151.05,newlink
e4c8c477d15f72bef65651ddb22c5891,73b0224bc6bcf2334b92e18bf15ef7e9,233.18,233.18,newlink
e785289359e17762a5385b7f44da20ce,eda65102a785a9ea6a6552c3f808a32d,194.24,194.24,newlink
02371315f7f2394e1e6593c1c3389c29,bc31d17d2185b7d5d25d356075c8aac6,224.44,224.44,newlink
4fe1fd16a478f41f471f0b392701b716,bc31d17d2185b7d5d25d356075c8aac6,223.89,223.89,newlink
ef591ef20bf1f1923947002769dd0fa0,0ded6348389f35483e961d04d7babcc8,157.55,157.55,newlink
4385a0335a5daa56f694a86f9e3e599e,0ded6348389f35483e961d04d7babcc8,149.85,149.85,newlink
020995e82b0c56ec52f28dd7de3bb145,a3577dabfbc7a0e6685b1a3b68a0ac84,107.35,107.35,newlink
91dc09d6e1de84f060b7b565135e2365,1c38fdd837bd814787fd6ea06ec72dc3,99.55,99.55,newlink
bfd685335fc8efd8ca3201f28dabe7a7,8d6b31ed2ba3ecd5a1c7a80773f01ec2,99.55,99.55,newlink
86cd44d9fbd46fa7d4e40bc4dd5974a2,91dc09d6e1de84f060b7b565135e2365,99.55,99.55,newlink
56c507670a47dd95c4a9b1a972b7f33d,519edc8db508d1c088f793f2c3647e6f,116.59,116.59,newlink
bfd685335fc8efd8ca3201f28dabe7a7,b58face67d2ad0f6ae0de365c1fcd418,99.55,99.55,newlink
482bd57ea95bb42cc15c82d63af42ea9,bfd685335fc8efd8ca3201f28dabe7a7,99.55,99.55,newlink
6ec00eeb639d309bafaeb0a3ea24fb3c,07c24da9292451154d8d0d62c01efa38,76.56,76.56,newlink
d61efad0e6a1f6ed7064890ae48f26d1,5a9c09d69b8f721da706fed68555ac5e,121.61,121.61,newlink
59e303779456f354cb4c87447155d612,1c38fdd837bd814787fd6ea06ec72dc3,81.09,81.09,newlink
1d4e3e81d1c05f78f91f7919bb25e146,5c68c574eb52dbbb337b4e46d2dbcfc8,77.13,77.13,newlink
420cd0f0b63733bb95cdebf2027965eb,0522f0f077611617c09c361e91503db9,114.39,114.39,newlink
7b492a45ac8f4d1eab35500e72e94812,4461853cc6a73bc75d45fe1ea6e8ee6c,110.13,110.13,newlink
7b492a45ac8f4d1eab35500e72e94812,303807c0c0db7db426d7b6d2081a276f,110.13,110.13,newlink
9d8f28a68408298dc2bc1e3b29b3f3ed,be1e96285160d90cdf41943acc1499b9,74.35,74.35,newlink
4207dd934a10a875741e7c8936bc720f,a50a2f182d52fe132a296a3cedc58fd5,85.5,85.5,newlink
59e303779456f354cb4c87447155d612,f9145ca6d153a22f2c344f15ce8034f6,74.1,74.1,newlink
420cd0f0b63733bb95cdebf2027965eb,512ba6448f63790387e2ad3d3bc630d0,110.13,110.13,newlink
9d8f28a68408298dc2bc1e3b29b3f3ed,5b78b713342c74fb79ae8e4a0b5b9724,74.35,74.35,newlink
9b3f19c666b37dcb52bb3bfa51ae0c46,420cd0f0b63733bb95cdebf2027965eb,110.13,110.13,newlink
1ad4dc0986f8e453fad705c87ed6dfda,eda65102a785a9ea6a6552c3f808a32d,72.43,72.43,newlink
83173b74f3b940fbba30e85eea166a8f,8bc835f9bd44fd0070732798834220d2,114.89,114.89,newlink
5dd808ef0d37652165522bd8b73b795e,0ded6348389f35483e961d04d7babcc8,64.49,64.49,newlink
f33c692cfb7545f0588d168e6837e8b5,ff8d9fee05e6c18c987f61ccac7537f4,61.62,61.62,newlink
63e5ab8795c192e94cdc7f421927d7b1,fed509800df41e8a2ec17e894a2626f0,59.21,59.21,newlink
e0e98d22f87057af6cf8eaed65f1ea55,75198558c1ed763f12e6f946a46f8b2f,57.8,57.8,newlink
92a763842faeaaa9e9fed136d596c597,f536c8bd94fdd9ce73262d2e842e4a41,57.01,57.01,newlink
7856e1f16346c09190977fc5bf224ae5,ff8d9fee05e6c18c987f61ccac7537f4,56.84,56.84,newlink
581a4c33889fc7aeca599e03628e37d3,3fd35dfcc8e0ce7cca31532a92d6701c,56.17,56.17,newlink
3eb98498c491436f425cd830b3f447fa,7b492a45ac8f4d1eab35500e72e94812,82.6,82.6,newlink
c8167cf7f61157655b7248284b413b6f,23ca67cfd093157f2b1b68bafb1f0a3e,52.1,52.1,newlink
9b80db5649edf85db26dde3ba3e287f5,e0e98d22f87057af6cf8eaed65f1ea55,52.84,52.84,newlink
af13c923019e858389573d23fd9aa54b,8bc835f9bd44fd0070732798834220d2,88.22,88.22,newlink
cafda5b07243ef0ef4580c470d05995b,6ec00eeb639d309bafaeb0a3ea24fb3c,45.09,45.09,newlink
e8a0ec28fc4273aa546f3abb6a3c24d9,1b7f4b2c845aac58d112f6e7ca78e8f7,51.42,51.42,newlink
e8a0ec28fc4273aa546f3abb6a3c24d9,0bab9af56671570e6eb8536602601dc2,51.42,51.42,newlink
b10eca9df573fa1e8e8323d50b6fc188,9d8f28a68408298dc2bc1e3b29b3f3ed,47.99,47.99,newlink
09b24f6bc75811639ed94b8c719d7c7b,07d8be4e98fe2f96153d2e43b791d4ea,42.51,42.51,newlink
4c2d760f60a6ea70b0a10ef9ff2351f5,8db1625bead0f643f7f7913edc2a8434,54.05,54.05,newlink
22f5adca2c7b559c1042e92e17c2a4c5,863fdb719f9f659a50266e85255bae68,74.89,74.89,newlink
8db1625bead0f643f7f7913edc2a8434,314e9197a43a6d40cef6f1629e2c3721,54.05,54.05,newlink
8db1625bead0f643f7f7913edc2a8434,c04819b0706f1f3fe9352ea81623d826,54.05,54.05,newlink
f536c8bd94fdd9ce73262d2e842e4a41,86386f474e7ff81bec537b5f92c4bc98,40.35,40.35,newlink
2a5db3d6ce6a75fb53c80498ad253377,80a86f20a8ae1c080b2d5ae20608af13,32.77,32.77,newlink
23ca67cfd093157f2b1b68bafb1f0a3e,020995e82b0c56ec52f28dd7de3bb145,36.5,36.5,newlink
c8167cf7f61157655b7248284b413b6f,85c19375f0c12c6793bf66b4e2666dc4,36.5,36.5,newlink
1ad4dc0986f8e453fad705c87ed6dfda,5c651f725ebbdc7ade68e7a6a0482cad,37.05,37.05,newlink
1cbaa4e5609fb6517f54f0ab0c205ada,45b02e9da70144e563ddb3407d8718ae,33.53,33.53,newlink
8381872fa17f9dcb5fdb58802461c46e,1cea227cb2ca29383f916aef863a2dd8,42.75,42.75,newlink
0bec370d93e454d9a0cd7dee3e0ef456,f536c8bd94fdd9ce73262d2e842e4a41,37.05,37.05,newlink
df0d340ef29911141baad7928c22fac0,b71ae9a72156d7961f68be39331f4f28,34.57,34.57,newlink
4884a9a553568dcfc894cc2728b6b0dc,ff8d9fee05e6c18c987f61ccac7537f4,34.46,34.46,newlink
6daff3d43615b65709577a08c6adab4e,451fbb024d0794ffcda2258170740a1e,32.48,32.48,newlink
86386f474e7ff81bec537b5f92c4bc98,581a4c33889fc7aeca599e03628e37d3,34.05,34.05,newlink
84094c9f8dc82c57cae08d3cd0acb96f,28eb72beb39c803322c843071024b921,33.56,33.56,newlink
fed509800df41e8a2ec17e894a2626f0,06272ac116657d42f35bc81a1e28799a,32.07,32.07,newlink
5c651f725ebbdc7ade68e7a6a0482cad,2dbe0192a67555d8bb72ec22c1fd677a,31.36,31.36,newlink
1e5f03008ee35b23c08673dc64251233,581a4c33889fc7aeca599e03628e37d3,30.74,30.74,newlink
ea7f2f9471927458f88b04f4b1832b2a,73103ddd969c87aee1a6cfe805b7dbd4,28.76,28.76,newlink
330ed495de3b92a521c187d5477ae927,c9a6cd805da336d3dab2bf66c094135a,44.83,44.83,newlink
98b8bfc1a714a2b84af2b8a57fd7dc2c,0ded6348389f35483e961d04d7babcc8,26.44,26.44,newlink
c7d7a54da0f35a8abde8961b6897abe1,64608f951c2e26fcddeb4dca75459470,21.37,21.37,newlink
b67f7a2545b1b6f1a4d044532d86029c,80a86f20a8ae1c080b2d5ae20608af13,22.55,22.55,newlink
c334d1fb8d3157de3a0ebf8683060878,5a9655228d1553027a200fad19fae287,25.71,25.71,newlink
c334d1fb8d3157de3a0ebf8683060878,84094c9f8dc82c57cae08d3cd0acb96f,25.71,25.71,newlink
c334d1fb8d3157de3a0ebf8683060878,d23f1d1cd4efe77dac5482f856a9d12d,25.71,25.71,newlink
c9017f70c00a8572737c9f1cdda325e1,5c68c574eb52dbbb337b4e46d2dbcfc8,25.71,25.71,newlink
dfe9e18ded4239b8f21081ad7e88cfea,b900a5f2bb1f01b0351c8c30e49a2b86,25.71,25.71,newlink
5097ae38663ea27586f6b57c1f1b9c8a,acffd8b337597f4e2afac7dc73107738,43.48,43.48,newlink
1df146af0948a68b1342ce39907668fe,1cbaa4e5609fb6517f54f0ab0c205ada,21.54,21.54,newlink
f633469121cb1895ba8023439e8197df,b5eded274dbfe983c9a4bb1f5ed640cc,28.87,28.87,newlink
654e26e8456b5b4d94e4044a28018f43,a0fb781fa35dbce6299c291eb39e0022,21.91,21.91,newlink
8138a8468133863b08806cde29342a09,681edca905f93d0d1ddd5f82b0385bae,16.67,16.67,newlink
35109f5ad05b4af6bf2f9279ef9d145c,681edca905f93d0d1ddd5f82b0385bae,16.67,16.67,newlink
4385a0335a5daa56f694a86f9e3e599e,cd24c3cabd88307c9c9299817143ba5d,21.83,21.83,newlink
7e17d1a0db048c466ba0a15fffaaa247,0a16b09784bae8287858faf95511a66e,18.17,18.17,newlink
acd8e077df586ebda1fd48dbdf72c552,a98a5bd776d042d78331ff291d61ffa1,33.81,33.81,newlink
96bd45d5e935c252c3aa57552a94af25,a0fb781fa35dbce6299c291eb39e0022,19.13,19.13,newlink
6ad12fa5cb42f30cf25eece923e5ac56,4f80dcbf24c10c3ce9f7a1516a62e587,24.32,24.32,newlink
9c75bab0f5d964591655e73e7c22c540,bd1de862c509c34de95c9a2655e48586,21.38,21.38,newlink
06df3703b8d7910418d900604aa1bf86,89efddd3e5b3984d72d0d03408d26650,21.38,21.38,newlink
e4ae5a0d155ae14613e6cd907bf7040a,28cb23ccdd6ffd135d545e6eb7f25c02,31.2,31.2,newlink
275451c8e61e2f192cd7c00e36f80a42,0ee538bb20ea7c803d4033366d8da20b,18.25,18.25,newlink
797188ee3a7ea183a8c844f526c214b4,ff8d9fee05e6c18c987f61ccac7537f4,18.52,18.52,newlink
330add99531b6d578cc1c18e8444b10a,112473807df45853e16204788ce21e2c,17.98,17.98,newlink
5d1b48a9347cea56614eb2257b664102,982eb70bf8926c22597436392ebf6e11,19.68,19.68,newlink
ef591ef20bf1f1923947002769dd0fa0,cd24c3cabd88307c9c9299817143ba5d,18.52,18.52,newlink
517190615c497358dbdf405aeac44c5b,586406bbb76b6baac45c43a81ec2e35c,20.08,20.08,newlink
92a763842faeaaa9e9fed136d596c597,581a4c33889fc7aeca599e03628e37d3,15.83,15.83,newlink
bc7386076e4bf0bd4c58874726403e1e,1ae6ef6d58b4b5c4120321a9786c100d,8.27,8.27,newlink
4b6671edd95042c93748edc0cd77a1ae,afbfcecf571fbc13419f3bfd386cee97,15.88,15.88,newlink
8d9d4a6ada2203326292becd8a961dc9,681edca905f93d0d1ddd5f82b0385bae,11.87,11.87,newlink
c4896e2b7f31bdb285363d1ef8ce327e,681edca905f93d0d1ddd5f82b0385bae,11.87,11.87,newlink
3156231783935e97c9ac263991fe57cc,9810f068f88157e1e1e1df7a2d80706a,13.06,13.06,newlink
ac8596485fcdd6ee2d708a4a6cb24291,85c19375f0c12c6793bf66b4e2666dc4,15.6,15.6,newlink
6358390c66d2575ac3607502a92e34af,b5eded274dbfe983c9a4bb1f5ed640cc,19.25,19.25,newlink
9426e9770a77cbcaefe1fb3a7e36327d,586406bbb76b6baac45c43a81ec2e35c,19.25,19.25,newlink
73103ddd969c87aee1a6cfe805b7dbd4,6648cb0e60b6ebcb33f638831097eb8b,15.83,15.83,newlink
80a86f20a8ae1c080b2d5ae20608af13,9c2bfd97ce00ce9553bdc0f34c3532b6,13.63,13.63,newlink
8f3fafdec035b1e90015ae6071184f54,80a86f20a8ae1c080b2d5ae20608af13,13.63,13.63,newlink
3e95b38ce315f12892dee0121e6fad4a,f7370a6dcf0258acd5d76f594612c249,11.28,11.28,newlink
0c64b7c951c32ba2449ef04382ae00ef,b5eded274dbfe983c9a4bb1f5ed640cc,19.25,19.25,newlink
819fefda81994b411a379b51918baa45,df0d340ef29911141baad7928c22fac0,15.52,15.52,newlink
581a4c33889fc7aeca599e03628e37d3,1a6203d931bf37e0476a02bea3effe97,15.29,15.29,newlink
98b8bfc1a714a2b84af2b8a57fd7dc2c,59e303779456f354cb4c87447155d612,14.91,14.91,newlink
acffd8b337597f4e2afac7dc73107738,f224bc47515172796636f6e947831e1e,24.15,24.15,newlink
0ff5e6749c211dec8c7509b33ee8a698,73103ddd969c87aee1a6cfe805b7dbd4,13.98,13.98,newlink
fed509800df41e8a2ec17e894a2626f0,f33c692cfb7545f0588d168e6837e8b5,14.01,14.01,newlink
045ce2e6853c2a1183f06fb5c0ed0850,c9a6cd805da336d3dab2bf66c094135a,22.99,22.99,newlink
4638d1da77f03887a24cccdd583b38a1,17d2b6584074c2bcec3cbf8a3c389af2,22.99,22.99,newlink
3156231783935e97c9ac263991fe57cc,8a455d2b84726913fe7652efdc0cfadc,11.26,11.26,newlink
78c9993a943c7fc54b2c81d428e9a921,4b83ab1aa56735dcf18fe2184a776649,22.99,22.99,newlink
0ff5e6749c211dec8c7509b33ee8a698,e8791c81f0dbb5e99c8abe851ec1900b,13.23,13.23,newlink
4884a9a553568dcfc894cc2728b6b0dc,0ff5e6749c211dec8c7509b33ee8a698,12.41,12.41,newlink
ccdb762781d918b6f9a22d7e9c43d652,f536c8bd94fdd9ce73262d2e842e4a41,12.04,12.04,newlink
581a4c33889fc7aeca599e03628e37d3,67eed99b828e1b94f5b53bce9e400a17,12.04,12.04,newlink
025c89c8e27d84349ef37fa99e69bc59,420cd0f0b63733bb95cdebf2027965eb,16.03,16.03,newlink
84094c9f8dc82c57cae08d3cd0acb96f,c53462419aaf6e08c4a06f8d404e0823,10.69,10.69,newlink
b344953b75615eb41588c6753a3899e9,58dcf38e3941ea8a0e4bd27dca3326a4,9.55,9.55,newlink
f9145ca6d153a22f2c344f15ce8034f6,7a96a023560f0d135d0025202ea237e0,10.39,10.39,newlink
0ff5e6749c211dec8c7509b33ee8a698,48a8b46e7ea342b913b50c7087f78162,10.17,10.17,newlink
44ebc4e28c99d8aeaead73b4b70cc5e9,4ffb58faad74091abc129498ca03587c,9.91,9.91,newlink
44ebc4e28c99d8aeaead73b4b70cc5e9,df0d340ef29911141baad7928c22fac0,9.91,9.91,newlink
71585b1edc15fa6b66d97a747392bc43,0656ff8a1ce8d6082a220f2b506534a4,16.33,16.33,newlink
4b83ab1aa56735dcf18fe2184a776649,93c2ff1e1844baaeeea28891e9d99670,16.33,16.33,newlink
bb258a61b2b578681ca9bb5bcf8d4daf,fed509800df41e8a2ec17e894a2626f0,9.67,9.67,newlink
0ff5e6749c211dec8c7509b33ee8a698,e0e840797e83d7cf537d4a0efd4b7724,9.54,9.54,newlink
7eb2b0aefbff81ff68ee482597a991be,8ca1065364605c9895d3dad6f9841910,8.63,8.63,newlink
857fb8d4be011c80adabd3672214301a,f0342a4f9b0d5ab5ecc0870e115cd9e3,14.49,14.49,newlink
a00f38907afdb9560bb22f35b24f1fe4,857fb8d4be011c80adabd3672214301a,14.49,14.49,newlink
586406bbb76b6baac45c43a81ec2e35c,c1160f0432464eb6110ada4a0ac56917,9.62,9.62,newlink
c872b22bc2ece6de7deafc6b5982b960,5796f99c5d3c7bac8c90cc042869a7ea,7.8,7.8,newlink
6ec00eeb639d309bafaeb0a3ea24fb3c,f45441ae6bc4a14109990b452feea703,6.81,6.81,newlink
6705d77f2d837e528fb0edd21579e9c0,c872b22bc2ece6de7deafc6b5982b960,7.8,7.8,newlink
6705d77f2d837e528fb0edd21579e9c0,5796f99c5d3c7bac8c90cc042869a7ea,7.8,7.8,newlink
6ec00eeb639d309bafaeb0a3ea24fb3c,60dfc9f44b250ed03992a2a1b39a30c1,6.81,6.81,newlink
f5cfb8cbfcd2fdd60665099993430d6b,91dc09d6e1de84f060b7b565135e2365,7.8,7.8,newlink
cd0e9d013a5bb2fce93b3e4c26877d6b,e31003304da364867f1dce3be564fb7a,5.64,5.64,newlink
498b71407ed107b5a3f83951be5b4df4,c06debb249d4e75425c7f2c2c9e96a5c,7.8,7.8,newlink
7b57dd3faa86c70f672b4168c996a251,c36214df5bdf67eaf55e6620f468b0ec,7.8,7.8,newlink
5796f99c5d3c7bac8c90cc042869a7ea,91dc09d6e1de84f060b7b565135e2365,7.8,7.8,newlink
a1ac769a261b4ac11e1fd4fd33b2ae8b,cd0e9d013a5bb2fce93b3e4c26877d6b,5.64,5.64,newlink
498b71407ed107b5a3f83951be5b4df4,a3577dabfbc7a0e6685b1a3b68a0ac84,7.8,7.8,newlink
2631f2f74cfaf1f994552c0316f5e220,6ce64974339716970bc8d1b81e97c6ea,9.62,9.62,newlink
8db1625bead0f643f7f7913edc2a8434,d7cbbc7d02fca8a32ac5a3b5161ee19c,9.62,9.62,newlink
27c8efa32c0738c9d83b37d1882d97ea,0ee538bb20ea7c803d4033366d8da20b,7.8,7.8,newlink
a0382a77b99c55dfa56274e125ef4c24,4b6671edd95042c93748edc0cd77a1ae,7.94,7.94,newlink
9f9788e7a8c43e50aee22707afe7c546,0ec21813c19c681db52835da468f4a84,7.94,7.94,newlink
cd0e9d013a5bb2fce93b3e4c26877d6b,2b8aa4c8d8d89710f0e2c7c7a99692fc,5.64,5.64,newlink
10620b7827f8e24f764b930240fa5c96,1134604ead16f77309235aa3d327bb59,5.64,5.64,newlink
26c954646e21d70792e4db24a76a5fc0,a2d22c3252eb5505ba9b1899cda9dad2,7.16,7.16,newlink
cef65a145c54dbe0f1ea8ad16a331421,593de40b4d3070f61ea21d659cf7517c,7.8,7.8,newlink
4385a0335a5daa56f694a86f9e3e599e,581a4c33889fc7aeca599e03628e37d3,7.92,7.92,newlink
cd0e9d013a5bb2fce93b3e4c26877d6b,cbfad8cfc479906fe118a2696d34ee4f,5.64,5.64,newlink
59e303779456f354cb4c87447155d612,c36615321286c6ac958ad820ab896fb4,7.92,7.92,newlink
e321abd135c19b6d4cee4da276d4970e,cef65a145c54dbe0f1ea8ad16a331421,7.8,7.8,newlink
aff2ece53fb372e0a4cbe56c479918c4,681edca905f93d0d1ddd5f82b0385bae,5.94,5.94,newlink
c40ddeb230354b0371189e8e84b6a576,586406bbb76b6baac45c43a81ec2e35c,9.62,9.62,newlink
7b57dd3faa86c70f672b4168c996a251,c872b22bc2ece6de7deafc6b5982b960,7.8,7.8,newlink
7eb2b0aefbff81ff68ee482597a991be,e0402b53c67db4d0eba5930069fcf830,7.94,7.94,newlink
63bad29d7bd81c84cfee6ab8e3890545,fed509800df41e8a2ec17e894a2626f0,8.02,8.02,newlink
3d194d58a6470121c92f29c1ee4c936f,8067be2623f432f245c659f9d0c85325,8.02,8.02,newlink
baedb748044841999a16d08bbb7e7299,4e4c4d563fa79d9a008be459fe0ffe3d,8.02,8.02,newlink
2a5db3d6ce6a75fb53c80498ad253377,7e17d1a0db048c466ba0a15fffaaa247,6.81,6.81,newlink
2a5db3d6ce6a75fb53c80498ad253377,44e444f86a50a6b522af623e41d0a578,6.81,6.81,newlink
157db0091dc94a8b439cf5e46fc5dfd2,23ca67cfd093157f2b1b68bafb1f0a3e,7.8,7.8,newlink
3156231783935e97c9ac263991fe57cc,4ce43eeff8805bee6936a5bcb383edc6,6.53,6.53,newlink
5ce3197852088a7e5a3c8b625430c44f,4e4c4d563fa79d9a008be459fe0ffe3d,8.02,8.02,newlink
2635749c5721bb3d5021ce2144ca0146,681edca905f93d0d1ddd5f82b0385bae,5.94,5.94,newlink
00b7912ef80c0e4f2b56d5e11118fbf1,c334d1fb8d3157de3a0ebf8683060878,7.85,7.85,newlink
e0e98d22f87057af6cf8eaed65f1ea55,9833e17885d5b17b809b750b43b2fccb,7.92,7.92,newlink
6fc6754722b8e76ed6808d9ee828e7e6,6948fe29bc5c515c2c99aac111cbd38c,5.92,5.92,newlink
cc0c03944d54e6fb0a27aa25d3c43dfc,519edc8db508d1c088f793f2c3647e6f,9.13,9.13,newlink
93fbe03d0e7b762d188a63f89bc1b75f,9d06fc0e479bf3d6bbc365b1e580d3d1,9.13,9.13,newlink
6358390c66d2575ac3607502a92e34af,0c64b7c951c32ba2449ef04382ae00ef,9.62,9.62,newlink
e7c26e48b7ee853cbf5e49de5d800745,bec86aeee7d10a957750af645055a115,8.4,8.4,newlink
1d93b3d03e07f30415bb68699463271f,c06debb249d4e75425c7f2c2c9e96a5c,7.8,7.8,newlink
c73edcecd97f8e999b5cd937d5e6827e,c06debb249d4e75425c7f2c2c9e96a5c,7.8,7.8,newlink
ec217345c687eb83217574d4dccd5551,c06debb249d4e75425c7f2c2c9e96a5c,7.8,7.8,newlink
96d266834024baec8b64b960391c31e5,1aebc7e51e61a787aa2d3419a3a96ae0,4.14,4.14,newlink
21993f0e240be6533d3f445307d51767,1aebc7e51e61a787aa2d3419a3a96ae0,4.14,4.14,newlink
67eed99b828e1b94f5b53bce9e400a17,cd24c3cabd88307c9c9299817143ba5d,7.26,7.26,newlink
9833e17885d5b17b809b750b43b2fccb,44ebc4e28c99d8aeaead73b4b70cc5e9,6.16,6.16,newlink
7fc91ff77c2d67a6ceb83a4542afb346,f536c8bd94fdd9ce73262d2e842e4a41,6.16,6.16,newlink
7a96a023560f0d135d0025202ea237e0,bb997d580d9b9d97167966b8591917fb,5.78,5.78,newlink
4b83ab1aa56735dcf18fe2184a776649,983c551e0b2e02d17c27f93dc691f1f8,9.66,9.66,newlink
0656ff8a1ce8d6082a220f2b506534a4,83af7e0972f2fcaa31fee8b286aecd05,9.66,9.66,newlink
efb25ae0c00a940792bb7463060f4dd7,857fb8d4be011c80adabd3672214301a,9.66,9.66,newlink
5c68c574eb52dbbb337b4e46d2dbcfc8,af13c923019e858389573d23fd9aa54b,5.69,5.69,newlink
cd24c3cabd88307c9c9299817143ba5d,0ded6348389f35483e961d04d7babcc8,5.56,5.56,newlink
5fbcba6b94d471416a45a34246e4403b,1cbaa4e5609fb6517f54f0ab0c205ada,4.78,4.78,newlink
26a95b3bf6c0fa4ba909250facfb5ae9,1cbaa4e5609fb6517f54f0ab0c205ada,4.78,4.78,newlink
c34a21126c8d41640188993dd093d25e,f2f9990bcda13be8771d656bf489dad5,4.78,4.78,newlink
c34a21126c8d41640188993dd093d25e,e1f581b9f9af4ca9be996aa40da6759e,4.78,4.78,newlink
3f5a51db5c7936950261ef1da3b25202,303807c0c0db7db426d7b6d2081a276f,7.5,7.5,newlink
cef65a145c54dbe0f1ea8ad16a331421,ca9e1aa8a5e48b22d74b8f80b5ea78e7,4.88,4.88,newlink
cef65a145c54dbe0f1ea8ad16a331421,ed03f1d36ca69348c51296ad69a6980a,4.45,4.45,newlink
44ebc4e28c99d8aeaead73b4b70cc5e9,c36615321286c6ac958ad820ab896fb4,4.51,4.51,newlink
0656ff8a1ce8d6082a220f2b506534a4,a0b663e2e7d1b8d10af347c43bdb05a0,6.67,6.67,newlink
86386f474e7ff81bec537b5f92c4bc98,cd24c3cabd88307c9c9299817143ba5d,3.3,3.3,newlink
f88f8f0d9f5d571b38a7914b74f63a9e,275451c8e61e2f192cd7c00e36f80a42,3.25,3.25,newlink
819fefda81994b411a379b51918baa45,44ebc4e28c99d8aeaead73b4b70cc5e9,3.3,3.3,newlink
98b8bfc1a714a2b84af2b8a57fd7dc2c,7a96a023560f0d135d0025202ea237e0,3.3,3.3,newlink
8becabfd3781cac86c0988f11d76e690,a0fb781fa35dbce6299c291eb39e0022,3.04,3.04,newlink
64608f951c2e26fcddeb4dca75459470,780b3b2faa00b1571f58fe8978267a4e,2.32,2.32,newlink
43b1e7b58a0bd7b5b5b07eef1d1e707b,4b6671edd95042c93748edc0cd77a1ae,2.88,2.88,newlink
fe7fb5b07e72161a27cca446df46743e,acffd8b337597f4e2afac7dc73107738,4.83,4.83,newlink
522e8ae4848faeb691b4053dfa1b05f8,857fb8d4be011c80adabd3672214301a,4.83,4.83,newlink
5468b368b1b5adcbfc133ee8ee94bfa1,420cd0f0b63733bb95cdebf2027965eb,4.26,4.26,newlink
9f15dd77bfcd0d8143ce0beb217ed18a,4b83ab1aa56735dcf18fe2184a776649,4.83,4.83,newlink
e785289359e17762a5385b7f44da20ce,5c651f725ebbdc7ade68e7a6a0482cad,2.87,2.87,newlink
c94b9c32bee1951814f79c9646777742,5aae68270b448da2adfa823502b512a8,2.32,2.32,newlink
c36615321286c6ac958ad820ab896fb4,df0d340ef29911141baad7928c22fac0,2.86,2.86,newlink
ef591ef20bf1f1923947002769dd0fa0,7a96a023560f0d135d0025202ea237e0,2.48,2.48,newlink
8c711b2a61cccea42c643ce986dc203a,c36214df5bdf67eaf55e6620f468b0ec,1.63,1.63,newlink
8c711b2a61cccea42c643ce986dc203a,cef65a145c54dbe0f1ea8ad16a331421,1.63,1.63,newlink
ea7f2f9471927458f88b04f4b1832b2a,0ded6348389f35483e961d04d7babcc8,1.65,1.65,newlink
c36214df5bdf67eaf55e6620f468b0ec,275451c8e61e2f192cd7c00e36f80a42,1.63,1.63,newlink
e80a5fcb147d23edaed26cc0c74f47ab,c36214df5bdf67eaf55e6620f468b0ec,1.63,1.63,newlink
1e5f03008ee35b23c08673dc64251233,f536c8bd94fdd9ce73262d2e842e4a41,1.65,1.65,newlink
1c38fdd837bd814787fd6ea06ec72dc3,73103ddd969c87aee1a6cfe805b7dbd4,1.65,1.65,newlink
e80a5fcb147d23edaed26cc0c74f47ab,275451c8e61e2f192cd7c00e36f80a42,1.63,1.63,newlink
59e303779456f354cb4c87447155d612,5dd808ef0d37652165522bd8b73b795e,1.43,1.43,newlink
75e4374aa05da63dcfe5cd0e9d4e9504,ff8d9fee05e6c18c987f61ccac7537f4,0.83,0.83,newlink
581a4c33889fc7aeca599e03628e37d3,cd24c3cabd88307c9c9299817143ba5d,0.83,0.83,newlink
73103ddd969c87aee1a6cfe805b7dbd4,5dd808ef0d37652165522bd8b73b795e,0.83,0.83,newlink
ea7f2f9471927458f88b04f4b1832b2a,cd24c3cabd88307c9c9299817143ba5d,0.83,0.83,newlink
