tech,summer_power_capacity_MW,energy_capacity_MWh,RetireYear,StartYear,IsExistUnit,HeatRate,FIPS,T_CID,T_PID,T_UID,T_PNM,TVIN,EFDcd,ECPcd,T_PCA,TC_NP,TC_WIN,TRFURB,T_VOM,T_FOM,T_SMO,T_RMO,T_CCSROV,T_CCSF,T_CCSV,T_CCSHR,T_CAPAD,T_CCSCAPA,T_CCSLOC,T_LONG,T_LAT,coolingwatertech,ctt,wst,in_nems,in_eia860M,status,Description,Unique ID
o-g-s,24,,2035,1967,TRUE,15907,p31001,8245,2244,5,North Denver,1,STG,ST,SWPP ,22,24,1967,0.34,11.16,10,12,0,0,0,0,28.01,0,0,-98.389,40.599,o-g-s_r_fsa,r,fsa,1,0,(OP) Operating,Gas Steam,2764
o-g-s,0.7,,2023,1956,TRUE,10974,p31105,10260,2248,1,Kimball,1,CTO,ET,SWPP ,1,0.8,1956,2.74,1.23,9,12,0,0,0,0,0,0,0,-103.6667,41.2382,o-g-s_n_fsa,n,fsa,1,0,(R) Retired,Oil Turbine,2765
coaloldscr,670,,2025,1973,TRUE,11385,p53041,19099,3845,2,Transalta Centralia Generation,1,CSC,C4,BPAT ,729.9,670,1973,0.54,10.75,7,12,862.8,6.4,1.17,16837.07,11.74,0,0,-122.8598,46.755938,coaloldscr_r_fsa,r,fsa,1,1,(OP) Operating,Coal Steam with Scrubber,5175
hydEND,50,,2249,1949,TRUE,,p53011,14354,3847,2,Merwin,1,HYC,HY,PACW ,45,50,1949,0,6.87,12,12,0,0,0,0,0,0,0,-122.5544,45.9567,hydEND_n_fsa,n,fsa,1,1,(OP) Operating,Conventional Hydroelectric,5177
hydEND,1,,2231,1931,TRUE,,p53011,14354,3847,House,Merwin,1,HYC,HY,PACW ,1,1,1931,0,13.01,7,12,0,0,0,0,0,0,0,-122.5544,45.9567,hydEND_n_fsa,n,fsa,1,1,(OP) Operating,Conventional Hydroelectric,5179
gas-ct,3.4,,2045,1990,TRUE,10745,p17073,7095,944,5A,Geneseo,1,CTX,ET,MISO ,4.4,3.4,1990,2.74,1.23,8,12,0,0,0,0,0,0,0,-90.14855,41.451494,gas-ct_n_fsa,n,fsa,1,1,(OP) Operating,Oil/Gas Turbine,26417
gas-ct,2.4,,2058,2003,TRUE,10745,p17073,7095,944,6A,Geneseo,1,CTX,ET,MISO ,3,2.4,2003,2.74,1.23,5,12,0,0,0,0,0,0,0,-90.14855,41.451494,gas-ct_n_fsa,n,fsa,1,1,(OP) Operating,Oil/Gas Turbine,26418
gas-ct,2.4,,2035,1961,TRUE,10745,p17073,7095,944,7,Geneseo,1,CTX,ET,MISO ,3,2.4,1961,2.74,1.23,6,12,0,0,0,0,0,0,0,-90.14855,41.451494,gas-ct_n_fsa,n,fsa,1,1,(OP) Operating,Oil/Gas Turbine,26419
o-g-s,3.8,,2048,1998,TRUE,10745,p17073,7095,944,9,Geneseo,1,CTO,ET,MISO ,4.8,3.8,1998,2.74,1.23,5,12,0,0,0,0,0,0,0,-90.14855,41.451494,o-g-s_n_fsa,n,fsa,1,1,(OP) Operating,Oil Turbine,26420
o-g-s,1.6,,2043,1993,TRUE,10745,p17119,8573,946,IC1,Highland,1,CTO,ET,MISO ,1.6,1.6,1993,2.74,1.23,7,12,0,0,0,0,0,0,0,-89.685,38.741,o-g-s_n_fsa,n,fsa,1,0,(OP) Operating,Oil Turbine,26421
o-g-s,1.6,,2043,1993,TRUE,10745,p17119,8573,946,IC2,Highland,1,CTO,ET,MISO ,1.6,1.6,1993,2.74,1.23,7,12,0,0,0,0,0,0,0,-89.685,38.741,o-g-s_n_fsa,n,fsa,1,0,(OP) Operating,Oil Turbine,26422
o-g-s,1.6,,2043,1993,TRUE,10745,p17119,8573,946,IC3,Highland,1,CTO,ET,MISO ,1.6,1.6,1993,2.74,1.23,7,12,0,0,0,0,0,0,0,-89.685,38.741,o-g-s_n_fsa,n,fsa,1,0,(OP) Operating,Oil Turbine,26423
o-g-s,2,,2023,1967,TRUE,10745,p17119,8573,946,IC5,Highland,1,CTX,ET,MISO ,2,2,1967,2.74,1.23,3,3,0,0,0,0,0,0,0,-89.6849,38.7412,o-g-s_n_fsa,n,fsa,1,0,(R) Retired,Oil/Gas Turbine,26424
o-g-s,2,,2023,1968,TRUE,10745,p17119,8573,946,IC6,Highland,1,CTX,ET,MISO ,2,2,1968,2.74,1.23,1,3,0,0,0,0,0,0,0,-89.6849,38.7412,o-g-s_n_fsa,n,fsa,1,0,(R) Retired,Oil/Gas Turbine,26425
gas-ct,4,,2026,1971,TRUE,10745,p17119,8573,946,IC7,Highland,1,CTX,ET,MISO ,4.4,4,1971,2.74,1.23,8,12,0,0,0,0,0,0,0,-89.685,38.741,gas-ct_n_fsa,n,fsa,1,0,(OP) Operating,Oil/Gas Turbine,26426
gas-ct,4,,2026,1971,TRUE,10745,p17119,8573,946,IC8,Highland,1,CTX,ET,MISO ,4.4,4,1971,2.74,1.23,8,12,0,0,0,0,0,0,0,-89.685,38.741,gas-ct_n_fsa,n,fsa,1,0,(OP) Operating,Oil/Gas Turbine,26427
o-g-s,0.4,,2035,1950,TRUE,10745,p17065,12167,948,2,McLeansboro,1,CTO,ET,MISO ,0.6,0.4,1950,2.74,1.23,12,12,0,0,0,0,0,0,0,-88.541,38.095,o-g-s_n_fsa,n,fsa,1,0,(OP) Operating,Oil Turbine,26428
o-g-s,1.8,,2029,1979,TRUE,10745,p17065,12167,948,5,McLeansboro,1,CTO,ET,MISO ,2,1.8,1979,2.74,1.23,12,12,0,0,0,0,0,0,0,-88.541,38.095,o-g-s_n_fsa,n,fsa,1,0,(OP) Operating,Oil Turbine,26429
o-g-s,2.2,,2029,1979,TRUE,10745,p17065,12167,948,6,McLeansboro,1,CTO,ET,MISO ,2.4,2.2,1979,2.74,1.23,12,12,0,0,0,0,0,0,0,-88.541,38.095,o-g-s_n_fsa,n,fsa,1,0,(OP) Operating,Oil Turbine,26430
o-g-s,1,,2045,1995,TRUE,10745,p17065,12167,948,7,McLeansboro,1,CTO,ET,MISO ,1.1,1,1995,2.74,1.23,1,12,0,0,0,0,0,0,0,-88.541,38.095,o-g-s_n_fsa,n,fsa,1,0,(OP) Operating,Oil Turbine,26431
o-g-s,1,,2044,1994,TRUE,10745,p17065,12167,948,8,McLeansboro,1,CTO,ET,MISO ,1.1,1,1994,2.74,1.23,12,12,0,0,0,0,0,0,0,-88.541,38.095,o-g-s_n_fsa,n,fsa,1,0,(OP) Operating,Oil Turbine,26432
o-g-s,2,,2052,2002,TRUE,10745,p17065,12167,948,9,McLeansboro,1,CTO,ET,MISO ,2,2,2002,2.74,1.23,6,12,0,0,0,0,0,0,0,-88.541,38.095,o-g-s_n_fsa,n,fsa,1,0,(OP) Operating,Oil Turbine,26433
o-g-s,1.8,,2052,2002,TRUE,10745,p17023,11736,949,10,Marshall (IL),1,CTO,ET,MISO ,1.8,1.8,2002,2.74,1.23,4,12,0,0,0,0,0,0,0,-87.68513,39.392138,o-g-s_n_fsa,n,fsa,1,1,(OP) Operating,Oil Turbine,26434
o-g-s,1.8,,2052,2002,TRUE,10745,p17023,11736,949,11,Marshall (IL),1,CTO,ET,MISO ,1.8,1.8,2002,2.74,1.23,4,12,0,0,0,0,0,0,0,-87.68513,39.392138,o-g-s_n_fsa,n,fsa,1,1,(OP) Operating,Oil Turbine,26435
o-g-s,1.8,,2057,2007,TRUE,10745,p17023,11736,949,12,Marshall (IL),1,CTO,ET,MISO ,1.8,1.8,2007,2.74,1.23,1,12,0,0,0,0,0,0,0,-87.68513,39.392138,o-g-s_n_fsa,n,fsa,1,1,(OP) Operating,Oil Turbine,26436
o-g-s,1.8,,2057,2007,TRUE,10745,p17023,11736,949,13,Marshall (IL),1,CTO,ET,MISO ,1.8,1.8,2007,2.74,1.23,1,12,0,0,0,0,0,0,0,-87.68513,39.392138,o-g-s_n_fsa,n,fsa,1,1,(OP) Operating,Oil Turbine,26437
o-g-s,2.5,,2052,2002,TRUE,10745,p17023,11736,949,5,Marshall (IL),1,CTO,ET,MISO ,2.5,2.5,2002,2.74,1.23,9,12,0,0,0,0,0,0,0,-87.68513,39.392138,o-g-s_n_fsa,n,fsa,1,1,(OP) Operating,Oil Turbine,26438
o-g-s,1.8,,2052,2002,TRUE,10745,p17023,11736,949,6,Marshall (IL),1,CTO,ET,MISO ,1.8,1.8,2002,2.74,1.23,4,12,0,0,0,0,0,0,0,-87.68513,39.392138,o-g-s_n_fsa,n,fsa,1,1,(OP) Operating,Oil Turbine,26439
o-g-s,1.8,,2052,2002,TRUE,10745,p17023,11736,949,7,Marshall (IL),1,CTO,ET,MISO ,1.8,1.8,2002,2.74,1.23,4,12,0,0,0,0,0,0,0,-87.68513,39.392138,o-g-s_n_fsa,n,fsa,1,1,(OP) Operating,Oil Turbine,26440
o-g-s,1.8,,2052,2002,TRUE,10745,p17023,11736,949,8,Marshall (IL),1,CTO,ET,MISO ,1.8,1.8,2002,2.74,1.23,4,12,0,0,0,0,0,0,0,-87.68513,39.392138,o-g-s_n_fsa,n,fsa,1,1,(OP) Operating,Oil Turbine,26441
o-g-s,1.8,,2052,2002,TRUE,10745,p17023,11736,949,9,Marshall (IL),1,CTO,ET,MISO ,1.8,1.8,2002,2.74,1.23,4,12,0,0,0,0,0,0,0,-87.68513,39.392138,o-g-s_n_fsa,n,fsa,1,1,(OP) Operating,Oil Turbine,26442
o-g-s,2.7,,2061,2011,TRUE,10745,p17099,14840,955,11,City of Peru Plank Road Generating Station,1,CTO,ET,MISO ,2.7,2.7,2011,28.46,8.08,4,12,0,0,0,0,0,0,0,-89.13909,41.353293,o-g-s_n_fsa,n,fsa,1,1,(OP) Operating,Oil Turbine,26443
o-g-s,2.7,,2061,2011,TRUE,10745,p17099,14840,955,12,City of Peru Plank Road Generating Station,1,CTO,ET,MISO ,2.7,2.7,2011,28.46,8.08,4,12,0,0,0,0,0,0,0,-89.13909,41.353293,o-g-s_n_fsa,n,fsa,1,1,(OP) Operating,Oil Turbine,26444
o-g-s,2.7,,2061,2011,TRUE,10745,p17099,14840,955,13,City of Peru Plank Road Generating Station,1,CTO,ET,MISO ,2.7,2.7,2011,28.46,8.08,4,12,0,0,0,0,0,0,0,-89.13909,41.353293,o-g-s_n_fsa,n,fsa,1,1,(OP) Operating,Oil Turbine,26445
o-g-s,2.7,,2061,2011,TRUE,10745,p17099,14840,955,14,City of Peru Plank Road Generating Station,1,CTO,ET,MISO ,2.7,2.7,2011,28.46,8.08,4,12,0,0,0,0,0,0,0,-89.13909,41.353293,o-g-s_n_fsa,n,fsa,1,1,(OP) Operating,Oil Turbine,26446
o-g-s,2.7,,2061,2011,TRUE,10745,p17099,14840,955,15,City of Peru Plank Road Generating Station,1,CTO,ET,MISO ,2.7,2.7,2011,28.46,8.08,4,12,0,0,0,0,0,0,0,-89.13909,41.353293,o-g-s_n_fsa,n,fsa,1,1,(OP) Operating,Oil Turbine,26447
o-g-s,2.7,,2061,2011,TRUE,10745,p17099,14840,955,16,Peru (IL),1,CTO,ET,MISO ,2.7,2.7,2011,28.46,8.08,9,12,0,0,0,0,0,0,0,-89.112,41.324,o-g-s_n_fsa,n,fsa,1,0,(OP) Operating,Oil Turbine,26448
o-g-s,2.7,,2061,2011,TRUE,10745,p17099,14840,955,17,Peru (IL),1,CTO,ET,MISO ,2.7,2.7,2011,28.46,8.08,9,12,0,0,0,0,0,0,0,-89.112,41.324,o-g-s_n_fsa,n,fsa,1,0,(OP) Operating,Oil Turbine,26449
o-g-s,8.6,,2035,1968,TRUE,23505,p17099,14840,955,GT1,Peru (IL),1,CTO,ET,MISO ,10,8.6,1968,28.46,8.08,10,12,0,0,0,0,0,0,0,-89.112,41.324,o-g-s_n_fsa,n,fsa,1,0,(OP) Operating,Oil Turbine,26450
hydEND,1.7,,2296,1996,TRUE,,p17099,14840,955,HC1,Peru (IL),1,HYC,HY,MISO ,1.9,1.7,1996,0,14.01,9,12,0,0,0,0,0,0,0,-89.112,41.324,hydEND_n_fsa,n,fsa,1,0,(OP) Operating,Conventional Hydroelectric,26451
hydEND,1.7,,2296,1996,TRUE,,p17099,14840,955,HC2,Peru (IL),1,HYC,HY,MISO ,1.9,1.7,1996,0,14.01,9,12,0,0,0,0,0,0,0,-89.112,41.324,hydEND_n_fsa,n,fsa,1,0,(OP) Operating,Conventional Hydroelectric,26452
hydEND,1.7,,2296,1996,TRUE,,p17099,14840,955,HC3,Peru (IL),1,HYC,HY,MISO ,1.9,1.7,1996,0,14.01,9,12,0,0,0,0,0,0,0,-89.112,41.324,hydEND_n_fsa,n,fsa,1,0,(OP) Operating,Conventional Hydroelectric,26453
hydEND,1.7,,2296,1996,TRUE,,p17099,14840,955,HC4,Peru (IL),1,HYC,HY,MISO ,1.9,1.7,1996,0,14.01,9,12,0,0,0,0,0,0,0,-89.112,41.324,hydEND_n_fsa,n,fsa,1,0,(OP) Operating,Conventional Hydroelectric,26454
gas-ct,2.3,,2035,1953,TRUE,25000,p17011,15388,957,1,Princeton (IL),1,CTX,ET,MISO ,2.3,2.3,1953,2.74,0.31,7,12,0,0,0,0,0,0,0,-89.465,41.376,gas-ct_n_fsa,n,fsa,1,0,(OP) Operating,Oil/Gas Turbine,26455
gas-ct,3,,2035,1958,TRUE,25000,p17011,15388,957,2,Princeton (IL),1,CTX,ET,MISO ,3,3,1958,2.74,0.31,4,12,0,0,0,0,0,0,0,-89.465,41.376,gas-ct_n_fsa,n,fsa,1,0,(OP) Operating,Oil/Gas Turbine,26456
gas-ct,3.4,,2035,1965,TRUE,25000,p17011,15388,957,3,Princeton (IL),1,CTX,ET,MISO ,3.4,3.4,1965,2.74,0.31,8,12,0,0,0,0,0,0,0,-89.465,41.376,gas-ct_n_fsa,n,fsa,1,0,(OP) Operating,Oil/Gas Turbine,26457
gas-ct,3.4,,2035,1965,TRUE,25000,p17011,15388,957,4,Princeton (IL),1,CTX,ET,MISO ,3.4,3.4,1965,2.74,0.31,1,12,0,0,0,0,0,0,0,-89.465,41.376,gas-ct_n_fsa,n,fsa,1,0,(OP) Operating,Oil/Gas Turbine,26458
gas-ct,4.4,,2026,1971,TRUE,25000,p17011,15388,957,5,Princeton (IL),1,CTX,ET,MISO ,4.4,4.4,1971,2.74,0.31,7,12,0,0,0,0,0,0,0,-89.465,41.376,gas-ct_n_fsa,n,fsa,1,0,(OP) Operating,Oil/Gas Turbine,26459
gas-ct,5.5,,2026,1971,TRUE,25000,p17011,15388,957,6,Princeton (IL),1,CTX,ET,MISO ,5.6,5.5,1971,2.74,0.31,8,12,0,0,0,0,0,0,0,-89.465,41.376,gas-ct_n_fsa,n,fsa,1,0,(OP) Operating,Oil/Gas Turbine,26460
gas-ct,7,,2031,1976,TRUE,25000,p17011,15388,957,7,Princeton (IL),1,CTX,ET,MISO ,7,7,1976,2.74,0.31,9,12,0,0,0,0,0,0,0,-89.465,41.376,gas-ct_n_fsa,n,fsa,1,0,(OP) Operating,Oil/Gas Turbine,26461
gas-ct,8.7,,2031,1976,TRUE,25000,p17011,15388,957,8,Princeton (IL),1,CTX,ET,MISO ,8.8,8.7,1976,2.74,0.31,9,12,0,0,0,0,0,0,0,-89.465,41.376,gas-ct_n_fsa,n,fsa,1,0,(OP) Operating,Oil/Gas Turbine,26462
o-g-s,1.8,,2050,2000,TRUE,10745,p17019,15686,958,10,Rantoul,1,CTO,ET,MISO ,1.8,1.8,2000,2.74,0.31,8,12,0,0,0,0,0,0,0,-88.15944,40.312222,o-g-s_n_fsa,n,fsa,1,1,(OP) Operating,Oil Turbine,26463
o-g-s,1.8,,2050,2000,TRUE,10745,p17019,15686,958,11,Rantoul,1,CTO,ET,MISO ,1.8,1.8,2000,2.74,0.31,8,12,0,0,0,0,0,0,0,-88.15944,40.312222,o-g-s_n_fsa,n,fsa,1,1,(OP) Operating,Oil Turbine,26464
o-g-s,1.8,,2050,2000,TRUE,10745,p17019,15686,958,12,Rantoul,1,CTO,ET,MISO ,1.8,1.8,2000,2.74,0.31,8,12,0,0,0,0,0,0,0,-88.15944,40.312222,o-g-s_n_fsa,n,fsa,1,1,(OP) Operating,Oil Turbine,26465
o-g-s,1.8,,2050,2000,TRUE,10745,p17019,15686,958,13,Rantoul,1,CTO,ET,MISO ,1.8,1.8,2000,2.74,0.31,8,12,0,0,0,0,0,0,0,-88.15944,40.312222,o-g-s_n_fsa,n,fsa,1,1,(OP) Operating,Oil Turbine,26466
o-g-s,1.8,,2050,2000,TRUE,10745,p17019,15686,958,14,Rantoul,1,CTO,ET,MISO ,1.8,1.8,2000,2.74,0.31,8,12,0,0,0,0,0,0,0,-88.15944,40.312222,o-g-s_n_fsa,n,fsa,1,1,(OP) Operating,Oil Turbine,26467
o-g-s,1.8,,2051,2001,TRUE,10745,p17019,15686,958,15,Rantoul,1,CTO,ET,MISO ,1.8,1.8,2001,2.74,0.31,1,12,0,0,0,0,0,0,0,-88.15944,40.312222,o-g-s_n_fsa,n,fsa,1,1,(OP) Operating,Oil Turbine,26468
o-g-s,1.8,,2051,2001,TRUE,10745,p17019,15686,958,16,Rantoul,1,CTO,ET,MISO ,1.8,1.8,2001,2.74,0.31,1,12,0,0,0,0,0,0,0,-88.15944,40.312222,o-g-s_n_fsa,n,fsa,1,1,(OP) Operating,Oil Turbine,26469
o-g-s,1.8,,2050,2000,TRUE,10745,p17019,15686,958,9,Rantoul,1,CTO,ET,MISO ,1.8,1.8,2000,2.74,0.31,8,12,0,0,0,0,0,0,0,-88.15944,40.312222,o-g-s_n_fsa,n,fsa,1,1,(OP) Operating,Oil Turbine,26470
o-g-s,2.2,,2035,1968,TRUE,10835,p17157,15772,959,1,Red Bud,1,CTO,ET,MISO ,2.4,2.2,1968,2.74,1.23,7,12,0,0,0,0,0,0,0,-89.9992,38.2165,o-g-s_n_fsa,n,fsa,1,1,(OP) Operating,Oil Turbine,26471
o-g-s,0.9,,2035,1959,TRUE,10825,p17157,15772,959,2,Red Bud,1,CTO,ET,MISO ,1.1,1,1959,2.74,1.23,3,12,0,0,0,0,0,0,0,-89.9992,38.2165,o-g-s_n_fsa,n,fsa,1,1,(OP) Operating,Oil Turbine,26472
o-g-s,2.2,,2035,1964,TRUE,10835,p17157,15772,959,3,Red Bud,1,CTO,ET,MISO ,2.4,2.2,1964,2.74,1.23,11,12,0,0,0,0,0,0,0,-89.9992,38.2165,o-g-s_n_fsa,n,fsa,1,1,(OP) Operating,Oil Turbine,26473
o-g-s,3,,2035,1973,TRUE,10834,p17157,15772,959,4,Red Bud,1,CTO,ET,MISO ,3.5,3,1973,2.74,1.23,3,12,0,0,0,0,0,0,0,-89.9992,38.2165,o-g-s_n_fsa,n,fsa,1,1,(OP) Operating,Oil Turbine,26474
o-g-s,3,,2052,2002,TRUE,10827,p17157,15772,959,7,Red Bud,1,CTO,ET,MISO ,2.8,3,2002,2.74,1.23,6,12,0,0,0,0,0,0,0,-89.9992,38.2165,o-g-s_n_fsa,n,fsa,1,1,(OP) Operating,Oil Turbine,26475
o-g-s,3,,2052,2002,TRUE,10827,p17157,15772,959,8,Red Bud,1,CTO,ET,MISO ,2.8,3,2002,2.74,1.23,6,12,0,0,0,0,0,0,0,-89.9992,38.2165,o-g-s_n_fsa,n,fsa,1,1,(OP) Operating,Oil Turbine,26476
o-g-s,0.6,,2035,1940,TRUE,11606,p17141,16179,960,1,North Ninth Street,1,CTO,ET,PJM ,0.3,0.6,1940,2.74,1.23,10,12,0,0,0,0,0,0,0,-89.0498,41.9093,o-g-s_n_fsa,n,fsa,1,1,(OP) Operating,Oil Turbine,26477
gas-ct,2,,2044,1989,TRUE,11602,p17141,16179,960,10,North Ninth Street,1,CTX,ET,PJM ,2.5,2,1989,2.74,1.23,5,12,0,0,0,0,0,0,0,-89.0498,41.9093,gas-ct_n_fsa,n,fsa,1,1,(OP) Operating,Oil/Gas Turbine,26478
gas-ct,2,,2035,1956,TRUE,11602,p17141,16179,960,3,North Ninth Street,1,CTX,ET,PJM ,2.5,2,1956,2.74,1.23,7,12,0,0,0,0,0,0,0,-89.0498,41.9093,gas-ct_n_fsa,n,fsa,1,1,(OP) Operating,Oil/Gas Turbine,26479
o-g-s,0.7,,2035,1946,TRUE,11601,p17141,16179,960,4,North Ninth Street,1,CTO,ET,PJM ,1,0.7,1946,2.74,1.23,10,12,0,0,0,0,0,0,0,-89.0498,41.9093,o-g-s_n_fsa,n,fsa,1,1,(OP) Operating,Oil Turbine,26480
gas-ct,2,,2035,1954,TRUE,11602,p17141,16179,960,6,North Ninth Street,1,CTX,ET,PJM ,2.5,2,1954,2.74,1.23,4,12,0,0,0,0,0,0,0,-89.0498,41.9093,gas-ct_n_fsa,n,fsa,1,1,(OP) Operating,Oil/Gas Turbine,26481
gas-ct,3.5,,2035,1967,TRUE,11609,p17141,16179,960,7,North Ninth Street,1,CTX,ET,PJM ,3.8,3.5,1967,2.74,1.23,2,12,0,0,0,0,0,0,0,-89.0498,41.9093,gas-ct_n_fsa,n,fsa,1,1,(OP) Operating,Oil/Gas Turbine,26482
o-g-s,0.5,,2035,1949,TRUE,11609,p17141,16179,960,8,North Ninth Street,1,CTO,ET,PJM ,1,0.5,1949,2.74,1.23,6,12,0,0,0,0,0,0,0,-89.0498,41.9093,o-g-s_n_fsa,n,fsa,1,1,(OP) Operating,Oil Turbine,26483
gas-ct,3,,2044,1989,TRUE,11602,p17141,16179,960,9,North Ninth Street,1,CTX,ET,PJM ,3.5,3,1989,2.74,1.23,5,12,0,0,0,0,0,0,0,-89.0498,41.9093,gas-ct_n_fsa,n,fsa,1,1,(OP) Operating,Oil/Gas Turbine,26484
upv,0.3,,2044,2014,TRUE,,p17141,16179,960,SOL1,North Ninth Street,1,SPV,PV,PJM ,0.3,0.3,2014,0,7.71,11,12,0,0,0,0,0,0,0,-89.0498,41.9093,upv_n_fsu,n,fsu,1,1,(OP) Operating,Solar Photovoltaic,26485
gas-ct,1.6,,2035,1967,TRUE,19753,p17141,16179,961,1,South Main Street,1,CTX,ET,PJM ,2.5,1.6,1967,2.74,1.23,9,12,0,0,0,0,0,0,0,-89.05,41.909,gas-ct_n_fg,n,fg,1,0,(OP) Operating,Oil/Gas Turbine,26486
o-g-s,1.8,,2064,2014,TRUE,19753,p17141,16179,961,13,South Main Street,1,CTO,ET,PJM ,1.8,1.8,2014,2.74,1.23,10,12,0,0,0,0,0,0,0,-89.05,41.909,o-g-s_n_fsu,n,fsu,1,0,(OP) Operating,Oil Turbine,26487
o-g-s,1.8,,2064,2014,TRUE,19753,p17141,16179,961,14,South Main Street,1,CTO,ET,PJM ,1.8,1.8,2014,2.74,1.23,10,12,0,0,0,0,0,0,0,-89.05,41.909,o-g-s_n_fsu,n,fsu,1,0,(OP) Operating,Oil Turbine,26488
o-g-s,1.8,,2064,2014,TRUE,19753,p17141,16179,961,15,South Main Street,1,CTO,ET,PJM ,1.8,1.8,2014,2.74,1.23,10,12,0,0,0,0,0,0,0,-89.05,41.909,o-g-s_n_fsu,n,fsu,1,0,(OP) Operating,Oil Turbine,26489
o-g-s,1.8,,2066,2016,TRUE,10745,p17141,16179,961,16,South Main Street,1,CTO,ET,PJM ,1.8,1.8,2016,2.74,1.23,6,12,0,0,0,0,0,0,0,-89.0504,41.9092,o-g-s_n_fsa,n,fsa,1,1,(OP) Operating,Oil Turbine,26490
o-g-s,1.8,,2066,2016,TRUE,10745,p17141,16179,961,17,South Main Street,1,CTO,ET,PJM ,1.8,1.8,2016,2.74,1.23,6,12,0,0,0,0,0,0,0,-89.0504,41.9092,o-g-s_n_fsa,n,fsa,1,1,(OP) Operating,Oil Turbine,26491
o-g-s,1.8,,2066,2016,TRUE,10745,p17141,16179,961,18,South Main Street,1,CTO,ET,PJM ,1.8,1.8,2016,2.74,1.23,6,12,0,0,0,0,0,0,0,-89.0504,41.9092,o-g-s_n_fsa,n,fsa,1,1,(OP) Operating,Oil Turbine,26492
gas-ct,2,,2035,1967,TRUE,19753,p17141,16179,961,2,South Main Street,1,CTX,ET,PJM ,2.5,2,1967,2.74,1.23,9,12,0,0,0,0,0,0,0,-89.05,41.909,gas-ct_n_fg,n,fg,1,0,(OP) Operating,Oil/Gas Turbine,26493
coalolduns,64,,2020,1968,TRUE,13797,p17167,17828,963,1,Dallman,1,CSU,H1,MISO ,90.2,64,1968,2.15,36.02,6,12,2265.49,16.8,2.67,21368.67,0,0,1,-89.60239,39.754803,coalolduns_r_fsa,r,fsa,1,0,(R) Retired,Coal Steam post-1965,26494
coaloldscr,60,,2020,1972,TRUE,13797,p17167,17828,963,2,Dallman,1,CSU,H1,MISO ,90.2,60,1972,1.84,40.43,6,12,2321.79,17.22,2.74,21368.67,0,0,1,-89.60239,39.754803,coaloldscr_r_fsa,r,fsa,1,0,(R) Retired,Coal Steam post-1965,26495
coaloldscr,159,,2024,2005,TRUE,11181,p17167,17828,963,3,Dallman,7,CSC,C7,MISO ,207.3,159,1978,1.68,33.26,1,3,1432.45,10.62,1.69,16123.16,11.74,0,1,-89.60239,39.754803,coaloldscr_r_fsa,r,fsa,1,0,(R) Retired,Coal Steam with Scrubber,26496
coal-new,204.7,,2084,2009,TRUE,11268,p17167,17828,963,4,Dallman,1,CSC,B5,MISO ,230.1,204.7,2009,1.68,33.26,5,12,1307.02,9.69,1.54,16275.01,11.74,0,1,-89.60239,39.754803,coal-new_r_fsa,r,fsa,1,1,(OP) Operating,Coal Steam with Scrubber,26497
o-g-s,1.7,,2052,2002,TRUE,12159,p17167,17828,964,D1,Lakeside,1,CTO,ET,MISO ,1.8,1.7,2002,5.48,1.23,6,12,0,0,0,0,0,0,0,-89.60051,39.757327,o-g-s_n_fsa,n,fsa,1,1,(OP) Operating,Oil Turbine,26498
o-g-s,1.7,,2052,2002,TRUE,12159,p17167,17828,964,D2,Lakeside,1,CTO,ET,MISO ,1.8,1.7,2002,5.48,1.23,6,12,0,0,0,0,0,0,0,-89.60051,39.757327,o-g-s_n_fsa,n,fsa,1,1,(OP) Operating,Oil Turbine,26499
o-g-s,1.7,,2052,2002,TRUE,12159,p17167,17828,964,D3,Lakeside,1,CTO,ET,MISO ,1.8,1.7,2002,5.48,1.23,6,12,0,0,0,0,0,0,0,-89.60051,39.757327,o-g-s_n_fsa,n,fsa,1,1,(OP) Operating,Oil Turbine,26500
o-g-s,12.8,,2035,1970,TRUE,13904,p17167,17828,965,1,Reynolds,1,CTO,ET,MISO ,17.5,18.3,1970,0.29,0.31,11,12,0,0,0,0,0,0,0,-89.64165,39.806868,o-g-s_n_fsa,n,fsa,1,1,(OP) Operating,Oil Turbine,26501
gas-ct,11.4,,2035,1964,TRUE,17790,p55025,11479,9674,GT1,Nine Springs,1,CTG,ET,MISO ,16.2,18.3,1964,28.46,1.23,12,12,0,0,0,0,0,0,0,-89.3586,43.0386,gas-ct_n_fsa,n,fsa,1,1,(OP) Operating,Gas Turbine,26502
o-g-s,4.3,,2035,1974,TRUE,10745,p17139,18277,969,1,Sullivan (IL),1,CTO,ET,MISO ,4.3,4.3,1974,2.74,1.23,12,12,0,0,0,0,0,0,0,-88.61194,39.596667,o-g-s_n_fsa,n,fsa,1,1,(OP) Operating,Oil Turbine,26503
o-g-s,2.4,,2035,1971,TRUE,19145,p17139,18277,969,10,Sullivan (IL),1,CTO,ET,MISO ,2.4,2.4,1971,2.74,1.23,6,12,0,0,0,0,0,0,0,-88.612,39.597,o-g-s_n_fsa,n,fsa,1,0,(OP) Operating,Oil Turbine,26504
o-g-s,2.4,,2046,1996,TRUE,19145,p17139,18277,969,11,Sullivan (IL),1,CTO,ET,MISO ,2,2.4,1996,2.74,1.23,2,12,0,0,0,0,0,0,0,-88.612,39.597,o-g-s_n_fsa,n,fsa,1,0,(OP) Operating,Oil Turbine,26505
o-g-s,1.1,,2046,1996,TRUE,19145,p17139,18277,969,12,Sullivan (IL),1,CTO,ET,MISO ,1.1,1.1,1996,2.74,1.23,2,12,0,0,0,0,0,0,0,-88.612,39.597,o-g-s_n_fsa,n,fsa,1,0,(OP) Operating,Oil Turbine,26506
o-g-s,2.3,,2062,2012,TRUE,10745,p17139,18277,969,13,Sullivan (IL),1,CTO,ET,MISO ,2.3,2.3,2012,2.74,1.23,11,12,0,0,0,0,0,0,0,-88.61194,39.596667,o-g-s_n_fsa,n,fsa,1,1,(OP) Operating,Oil Turbine,26507
o-g-s,2.3,,2062,2012,TRUE,10745,p17139,18277,969,14,Sullivan (IL),1,CTO,ET,MISO ,2.3,2.3,2012,2.74,1.23,11,12,0,0,0,0,0,0,0,-88.61194,39.596667,o-g-s_n_fsa,n,fsa,1,1,(OP) Operating,Oil Turbine,26508
o-g-s,2.3,,2062,2012,TRUE,10745,p17139,18277,969,15,Sullivan (IL),1,CTO,ET,MISO ,2.3,2.3,2012,2.74,1.23,11,12,0,0,0,0,0,0,0,-88.61194,39.596667,o-g-s_n_fsa,n,fsa,1,1,(OP) Operating,Oil Turbine,26509
o-g-s,2,,2035,1961,TRUE,19145,p17139,18277,969,2,Sullivan (IL),1,CTO,ET,MISO ,2,2,1961,2.74,1.23,11,12,0,0,0,0,0,0,0,-88.612,39.597,o-g-s_n_fsa,n,fsa,1,0,(OP) Operating,Oil Turbine,26510
o-g-s,1.5,,2035,1956,TRUE,19145,p17139,18277,969,3,Sullivan (IL),1,CTO,ET,MISO ,1.5,1.5,1956,2.74,1.23,11,12,0,0,0,0,0,0,0,-88.612,39.597,o-g-s_n_fsa,n,fsa,1,0,(OP) Operating,Oil Turbine,26511
o-g-s,1.1,,2023,1951,TRUE,17883,p17139,18277,969,4,Sullivan (IL),1,CTO,ET,MISO ,1.1,1.1,1951,2.74,1.23,5,9,0,0,0,0,0,0,0,-88.61194,39.596667,o-g-s_n_fsa,n,fsa,1,0,(R) Retired,Oil Turbine,26512
o-g-s,1.1,,2035,1948,TRUE,19145,p17139,18277,969,5,Sullivan (IL),1,CTO,ET,MISO ,1.1,1.1,1948,2.74,1.23,9,12,0,0,0,0,0,0,0,-88.612,39.597,o-g-s_n_fsa,n,fsa,1,0,(OP) Operating,Oil Turbine,26513
o-g-s,0.6,,2023,1946,TRUE,18431,p17139,18277,969,6,Sullivan (IL),1,CTO,ET,MISO ,0.6,0.6,1946,2.74,1.23,6,9,0,0,0,0,0,0,0,-88.61194,39.596667,o-g-s_n_fsa,n,fsa,1,0,(R) Retired,Oil Turbine,26514
o-g-s,2.4,,2035,1971,TRUE,19145,p17139,18277,969,9,Sullivan (IL),1,CTO,ET,MISO ,2.4,2.4,1971,2.74,1.23,6,12,0,0,0,0,0,0,0,-88.612,39.597,o-g-s_n_fsa,n,fsa,1,0,(OP) Operating,Oil Turbine,26515
gas-ct,2.7,,2035,1970,TRUE,19866,p17133,20180,971,1,Waterloo,1,CTX,ET,MISO ,3.1,2.7,1970,0.29,8.08,5,12,0,0,0,0,0,0,0,-90.159,38.335,gas-ct_n_fsa,n,fsa,1,0,(OP) Operating,Oil/Gas Turbine,26516
o-g-s,1.8,,2046,1996,TRUE,10745,p17133,20180,971,10,Waterloo,1,CTO,ET,MISO ,1.8,1.8,1996,0.29,8.08,6,12,0,0,0,0,0,0,0,-90.15894,38.334786,o-g-s_n_fsa,n,fsa,1,1,(OP) Operating,Oil Turbine,26517
o-g-s,1.8,,2046,1996,TRUE,10745,p17133,20180,971,11,Waterloo,1,CTO,ET,MISO ,1.8,1.8,1996,0.29,8.08,6,12,0,0,0,0,0,0,0,-90.15894,38.334786,o-g-s_n_fsa,n,fsa,1,1,(OP) Operating,Oil Turbine,26518
gas-ct,6.6,,2057,2002,TRUE,11729,p17133,20180,971,12,Waterloo,1,CTX,ET,MISO ,6.6,7,2002,0.29,8.08,5,12,0,0,0,0,0,0,0,-90.15894,38.334786,gas-ct_n_fsa,n,fsa,1,1,(OP) Operating,Oil/Gas Turbine,26519
gas-ct,6.6,,2067,2012,TRUE,11755,p17133,20180,971,13,Waterloo,1,CTX,ET,MISO ,7,7,2012,0.29,8.08,5,12,0,0,0,0,0,0,0,-90.15894,38.334786,gas-ct_n_fsa,n,fsa,1,1,(OP) Operating,Oil/Gas Turbine,26520
gas-ct,7.5,,2080,2025,TRUE,9514.5,p17133,,971,14,Waterloo,,,,MISO,8,8,2025,0.29,8.08,,,,,,,,,,-90.15894,38.334786,gas-ct_n_fsa,n,fsa,0,1,"(V) Under construction, more than 50 percent complete",,26521
o-g-s,0.2,,2035,1954,TRUE,19866,p17133,20180,971,2,Waterloo,1,CTO,ET,MISO ,0.2,0.2,1954,0.29,8.08,6,12,0,0,0,0,0,0,0,-90.159,38.335,o-g-s_n_fsa,n,fsa,1,0,(OP) Operating,Oil Turbine,26522
o-g-s,0.2,,2035,1946,TRUE,19866,p17133,20180,971,3,Waterloo,1,CTO,ET,MISO ,0.2,0.2,1946,0.29,8.08,6,12,0,0,0,0,0,0,0,-90.159,38.335,o-g-s_n_fsa,n,fsa,1,0,(OP) Operating,Oil Turbine,26523
gas-ct,1.8,,2035,1963,TRUE,19866,p17133,20180,971,4,Waterloo,1,CTX,ET,MISO ,2,1.8,1963,0.29,8.08,5,12,0,0,0,0,0,0,0,-90.159,38.335,gas-ct_n_fsa,n,fsa,1,0,(OP) Operating,Oil/Gas Turbine,26524
o-g-s,0.4,,2035,1950,TRUE,19866,p17133,20180,971,5,Waterloo,1,CTO,ET,MISO ,0.5,0.4,1950,0.29,8.08,6,12,0,0,0,0,0,0,0,-90.159,38.335,o-g-s_n_fsa,n,fsa,1,0,(OP) Operating,Oil Turbine,26525
o-g-s,0.5,,2035,1950,TRUE,19866,p17133,20180,971,6,Waterloo,1,CTO,ET,MISO ,0.5,0.5,1950,0.29,8.08,6,12,0,0,0,0,0,0,0,-90.159,38.335,o-g-s_n_fsa,n,fsa,1,0,(OP) Operating,Oil Turbine,26526
gas-ct,1.5,,2035,1959,TRUE,19866,p17133,20180,971,7,Waterloo,1,CTX,ET,MISO ,1.7,1.5,1959,0.29,8.08,6,12,0,0,0,0,0,0,0,-90.159,38.335,gas-ct_n_fsa,n,fsa,1,0,(OP) Operating,Oil/Gas Turbine,26527
o-g-s,2.4,,2035,1973,TRUE,19866,p17133,20180,971,8,Waterloo,1,CTO,ET,MISO ,3,2.4,1973,0.29,8.08,4,12,0,0,0,0,0,0,0,-90.159,38.335,o-g-s_n_fsa,n,fsa,1,0,(OP) Operating,Oil Turbine,26528
o-g-s,1.8,,2046,1996,TRUE,10745,p17133,20180,971,9,Waterloo,1,CTO,ET,MISO ,1.8,1.8,1996,0.29,8.08,6,12,0,0,0,0,0,0,0,-90.15894,38.334786,o-g-s_n_fsa,n,fsa,1,1,(OP) Operating,Oil Turbine,26529
o-g-s,9.4,,2035,1953,TRUE,17955,p17031,20824,972,4,Winnetka,1,STX,ST,PJM ,9.4,9.4,1953,0.34,11.16,1,12,0,0,0,0,28.01,0,0,-87.731,42.116,o-g-s_r_fg,r,fg,1,0,(OP) Operating,Oil/Gas Steam,26530
o-g-s,6.3,,2035,1948,TRUE,16618,p17031,20824,972,6,Winnetka,1,STX,ST,PJM ,6.3,6.3,1948,0.34,11.16,1,12,0,0,0,0,28.01,0,0,-87.73103,42.115589,o-g-s_n_fsa,n,fsa,1,1,(OP) Operating,Oil/Gas Steam,26531
o-g-s,12.5,,2035,1960,TRUE,16831,p17031,20824,972,7,Winnetka,1,STX,ST,PJM ,12.5,12.5,1960,0.34,11.16,1,12,0,0,0,0,28.01,0,0,-87.73103,42.115589,o-g-s_n_fsa,n,fsa,1,1,(OP) Operating,Oil/Gas Steam,26532
o-g-s,2.6,,2029,1979,TRUE,10745,p17031,20824,972,8,Winnetka,1,CTO,ET,PJM ,2.6,2.6,1979,2.74,1.23,1,12,0,0,0,0,0,0,0,-87.73103,42.115589,o-g-s_n_fsa,n,fsa,1,1,(OP) Operating,Oil Turbine,26533
o-g-s,2.6,,2029,1979,TRUE,10781,p17031,20824,972,9,Winnetka,1,CTO,ET,PJM ,2.6,2.6,1979,2.74,1.23,1,12,0,0,0,0,0,0,0,-87.73103,42.115589,o-g-s_n_fsa,n,fsa,1,1,(OP) Operating,Oil Turbine,26534
coalolduns,40,,2028,1963,TRUE,13799,p17199,17632,976,1,Marion,1,CSC,B3,MISO ,33,40,1963,0.66,14.16,6,12,2755.2,20.43,3.63,22140.54,11.74,0,0,-88.95311,37.619747,coalolduns_r_fsa,r,fsa,1,1,(OP) Operating,Coal Steam with Scrubber,26535
coalolduns,40,,2028,1963,TRUE,13899,p17199,17632,976,2,Marion,1,CSC,B3,MISO ,33,40,1963,0.66,14.16,8,12,2767.54,20.52,3.82,22399.12,11.74,0,0,-88.95311,37.619747,coalolduns_r_fsa,r,fsa,1,1,(OP) Operating,Coal Steam with Scrubber,26536
coalolduns,40,,2028,1963,TRUE,13916,p17199,17632,976,3,Marion,1,CSC,B3,MISO ,33,40,1963,0.66,14.16,9,12,2769.64,20.54,3.83,22443.3,11.74,0,0,-88.95311,37.619747,coalolduns_r_fsa,r,fsa,1,1,(OP) Operating,Coal Steam with Scrubber,26537
coaloldscr,170,,2020,1978,TRUE,11181,p17199,17632,976,4,Marion,1,CSU,H1,MISO ,173,170,1978,0.63,14.16,10,11,1390.01,10.31,1.68,16069.52,8.74,0,0,-88.95311,37.619747,coaloldscr_r_fsa,r,fsa,1,0,(R) Retired,Coal Steam post-1965,26538
gas-ct,70,,2058,2003,TRUE,12792,p17199,17632,976,5,Marion,1,CTX,ET,MISO ,75,90,2003,3.5,0.34,5,12,0,0,0,0,0,0,0,-88.953,37.62,gas-ct_n_fsa,n,fsa,1,0,(OP) Operating,Oil/Gas Turbine,26539
gas-ct,70,,2058,2003,TRUE,12792,p17199,17632,976,6,Marion,1,CTX,ET,MISO ,75,90,2003,3.5,0.34,5,12,0,0,0,0,0,0,0,-88.953,37.62,gas-ct_n_fsa,n,fsa,1,0,(OP) Operating,Oil/Gas Turbine,26540
coalolduns,195.5,,2088,2013,TRUE,10987,p18077,9269,983,1,Clifty Creek,7,CSC,C7,PJM ,217.3,199.7,1955,1.31,25.96,1,12,1309.26,9.71,1.58,15695.22,11.74,0,0,-85.4206,38.7378,coalolduns_r_fsa,r,fsa,1,1,(OP) Operating,Coal Steam with Scrubber,26541
coalolduns,195.5,,2088,2013,TRUE,10904,p18077,9269,983,2,Clifty Creek,7,CSC,C7,PJM ,217.3,199.7,1955,1.31,25.96,1,12,1303.11,9.66,1.72,15526.39,11.74,0,0,-85.4206,38.7378,coalolduns_r_fsa,r,fsa,1,1,(OP) Operating,Coal Steam with Scrubber,26542
coalolduns,195.5,,2088,2013,TRUE,10990,p18077,9269,983,3,Clifty Creek,7,CSC,C7,PJM ,217.3,199.7,1955,1.31,25.96,1,12,1309.48,9.71,1.57,15701.35,11.74,0,0,-85.4206,38.7378,coalolduns_r_fsa,r,fsa,1,1,(OP) Operating,Coal Steam with Scrubber,26543
coalolduns,195.5,,2088,2013,TRUE,10880,p18077,9269,983,4,Clifty Creek,7,CSC,C7,PJM ,217.3,199.7,1955,1.31,25.96,1,12,1301.32,9.65,1.65,15477.78,11.74,0,0,-85.4206,38.7378,coalolduns_r_fsa,r,fsa,1,1,(OP) Operating,Coal Steam with Scrubber,26544
coalolduns,195.5,,2088,2013,TRUE,10893,p18077,9269,983,5,Clifty Creek,7,CSC,C7,PJM ,217.3,199.7,1955,1.31,25.96,1,12,1302.29,9.66,1.75,15504.1,11.74,0,0,-85.4206,38.7378,coalolduns_r_fsa,r,fsa,1,1,(OP) Operating,Coal Steam with Scrubber,26545
coalolduns,195.5,,2088,2013,TRUE,10891,p18077,9269,983,6,Clifty Creek,7,CSC,C4,PJM ,217.3,199.7,1956,1.31,25.96,1,12,1302.14,9.66,1.54,15500.05,11.74,0,0,-85.4206,38.7378,coalolduns_r_fsa,r,fsa,1,1,(OP) Operating,Coal Steam with Scrubber,26546
hydEND,2.3,,2270,1970,TRUE,,p53073,16868,9842,20,Newhalem,1,HYC,HY,SCL ,2.3,2.3,1970,0,11.57,2,12,0,0,0,0,0,0,0,-121.241,48.676,hydEND_n_fsa,n,fsa,1,0,(OP) Operating,Conventional Hydroelectric,26547
hydEND,0.6,,2213,1913,TRUE,,p18039,9324,986,1,Elkhart,1,HYC,HY,PJM ,1.4,1.1,1913,0,14.83,1,12,0,0,0,0,0,0,0,-85.965,41.6928,hydEND_n_fsa,n,fsa,1,1,(OP) Operating,Conventional Hydroelectric,26548
hydEND,0.4,,2221,1921,TRUE,,p18039,9324,986,2,Elkhart,1,HYC,HY,PJM ,1,0.5,1921,0,16.17,1,12,0,0,0,0,0,0,0,-85.965,41.6928,hydEND_n_fsa,n,fsa,1,1,(OP) Operating,Conventional Hydroelectric,26549
hydEND,0.4,,2221,1921,TRUE,,p18039,9324,986,3,Elkhart,1,HYC,HY,PJM ,1,0.5,1921,0,16.17,1,12,0,0,0,0,0,0,0,-85.965,41.6928,hydEND_n_fsa,n,fsa,1,1,(OP) Operating,Conventional Hydroelectric,26550
hydEND,0.6,,2193,1893,TRUE,,p25013,8776,9864,1,Cabot Holyoke,1,HYC,HY,ISNE ,0.8,0.6,1893,0,15.97,1,12,0,0,0,0,0,0,0,-72.61,42.2,hydEND_n_fsa,n,fsa,1,1,(OP) Operating,Conventional Hydroelectric,26551
hydEND,0.6,,2238,1938,TRUE,,p25013,8776,9864,2,Cabot Holyoke,1,HYC,HY,ISNE ,0.8,0.6,1938,0,15.35,1,12,0,0,0,0,0,0,0,-72.61,42.2,hydEND_n_fsa,n,fsa,1,1,(OP) Operating,Conventional Hydroelectric,26552
hydEND,0.4,,2239,1939,TRUE,,p25013,8776,9864,3,Cabot Holyoke,1,HYC,HY,ISNE ,0.4,0.4,1939,0,20.42,1,12,0,0,0,0,0,0,0,-72.61,42.2,hydEND_n_fsa,n,fsa,1,1,(OP) Operating,Conventional Hydroelectric,26553
hydEND,0.5,,2207,1907,TRUE,,p25013,8776,9864,4,Cabot Holyoke,1,HYC,HY,ISNE ,0.6,0.5,1907,0,17.57,1,12,0,0,0,0,0,0,0,-72.61,42.2,hydEND_n_fsa,n,fsa,1,1,(OP) Operating,Conventional Hydroelectric,26554
hydEND,0.2,,2284,1984,TRUE,,p16029,14354,987,1,Last Chance,1,HYC,HY,PACE ,0.2,0.2,1984,0,20.96,2,12,0,0,0,0,0,0,0,-111.7053,42.603349,hydEND_n_fsa,n,fsa,1,1,(OP) Operating,Conventional Hydroelectric,26555
hydEND,0.4,,2284,1984,TRUE,,p16029,14354,987,2,Last Chance,1,HYC,HY,PACE ,0.5,0.4,1984,0,15.1,2,12,0,0,0,0,0,0,0,-111.7053,42.603349,hydEND_n_fsa,n,fsa,1,1,(OP) Operating,Conventional Hydroelectric,26556
hydEND,0.8,,2284,1984,TRUE,,p16029,14354,987,3,Last Chance,1,HYC,HY,PACE ,1,0.8,1984,0,12.96,2,12,0,0,0,0,0,0,0,-111.7053,42.603349,hydEND_n_fsa,n,fsa,1,1,(OP) Operating,Conventional Hydroelectric,26557
hydEND,0.5,,2289,1989,TRUE,,p18141,9324,989,H1E,Twin Branch,1,HYC,HY,PJM ,0.6,0.6,1989,0,21.12,5,12,0,0,0,0,0,0,0,-86.1322,41.665,hydEND_n_fsa,n,fsa,1,1,(OP) Operating,Conventional Hydroelectric,26558
hydEND,0.5,,2289,1989,TRUE,,p18141,9324,989,H1W,Twin Branch,1,HYC,HY,PJM ,0.6,0.6,1989,0,20.62,5,12,0,0,0,0,0,0,0,-86.1322,41.665,hydEND_n_fsa,n,fsa,1,1,(OP) Operating,Conventional Hydroelectric,26559
hydEND,0.5,,2289,1989,TRUE,,p18141,9324,989,H2W,Twin Branch,1,HYC,HY,PJM ,0.6,0.6,1989,0,20.62,5,12,0,0,0,0,0,0,0,-86.1322,41.665,hydEND_n_fsa,n,fsa,1,1,(OP) Operating,Conventional Hydroelectric,26560
hydEND,0.5,,2289,1989,TRUE,,p18141,9324,989,H3W,Twin Branch,1,HYC,HY,PJM ,0.6,0.6,1989,0,20.62,5,12,0,0,0,0,0,0,0,-86.1322,41.665,hydEND_n_fsa,n,fsa,1,1,(OP) Operating,Conventional Hydroelectric,26561
hydEND,0.5,,2289,1989,TRUE,,p18141,9324,989,H4W,Twin Branch,1,HYC,HY,PJM ,0.6,0.6,1989,0,20.62,5,12,0,0,0,0,0,0,0,-86.1322,41.665,hydEND_n_fsa,n,fsa,1,1,(OP) Operating,Conventional Hydroelectric,26562
hydEND,0.5,,2289,1989,TRUE,,p18141,9324,989,H5W,Twin Branch,1,HYC,HY,PJM ,0.6,0.6,1989,0,20.62,5,12,0,0,0,0,0,0,0,-86.1322,41.665,hydEND_n_fsa,n,fsa,1,1,(OP) Operating,Conventional Hydroelectric,26563
hydEND,0.5,,2289,1989,TRUE,,p18141,9324,989,H6E,Twin Branch,1,HYC,HY,PJM ,0.6,0.6,1989,0,20.62,5,12,0,0,0,0,0,0,0,-86.1322,41.665,hydEND_n_fsa,n,fsa,1,1,(OP) Operating,Conventional Hydroelectric,26564
hydEND,0.5,,2289,1989,TRUE,,p18141,9324,989,H6W,Twin Branch,1,HYC,HY,PJM ,0.6,0.6,1989,0,20.62,5,12,0,0,0,0,0,0,0,-86.1322,41.665,hydEND_n_fsa,n,fsa,1,1,(OP) Operating,Conventional Hydroelectric,26565
gas-ct,67,,2036,1981,TRUE,14506,p53053,15500,99,1,Frederickson,1,CTX,ET,PSEI ,88.9,81.1,1981,1.75,10.54,11,12,0,0,0,0,0,0,0,-122.365,47.079722,gas-ct_n_fsa,n,fsa,1,1,(OP) Operating,Oil/Gas Turbine,26566
gas-ct,67,,2036,1981,TRUE,14507,p53053,15500,99,2,Frederickson,1,CTX,ET,PSEI ,88.9,81.1,1981,1.75,10.54,11,12,0,0,0,0,0,0,0,-122.365,47.079722,gas-ct_n_fsa,n,fsa,1,1,(OP) Operating,Oil/Gas Turbine,26567
o-g-s,101,,2033,1958,TRUE,12358,p18097,9273,990,5,Harding Street,1,STG,ST,MISO ,100,101,1958,0.18,6.09,6,12,0,0,0,0,2.97,0,0,-86.19687,39.711319,o-g-s_n_fsa,n,fsa,1,1,(OP) Operating,Gas Steam,26568
o-g-s,99,,2035,1961,TRUE,12320,p18097,9273,990,6,Harding Street,1,STG,ST,MISO ,100,99,1961,0.18,6.09,5,12,0,0,0,0,2.97,0,0,-86.19687,39.711319,o-g-s_n_fsa,n,fsa,1,1,(OP) Operating,Gas Steam,26569
o-g-s,418,,2048,1973,TRUE,12160,p18097,9273,990,7,Harding Street,1,STG,ST,MISO ,463,418,1973,0.18,6.09,7,12,0,0,0,0,2.97,0,0,-86.19687,39.711319,o-g-s_n_fsa,n,fsa,1,1,(OP) Operating,Gas Steam,26570
battery_li,20,20,2031,2016,TRUE,,p18097,9273,990,BAT1,Harding Street,1,DST,DS,MISO ,20,20,2016,0,12.54,6,12,0,0,0,0,0,0,0,-86.19687,39.711319,battery_li_n_fsu,n,fsu,1,1,(OP) Operating,Battery Storage,26571
o-g-s,19.1,,2035,1973,TRUE,12882,p18097,9273,990,GT1,Harding Street,1,CTO,ET,MISO ,26,27.4,1973,0.49,0.56,5,12,0,0,0,0,0,0,0,-86.19687,39.711319,o-g-s_n_fsa,n,fsa,1,1,(OP) Operating,Oil Turbine,26572
o-g-s,17.9,,2035,1973,TRUE,12882,p18097,9273,990,GT2,Harding Street,1,CTO,ET,MISO ,26,22.6,1973,0.49,0.56,5,12,0,0,0,0,0,0,0,-86.19687,39.711319,o-g-s_n_fsa,n,fsa,1,1,(OP) Operating,Oil Turbine,26573
gas-ct,67,,2049,1994,TRUE,12882,p18097,9273,990,GT4,Harding Street,1,CTX,ET,MISO ,83,67,1994,0.49,0.56,4,12,0,0,0,0,0,0,0,-86.19687,39.711319,gas-ct_n_fsa,n,fsa,1,1,(OP) Operating,Oil/Gas Turbine,26574
gas-ct,67,,2050,1995,TRUE,12882,p18097,9273,990,GT5,Harding Street,1,CTX,ET,MISO ,83,67,1995,0.49,0.56,1,12,0,0,0,0,0,0,0,-86.19687,39.711319,gas-ct_n_fsa,n,fsa,1,1,(OP) Operating,Oil/Gas Turbine,26575
gas-ct,154,,2057,2002,TRUE,12882,p18097,9273,990,GT6,Harding Street,1,CTG,ET,MISO ,161,154,2002,0.49,0.56,5,12,0,0,0,0,0,0,0,-86.19687,39.711319,gas-ct_n_fsa,n,fsa,1,1,(OP) Operating,Gas Turbine,26576
o-g-s,3,,2035,1967,TRUE,11703,p18097,9273,990,IC1,Harding Street,1,CTO,ET,MISO ,2.7,3,1967,0.49,0.56,4,12,0,0,0,0,0,0,0,-86.19687,39.711319,o-g-s_n_fsa,n,fsa,1,1,(OP) Operating,Oil Turbine,26577
gas-cc,205,,2073,2018,TRUE,7050,p18109,9273,991,GT1,Eagle Valley (IN),1,CCG,EC,MISO ,207,230,2018,2.5,4.15,4,12,592.52,4.62,0.82,8111.31,0,0,0,-86.4183,39.48517,gas-cc_r_fg,r,fg,1,1,(OP) Operating,Gas Combined Cycle,26578
gas-cc,205,,2073,2018,TRUE,7050,p18109,9273,991,GT2,Eagle Valley (IN),1,CCG,EC,MISO ,207,230,2018,2.5,4.15,4,12,592.52,4.62,0.82,8111.31,0,0,0,-86.4183,39.48517,gas-cc_r_fg,r,fg,1,1,(OP) Operating,Gas Combined Cycle,26579
gas-cc,263,,2073,2018,TRUE,7050,p18109,9273,991,STG1,Eagle Valley (IN),1,CCG,EC,MISO ,230,263,2018,2.5,4.15,4,12,592.52,4.62,0.82,8111.31,0,0,0,-86.4183,39.48517,gas-cc_r_fg,r,fg,1,1,(OP) Operating,Gas Combined Cycle,26580
o-g-s,3,,2035,1938,TRUE,25000,p18097,3599,992,6,CC Perry K,1,STG,ST,MISO ,5,5,1938,0.34,11.16,7,12,0,0,0,0,4.75,0,0,-86.1667,39.7631,o-g-s_n_fsa,n,fsa,1,1,(OP) Operating,Gas Steam,26581
o-g-s,1.7,,2059,2009,TRUE,25000,p18097,3599,992,7,CC Perry K,1,STG,ST,MISO ,1.7,1.7,2009,0.34,11.16,6,12,0,0,0,0,4.75,0,0,-86.1667,39.7631,o-g-s_n_fsa,n,fsa,1,0,(OP) Operating,Gas Steam,26582
o-g-s,1.7,,2059,2009,TRUE,25000,p18097,3599,992,8,CC Perry K,1,STG,ST,MISO ,1.7,1.7,2009,0.34,11.16,6,12,0,0,0,0,4.75,0,0,-86.1667,39.7631,o-g-s_n_fsa,n,fsa,1,0,(OP) Operating,Gas Steam,26583
coaloldscr,529.6,,2061,1986,TRUE,10655,p18125,9273,994,4,AES Petersburg,1,CSC,C4,MISO ,670.9,534.6,1986,0.48,10.75,4,12,881.68,6.54,1.11,15026.38,11.74,0,0,-87.2525,38.5281,coaloldscr_r_fsa,r,fsa,1,1,(OP) Operating,Coal Steam with Scrubber,26584
o-g-s,3,,2035,1967,TRUE,11486,p18125,9273,994,IC1,AES Petersburg,1,CTO,ET,MISO ,2.7,3,1967,2.74,1.23,8,12,0,0,0,0,0,0,0,-87.2525,38.5281,o-g-s_n_fsa,n,fsa,1,1,(OP) Operating,Oil Turbine,26585
o-g-s,3,,2035,1967,TRUE,11358,p18125,9273,994,IC2,AES Petersburg,1,CTO,ET,MISO ,2.7,3,1967,2.74,1.23,8,12,0,0,0,0,0,0,0,-87.2525,38.5281,o-g-s_n_fsa,n,fsa,1,1,(OP) Operating,Oil Turbine,26586
o-g-s,3,,2035,1967,TRUE,11358,p18125,9273,994,IC3,AES Petersburg,1,CTO,ET,MISO ,2.7,3,1967,2.74,1.23,8,12,0,0,0,0,0,0,0,-87.2525,38.5281,o-g-s_n_fsa,n,fsa,1,1,(OP) Operating,Oil Turbine,26587
coalolduns,222.5,,2021,1967,TRUE,11181,p18125,9273,994,ST1,AES Petersburg,1,CSC,C4,MISO ,281.6,225.1,1967,0.48,10.75,6,5,1255.37,9.31,1.55,16069.52,11.74,0,0,-87.2525,38.5281,coalolduns_r_fsa,r,fsa,1,0,(R) Retired,Coal Steam with Scrubber,26588
coalolduns,421.8,,2023,2015,TRUE,10859,p18125,9273,994,ST2,AES Petersburg,7,CSC,B5,MISO ,523.3,432.2,1969,0.48,10.75,1,6,967.45,7.17,1.28,15386.14,11.74,0,0,-87.2525,38.5281,coalolduns_r_fsa,r,fsa,1,0,(R) Retired,Coal Steam with Scrubber,26589
coaloldscr,527.6,,2052,1977,TRUE,10697,p18125,9273,994,ST3,AES Petersburg,1,CSC,B5,MISO ,670.9,540.3,1977,0.48,10.75,11,12,885.1,6.56,1.04,15110.04,11.74,0,0,-87.2525,38.5281,coaloldscr_r_fsa,r,fsa,1,1,(OP) Operating,Coal Steam with Scrubber,26590
gas-ct,31,,2020,1968,TRUE,15944,p18127,13756,995,10,Bailly,1,CTG,ET,MISO ,37.5,31,1968,2.74,0.31,11,7,0,0,0,0,0,0,0,-87.1225,41.645,gas-ct_n_fsa,n,fsa,1,0,(R) Retired,Gas Turbine,26591
coaloldscr,455,,2028,2016,TRUE,10858,p18091,13756,997,12,Michigan City,7,CSC,CX,MISO ,540,455,1974,0.52,10.33,1,5,968.99,7.18,1.14,15709.46,11.74,0,1,-86.9086,41.7208,coaloldscr_r_fsa,r,fsa,1,1,(OP) Operating,Coal Steam with Scrubber,26592
hydEND,1.1,,2223,1923,TRUE,,p18181,13756,998,1,Norway (IN),1,HYC,HY,MISO ,2,1.1,1923,0,11.6,6,12,0,0,0,0,0,0,0,-86.76,40.7803,hydEND_n_fsa,n,fsa,1,1,(OP) Operating,Conventional Hydroelectric,26593
hydEND,1.1,,2223,1923,TRUE,,p18181,13756,998,2,Norway (IN),1,HYC,HY,MISO ,2,1.1,1923,0,11.29,6,12,0,0,0,0,0,0,0,-86.76,40.7803,hydEND_n_fsa,n,fsa,1,1,(OP) Operating,Conventional Hydroelectric,26594
hydEND,1.1,,2223,1923,TRUE,,p18181,13756,998,3,Norway (IN),1,HYC,HY,MISO ,2,1.1,1923,0,11.29,6,12,0,0,0,0,0,0,0,-86.76,40.7803,hydEND_n_fsa,n,fsa,1,1,(OP) Operating,Conventional Hydroelectric,26595
hydEND,0.7,,2223,1923,TRUE,,p18181,13756,998,4,Norway (IN),1,HYC,HY,MISO ,1.3,0.7,1923,0,12.9,6,12,0,0,0,0,0,0,0,-86.76,40.7803,hydEND_n_fsa,n,fsa,1,1,(OP) Operating,Conventional Hydroelectric,26596
hydEND,2.9,,2225,1925,TRUE,,p18015,13756,999,1,Oakdale,1,HYC,HY,MISO ,4.3,2.9,1925,0,8.81,11,12,0,0,0,0,0,0,0,-86.7528,40.6564,hydEND_n_fsa,n,fsa,1,1,(OP) Operating,Conventional Hydroelectric,26597
hydEND,2.2,,2225,1925,TRUE,,p18015,13756,999,2,Oakdale,1,HYC,HY,MISO ,3.2,2.2,1925,0,9.18,11,12,0,0,0,0,0,0,0,-86.7528,40.6564,hydEND_n_fsa,n,fsa,1,1,(OP) Operating,Conventional Hydroelectric,26598
hydEND,0.9,,2225,1925,TRUE,,p18015,13756,999,3,Oakdale,1,HYC,HY,MISO ,4.3,0.9,1925,0,11.92,11,12,0,0,0,0,0,0,0,-86.7528,40.6564,hydEND_n_fsa,n,fsa,1,1,(OP) Operating,Conventional Hydroelectric,26599
lfill-gas,0.1,,2100,2000,TRUE,13500,p47037,50084,55647,UNT1,MM Nashville,1,MSW,MS,TVA ,0.9,0.1,2000,2.136,80.22,4,12,0,0,0,0,0,0,0,-86.7779,36.1686,lfill-gas_r_fsa,r,fsa,1,0,(OP) Operating,Municipal Solid Waste,26600
lfill-gas,0.1,,2100,2000,TRUE,13500,p47037,50084,55647,UNT2,MM Nashville,1,MSW,MS,TVA ,0.9,0.1,2000,2.136,91.725,4,12,0,0,0,0,0,0,0,-86.7779,36.1686,lfill-gas_r_fsa,r,fsa,1,0,(OP) Operating,Municipal Solid Waste,26601
wind-ofs,12,,2051,2021,TRUE,,p51810,19876,59693,OSW1,Coastal Virginia Offshore Wind (CVOW) Pi,1,WFS,WF,PJM ,12,12,2021,0,55.64,1,12,0,0,0,0,0,0,0,-75.4916,36.89155,wind-ofs_n_fsu,n,fsu,1,1,(OP) Operating,Offshore Wind,26602
hydEND,29,,2283,1983,TRUE,,p48465,9339,6128,1,Amistad Dam & Power,1,HYC,HY,ERCO ,33,29,1983,0,8.25,6,12,0,0,0,0,0,0,0,-101.0601,29.449827,hydEND_n_fsa,n,fsa,1,1,(OP) Operating,Conventional Hydroelectric,26603
hydEND,29,,2283,1983,TRUE,,p48465,9339,6128,2,Amistad Dam & Power,1,HYC,HY,ERCO ,33,29,1983,0,7.76,10,12,0,0,0,0,0,0,0,-101.0601,29.449827,hydEND_n_fsa,n,fsa,1,1,(OP) Operating,Conventional Hydroelectric,26604
wind-ofs,800,,2055,2025,TRUE,,p25019,65640,63093,VW01,Vineyard Wind 1,2,WFS,WF,ISNE ,800,800,2025,0,55.64,5,12,0,0,0,0,0,0,0,-70.48738,41.047111,wind-ofs_n_fsu,n,fsu,1,0,(OP) Operating,Offshore Wind,26605
wind-ofs,120,,2056,2026,TRUE,,p10005,63721,64083,SJW01,Skipjack Wind Farm,2,WFS,WF,PJM ,120,120,2026,0,66.41,12,12,0,0,0,0,0,0,0,-74.663,38.567,wind-ofs_n_fsu,n,fsu,1,0,(OP) Operating,Offshore Wind,26606
wind-ofs,2640,,2057,2027,TRUE,,p51131,,64550,CVOWC,Coastal Virginia Offshore Wind (CVOW) Co,,,,PJM,2640,713,2027,,,,,,,,,,,,-75.34907,36.907956,wind-ofs_n_fsu,n,fsu,0,1,"(U) Under construction, less than or equal to 50 percent complete",,26607
wind-ofs,846,,2056,2026,TRUE,,p10005,63721,65388,SJW02,Skipjack Wind Farm P,2,WFS,WF,PJM ,846,846,2026,0,66.41,12,12,0,0,0,0,0,0,0,-74.663,38.567,wind-ofs_n_fsu,n,fsu,1,0,(OP) Operating,Offshore Wind,26608
wind-ofs,357.5,,2055,2025,TRUE,,p25007,64810,65500,REVWD,Revolution Wind,2,WFS,WF,ISNE ,357.5,357.5,2025,0,66.41,9,12,0,0,0,0,0,0,0,-71.07783,41.15217,wind-ofs_n_fsu,n,fsu,1,0,(OP) Operating,Offshore Wind,26609
wind-ofs,357.5,,2055,2025,TRUE,,p25007,63816,65500,REVWD,Revolution Wind,2,WFS,WF,ISNE ,357.5,357.5,2025,0,66.41,9,12,0,0,0,0,0,0,0,-71.07783,41.15217,wind-ofs_n_fsu,n,fsu,1,0,(OP) Operating,Offshore Wind,26610
wind-ofs,65,,2054,2024,TRUE,,p25007,64810,65561,SFWND,South Fork Wind,2,WFS,WF,NYIS ,65,65,2024,0,55.64,7,12,0,0,0,0,0,0,0,-71.13,41.09,wind-ofs_n_fsu,n,fsu,1,1,(OP) Operating,Offshore Wind,26611
wind-ofs,65,,2054,2024,TRUE,,p25007,64810,65561,SFWND,South Fork Wind,2,WFS,WF,NYIS ,65,65,2024,0,55.64,7,12,0,0,0,0,0,0,0,-71.13,41.09,wind-ofs_n_fsu,n,fsu,1,1,(OP) Operating,Offshore Wind,26612
wind-ofs,65,,2054,2024,TRUE,,p25007,63816,65561,SFWND,South Fork Wind,2,WFS,WF,NYIS ,65,65,2024,0,55.64,7,12,0,0,0,0,0,0,0,-71.13,41.09,wind-ofs_n_fsu,n,fsu,1,1,(OP) Operating,Offshore Wind,26613
wind-ofs,65,,2054,2024,TRUE,,p25007,63816,65561,SFWND,South Fork Wind,2,WFS,WF,NYIS ,65,65,2024,0,55.64,7,12,0,0,0,0,0,0,0,-71.13,41.09,wind-ofs_n_fsu,n,fsu,1,1,(OP) Operating,Offshore Wind,26614
upv,20,,2055,2025,TRUE,,p36089,63004,67223,SUNYF,USNY - Markham Hollo,2,SPV,PV,NYIS ,20,20,2025,0,9.73,12,12,0,0,0,0,0,0,0,-76.077,45.786,upv_n_fsu,n,fsu,1,0,(OP) Operating,Solar Photovoltaic,26615
wind-ofs,462,,2056,2026,TRUE,,p25007,63816,67435,SRWND,Sunrise Wind,2,WFS,WF,NYIS ,462,462,2026,0,66.41,12,12,0,0,0,0,0,0,0,-71.04454,40.977859,wind-ofs_n_fsu,n,fsu,1,0,(OP) Operating,Offshore Wind,26616
wind-ofs,462,,2056,2026,TRUE,,p25007,64810,67435,SRWND,Sunrise Wind,2,WFS,WF,NYIS ,462,462,2026,0,66.41,12,12,0,0,0,0,0,0,0,-71.04454,40.977859,wind-ofs_n_fsu,n,fsu,1,0,(OP) Operating,Offshore Wind,26617
wind-ofs,810,,2057,2027,TRUE,,p36059,,68443,EMP01,Empire Wind 1,,,,NYIS,810,810,2027,,,,,,,,,,,,-73.42,40.32,wind-ofs_n_fsu,n,fsu,0,1,"(U) Under construction, less than or equal to 50 percent complete",,26618
o-g-s,516.89,,2081,2026,TRUE,10766,p26147,5109,6034,ST1,Belle River,1,CTN,C1,MISO ,567.76,516.89,1984,0.5,10.75,8,12,1103.97,8.19,1.3,15517.61,8.74,0,0,-82.495,42.7756,o-g-s_r_fsa,r,fsa,1,1,(OP) Operating,Coal Steam post-1965,26619
o-g-s,118.11,,2081,2026,TRUE,10766,p26147,40582,6034,ST1,Belle River,1,CTN,C1,MISO ,129.73,118.11,1984,0.5,10.75,8,12,1103.97,8.19,1.3,15517.61,8.74,0,0,-82.495,42.7756,o-g-s_r_fsa,r,fsa,1,1,(OP) Operating,Coal Steam post-1965,26620
o-g-s,516.89,,2081,2026,TRUE,10713,p26147,5109,6034,ST2,Belle River,1,CTN,C1,MISO ,567.76,516.89,1985,0.5,10.75,7,12,1100.59,8.16,1.47,15407.74,8.74,0,0,-82.495,42.7756,o-g-s_r_fsa,r,fsa,1,1,(OP) Operating,Coal Steam post-1965,26621
o-g-s,118.11,,2081,2026,TRUE,10713,p26147,40582,6034,ST2,Belle River,1,CTN,C1,MISO ,129.73,118.11,1985,0.5,10.75,7,12,1100.59,8.16,1.47,15407.74,8.74,0,0,-82.495,42.7756,o-g-s_r_fsa,r,fsa,1,1,(OP) Operating,Coal Steam post-1965,26622
gas-cc,405.4,,2108,2028,TRUE,10808,p55117,20856,4050,5,Edgewater,7,CTN,B7,MISO ,413.7,406.9,1985,0.47,10.33,1,12,1008.52,7.48,1.19,15605.02,11.74,0,1,-87.70586,43.715142,gas-cc_r_fsa,r,fsa,1,1,(OP) Operating,Coal Steam with Scrubber,26623
nuclear,768.5,,2106,2026,TRUE,10456,p26159,66469,1715,1,Palisades,7,CNU,CN,MISO ,811.8,815.6,1972,0.07,71.5,10,12,0,0,0,0,38.98,0,0,-86.315,42.323,nuclear_r_fsa,r,fsa,1,0,(OP) Operating,Conventional Nuclear,26626
nuclear,601.4,,2109,2029,TRUE,10456,p19113,55269,1060,1,Duane Arnold Energy Center,1,CNU,CN,MISO ,679.5,622.1,1975,0.09,72.45,2,11,0,0,0,0,38.98,0,0,-91.7781,42.1011,nuclear_r_fsa,r,fsa,1,0,(OP) Operating,Conventional Nuclear,26627
nuclear,802.8,,2107,2027,TRUE,10456,p42043,55951,8011,1,Three Mile Island,1,CNU,CN,PJM,980.8,829,1974,0.077,124.414,2019,9,0,0,0,0,17.962,0,0,-76.723,40.152,nuclear_r_fsa,r,fsa,1,0,(OP) Operating,Conventional Nuclear,26628
