,Default Value,tx_WashCo7_BAU_ds5i,tx_WashCo10_OGG,tx_WashCo7_BYOG_ds5i,tx_WashCo7_LG_ds5i,tx_WashCo7_BAU,tx_WashCo7_OGG,tx_WashCo7_BYOG,tx_WashCo7_LG,tx_BAU,tx_OGG,tx_BYOG,tx_LG,tx_LG_2,tx_hrexhigh_st_ds5chighhr_newrunbatch,tx_hrexhigh_st_ds7chighhr_advtech_newrunbatch,tx_hrexhigh_st_ds5chighhr_advtech_endo4_newrunbatch,tx_hrexhigh_st_ds5chighhr_advtech_colo2_newrunbatch,tx_hrexhigh_st_ds5bhighhr_advtech_endo3,tx_hrexhigh_st_ds5chighhr_advtech_colo,tx_hrexhigh_st_ds5chighhr,tx_hrexhigh_st_ds7chighhr_advtech,tx_hrexhigh_st_ds5bhighhr_advtech_endo3,tx_hrexhigh_st_ds5bhighhr_advtech_colo,tx_hrexhigh_st_ds5bhighhr,tx_hrexhigh_st_ds7bhighhr_advtech,tx_ds7_v2_LLendo1,tx_ds5_v2_advtech2,tx_hrexhigh_st_ds5highhr,tx_hrexhigh_st_ds7highhr,tx_hr_exhigh_endo1_ds5,tx_system2026_ds5,tx_system2026_ds7,tx_hrexhigh_st_ds5,tx_hrexhigh_st_ds7,tx_IRPassetsEE_hrexhigh_ds7,tx_IRPassetsEE_hrhigh_ds7,tx_IRPassetsEE_hrhigh_ds5,tx_IRPassetsEE_ds7,tx_IRPassetsEE_ds5,tx_hrhigh_st_ds5,tx_hrhigh_st_ds7,tx_endo1_ds5,tx_hr_st_ds5,tx_hr_st_ds7,tx_IRPassets_ds7,tx_IRPassets_ds5,tx_ds5_v2,tx_ds7_v2,tx_advgeo_hcgas_ds5,tx_advgeo_hcgas_ds7,tx_endo1_ds7,tx_hurdlerate_ds5,tx_hurdlerate_ds7,tx_AEO2026bl_2040,tx_advgeo_hcgas,tx_hurdlerate,tx_hurdlerate_ds6,tx_OPGW2_half,tx_bl_2040,tx_demandscen5,tx_demandscen6,tx_demandscen7,tx_lcgeo_hcgas_ds2,tx_OPGW2_2,tx_demandscen2,tx_demandscen3,tx_demandscen4,tx_lcgeo_hcgas_ds4,tx_endoLL_1k,tx_demandscen1,tx_lowcostgeo_highdemand,tx_EERLow,tx_EER100,tx_EERMod,tx_IRPassets
ignore,1,0,0,0,0,1,1,1,1,1,1,1,1,1,1,1,1,1,1,1,1,1,1,1,1,1,1,1,1,1,1,1,1,1,1,1,1,1,1,1,1,1,1,1,1,1,1,1,1,1,1,1,1,1,1,1,1,1,1,1,1,1,1,1,1,1,1,1,1,1,1,1,1,1,1,1
endyear,,2040,2040,2040,2040,2040,2040,2040,2040,2040,2040,2040,2040,2040,2040,2040,2040,2040,2040,2040,2040,2040,2040,2040,2040,2040,2040,2040,2040,2040,2040,2026,2026,2040,2040,2040,2040,2040,2040,2040,2040,2040,2040,2040,2040,2040,2040,2040,2040,2040,2040,2040,2040,2040,2040,2040,2040,2040,2040,2040,2040,2040,2040,2040,2040,2040,2040,2040,2040,2040,2040,2040,2040,2040,2040,2040
GSw_Region,usa,WECC_aggreg_UT_county,WECC_aggreg_UT_county,WECC_aggreg_UT_county,WECC_aggreg_UT_county,WECC_aggreg_UT_county,WECC_aggreg_UT_county,WECC_aggreg_UT_county,WECC_aggreg_UT_county,WECC_aggreg_UT_county,WECC_aggreg_UT_county,WECC_aggreg_UT_county,WECC_aggreg_UT_county,WECC_aggreg_UT_county,WECC_aggreg_UT_county,WECC_aggreg_UT_county,WECC_aggreg_UT_county,WECC_aggreg_UT_county,WECC_aggreg_UT_county,WECC_aggreg_UT_county,WECC_aggreg_UT_county,WECC_aggreg_UT_county,WECC_aggreg_UT_county,WECC_aggreg_UT_county,WECC_aggreg_UT_county,WECC_aggreg_UT_county,WECC_aggreg_UT_county,WECC_aggreg_UT_county,WECC_aggreg_UT_county,WECC_aggreg_UT_county,WECC_aggreg_UT_county,WECC_aggreg_UT_county,WECC_aggreg_UT_county,WECC_aggreg_UT_county,WECC_aggreg_UT_county,WECC_aggreg_UT_county,WECC_aggreg_UT_county,WECC_aggreg_UT_county,WECC_aggreg_UT_county,WECC_aggreg_UT_county,WECC_aggreg_UT_county,WECC_aggreg_UT_county,WECC_aggreg_UT_county,WECC_aggreg_UT_county,WECC_aggreg_UT_county,WECC_aggreg_UT_county,WECC_aggreg_UT_county,WECC_aggreg_UT_county,WECC_aggreg_UT_county,WECC_aggreg_UT_county,WECC_aggreg_UT_county,WECC_aggreg_UT_county,WECC_aggreg_UT_county,WECC_aggreg_UT_county,WECC_aggreg_UT_county,WECC_aggreg_UT_county,WECC_aggreg_UT_county,WECC_aggreg_UT_county,WECC_aggreg_UT_county,WECC_aggreg_UT_county,WECC_aggreg_UT_county,WECC_aggreg_UT_county,WECC_aggreg_UT_county,WECC_aggreg_UT_county,WECC_aggreg_UT_county,WECC_aggreg_UT_county,WECC_aggreg_UT_county,WECC_aggreg_UT_county,WECC_aggreg_UT_county,WECC_aggreg_UT_county,WECC_aggreg_UT_county,WECC_aggreg_UT_county,WECC_aggreg_UT_county,WECC_aggreg_UT_county,WECC_aggreg_UT_county,WECC_aggreg_UT_county
GSw_RegionResolution,aggreg,mixed,mixed,mixed,mixed,mixed,mixed,mixed,mixed,mixed,mixed,mixed,mixed,mixed,mixed,mixed,mixed,mixed,mixed,mixed,mixed,mixed,mixed,mixed,mixed,mixed,mixed,mixed,mixed,mixed,mixed,mixed,mixed,mixed,mixed,mixed,mixed,mixed,mixed,mixed,mixed,mixed,mixed,mixed,mixed,mixed,mixed,mixed,mixed,mixed,mixed,mixed,mixed,mixed,mixed,mixed,mixed,mixed,mixed,mixed,mixed,mixed,mixed,mixed,mixed,mixed,mixed,mixed,mixed,mixed,mixed,mixed,mixed,mixed,mixed,mixed
GSw_GasCurve,1,2,2,2,2,2,2,2,2,2,2,2,2,2,2,2,2,2,2,2,2,2,2,2,2,2,2,2,2,2,2,2,2,2,2,2,2,2,2,2,2,2,2,2,2,2,2,2,2,2,2,2,2,2,2,2,2,2,2,2,2,2,2,2,2,2,2,2,2,2,2,2,2,2,2,2
GSw_HierarchyFile,,,,,,,,,,,,,,,,,,,,,,,,,,,,,,,,,,,,,,,,,,,,,,,,,,,,,,,,,,,,,,,,,,,,,,,,,,,,
GSw_OPGW,0,0,0,0,0,0,0,0,0,0,0,0,0,0,0,0,0,0,0,0,0,0,0,0,0,0,0,0,0,0,0,0,0,0,0,0,0,0,0,0,0,0,0,0,0,0,0,0,0,0,0,0,0,0,0,0,0,0,2,0,0,0,0,2,2,0,0,0,2,0,0,2,0,0,0,0
GSw_OPGW_load_mult,1,,,,,,,,,,,,,,,,,,,,,,,,,,,,,,,,,,,,,,,,,,,,,,,,,,,,,,,,,,0.5,,,,,4,2,,,,4,,,4,,,,
GSw_BuildRequirements,0,0,0,0,0,0,0,0,0,0,0,0,0,0,0,0,0,0,0,0,0,0,0,0,0,0,0,0,0,0,0,0,0,0,0,1,1,1,1,1,0,0,0,0,0,1,1,0,0,0,0,0,0,0,0,0,0,0,0,0,0,0,0,0,0,0,0,0,0,0,0,0,0,0,0,1
GSw_BuildRequirementsFile,none,none,none,none,none,none,none,none,none,none,none,none,none,none,none,none,none,none,none,none,none,none,none,none,none,none,none,none,none,none,none,none,none,none,none,IRP25Update_wEE,IRP25Update_wEE,IRP25Update_wEE,IRP25Update_wEE,IRP25Update_wEE,none,none,none,none,none,IRP25Update,IRP25Update,none,none,none,none,none,none,none,none,none,none,none,none,none,none,none,none,none,none,none,none,none,none,none,none,none,none,none,none,IRP25Update
GSw_LargeLoadAdd,none,,tx_OGG2,tx_BYOG2,,,tx_OGG2,tx_BYOG2,,,tx_OGG2,tx_BYOG2,,,,,tx_2k_v2,,tx_2k,,,,,,,,endo1,,,,,,,,,,,,,,,,,,,,,,,,,,,,,,,,,,,,,,,,,,,,,,,,,
GSw_NoReinforcement,none,_no_reinforcement,_no_reinforcement,_no_reinforcement,_no_reinforcement,_no_reinforcement,_no_reinforcement,_no_reinforcement,_no_reinforcement,_no_reinforcement,_no_reinforcement,_no_reinforcement,_no_reinforcement,_no_reinforcement,_no_reinforcement,_no_reinforcement,_no_reinforcement,_no_reinforcement,_no_reinforcement,_no_reinforcement,_no_reinforcement,_no_reinforcement,_no_reinforcement,_no_reinforcement,_no_reinforcement,_no_reinforcement,_no_reinforcement,_no_reinforcement,_no_reinforcement,_no_reinforcement,_no_reinforcement,_no_reinforcement,_no_reinforcement,_no_reinforcement,_no_reinforcement,_no_reinforcement,_no_reinforcement,_no_reinforcement,_no_reinforcement,_no_reinforcement,_no_reinforcement,_no_reinforcement,_no_reinforcement,_no_reinforcement,_no_reinforcement,_no_reinforcement,_no_reinforcement,_no_reinforcement,_no_reinforcement,_no_reinforcement,_no_reinforcement,_no_reinforcement,_no_reinforcement,_no_reinforcement,_no_reinforcement,_no_reinforcement,_no_reinforcement,_no_reinforcement,_no_reinforcement,_no_reinforcement,_no_reinforcement,_no_reinforcement,_no_reinforcement,_no_reinforcement,_no_reinforcement,_no_reinforcement,_no_reinforcement,_no_reinforcement,_no_reinforcement,_no_reinforcement,_no_reinforcement,_no_reinforcement,_no_reinforcement,_no_reinforcement,_no_reinforcement,_no_reinforcement
GSw_Clean_Air_Act,1,0,0,0,0,0,0,0,0,0,0,0,0,0,0,0,0,0,0,0,0,0,0,0,0,0,0,0,0,0,0,0,0,0,0,0,0,0,0,0,0,0,0,0,0,0,0,0,0,0,0,0,0,0,0,0,0,0,0,0,0,0,0,0,0,0,0,0,0,0,0,0,0,0,0,0
GSw_Retire,5,0,0,0,0,0,0,0,0,0,0,0,0,0,0,0,0,0,0,0,0,0,0,0,0,0,0,0,0,0,0,0,0,0,0,0,0,0,0,0,0,0,0,0,0,0,0,0,0,0,0,0,0,0,0,0,0,0,0,,,,,,,,,,,,,,,,,
GSw_Upgrades,1,0,0,0,0,0,0,0,0,0,0,0,0,0,0,0,0,0,0,0,0,0,0,0,0,0,0,0,0,0,0,0,0,0,0,0,0,0,0,0,0,0,0,0,0,0,0,0,0,0,0,0,0,0,0,0,0,0,0,,,,,,,,,,,,,,,,,
incentives_suffix,,,,,,,,,,,,,,,,,,,,,,,,,,,,,,,,,,,,,,,,,,,,,,,,,,,,,,,,,,,,,,,,,,,,,,,,,,,,
GSw_TCPhaseout_forceyear,,,,,,,,,,,,,,,,,,,,,,,,,,,,,,,,,,,,,,,,,,,,,,,,,,,,,,,,,,,,,,,,,,,,,,,,,,,,
GSw_TechRequirement,,,1,,,,1,,,,1,,,1,,,,1,,,,,,,,,,1,,,,,,,,,,,,,,,,,,,,,,,,,,,,,,,,,,,,,,,,,,,,,,,,
GSw_TechRequirementFile,,,UT_ds5_advtech,,,,UT_ds5_advtech,,,,UT_ds5_advtech,,,UT_ds5_advtech2,,UT_ds5_advtech,,UT_ds5_advtech,UT_ds5_advtech,UT_ds5_advtech,,UT_ds5_advtech,UT_ds5_advtech,UT_ds5_advtech,,,,UT_ds5_advtech,,,,,,,,,,,,,,,,,,,,,,,,,,,,,,,,,,,,,,,,,,,,,,,,
GSw_EFS1_AllYearLoad,historic,,,,,,,,,,,,,,,,,,,,,,,,,,,,,,,,,,,,,,,,,,,,,,,,,,,,,,,,,,,,,,,,,,,,,,,,EER_IRAlow_v2023,EER_100by2050_v2023,EER_IRAmoderate_v2023,
demandscen,AEO_2023_reference,UT5i,UT7c_highhr,UT5i,UT5i,UT5g,UT7c_highhr,UT5f,UT5f,UT5g,UT7c_highhr,UT5f,UT5f,UT5c_highhr,UT5c_highhr,UT7c_highhr,UT5c_highhr,UT5c_highhr,UT5c_highhr,UT5c_highhr,UT5c_highhr,UT7c_highhr,UT5b_highhr,UT5b_highhr,UT5b_highhr,UT7b_highhr,UT7,UT5,UT5highhr,UT7highhr,UT5,UT5,UT7,UT5,UT7,UT7,UT7,UT5,UT7,UT5,UT5,UT7,UT5,UT5,UT7,UT7,UT5,UT5,UT7,UT5,UT7,UT7,UT5,UT7,AEO_2026_baseline,AEO_2026_baseline,AEO_2026_baseline,UT6,AEO_2026_baseline,,UT5,UT6,UT7,UT2,,UT2,UT3,UT4,UT4,,UT1,,,,,
unitdata,,EIA-NEMS_apr26_update,EIA-NEMS_apr26_update,EIA-NEMS_apr26_update_advtech3,EIA-NEMS_apr26_update_advtech2,EIA-NEMS_apr26_update,EIA-NEMS_apr26_update,EIA-NEMS_apr26_update_advtech3,EIA-NEMS_apr26_update_advtech2,EIA-NEMS_apr26_update,EIA-NEMS_apr26_update,EIA-NEMS_apr26_update_advtech3,EIA-NEMS_apr26_update_advtech2,EIA-NEMS_apr26_update,EIA-NEMS_apr26_update,EIA-NEMS_apr26_update,EIA-NEMS_apr26_update_advtech3,,EIA-NEMS_apr26_update_advtech3,EIA-NEMS_apr26_update_advtech2,EIA-NEMS_apr26_update,EIA-NEMS_apr26_update,EIA-NEMS_apr26_update,EIA-NEMS_apr26_update_advtech,EIA-NEMS_apr26_update,EIA-NEMS_apr26_update,EIA-NEMS_apr26_update,EIA-NEMS_apr26_update,EIA-NEMS_apr26_update,EIA-NEMS_apr26_update,EIA-NEMS_apr26_update,EIA-NEMS_apr26_update,EIA-NEMS_apr26_update,EIA-NEMS_apr26_update,EIA-NEMS_apr26_update,EIA-NEMS_apr26_update,EIA-NEMS_apr26_update,EIA-NEMS_apr26_update,EIA-NEMS_apr26_update,EIA-NEMS_apr26_update,EIA-NEMS_apr26_update,EIA-NEMS_apr26_update,EIA-NEMS_apr26_update,EIA-NEMS_apr26_update,EIA-NEMS_apr26_update,EIA-NEMS_apr26_update,EIA-NEMS_apr26_update,EIA-NEMS_apr26_update,EIA-NEMS_apr26_update,EIA-NEMS_apr26_update,EIA-NEMS_apr26_update,EIA-NEMS_apr26_update,EIA-NEMS_apr26_update,EIA-NEMS_apr26_update,EIA-NEMS_apr26_update,EIA-NEMS_apr26_update,EIA-NEMS_apr26_update,EIA-NEMS_apr26_update,EIA-NEMS_apr26_update,EIA-NEMS_apr26_update,EIA-NEMS_apr26_update,EIA-NEMS_apr26_update,EIA-NEMS_apr26_update,EIA-NEMS_apr26_update,EIA-NEMS_apr26_update,EIA-NEMS_apr26_update,EIA-NEMS_apr26_update,EIA-NEMS_apr26_update,EIA-NEMS_apr26_update,EIA-NEMS_apr26_update,EIA-NEMS_apr26_update,EIA-NEMS_apr26_update,EIA-NEMS_apr26_update,EIA-NEMS_apr26_update,EIA-NEMS_apr26_update,EIA-NEMS_apr26_update
GSw_NuclearDemo,0,1,1,1,1,1,1,1,1,1,1,1,1,1,1,1,1,1,1,1,1,1,1,1,1,1,1,1,1,1,1,1,1,1,1,1,1,1,1,1,1,1,1,1,1,1,1,1,1,1,1,1,1,1,1,1,1,1,1,1,1,1,1,1,1,1,1,1,1,1,1,1,1,1,1,1
yearset_suffix,3yr,biennial,biennial,biennial,biennial,biennial,biennial,biennial,biennial,biennial,biennial,biennial,biennial,biennial,biennial,biennial,biennial,biennial,biennial,biennial,biennial,biennial,biennial,biennial,biennial,biennial,biennial,biennial,biennial,biennial,biennial,biennial,biennial,biennial,biennial,biennial,biennial,biennial,biennial,biennial,biennial,biennial,biennial,biennial,biennial,biennial,biennial,biennial,biennial,biennial,biennial,biennial,biennial,biennial,biennial,biennial,biennial,biennial,biennial,biennial,biennial,biennial,biennial,biennial,biennial,biennial,biennial,biennial,biennial,biennial,biennial,biennial,biennial,biennial,biennial,biennial
GSw_LoadSiteCF,0,,,1,,,,1,,,,1,,,,,1,,1,,,,1,,,,,,,,1,,,,,,,,,,,,1,,,,,,,,,1,,,,,,,,,,,,,,,,,,1,,,,,,
GSw_LoadSiteRA,0,,,1,,,,1,,,,1,,,,,1,,1,,,,1,,,,,,,,1,,,,,,,,,,,,1,,,,,,,,,1,,,,,,,,,,,,,,,,,,1,,,,,,
GSw_LoadSiteTrajectory,,,,st_tx_endo4,,,,st_tx_endo4,,,,st_tx_endo4,,,,,st_tx_endo4,,st_tx_endo3,,,,st_tx_endo3,,,,,,,,st_tx_endo1,,,,,,,,,,,,st_tx_endo1,,,,,,,,,st_tx_endo1,,,,,,,,,,,,,,,,,,st_PMAPS1k,,,,,,
plantchar_gas,gas_ATB_2024_moderate,,,,,,,,,,,,,,,,,,,,,,,,,,,,,,,,,,,,,,,,,,,,,,,,,gas_ATB_2024_moderate_10x,gas_ATB_2024_moderate_10x,,,,,gas_ATB_2024_moderate_10x,,,,,,,,gas_ATB_2024_moderate_10x,,,,,gas_ATB_2024_moderate_10x,,,,,,,
plantchar_geo,geo_ATB_2024_moderate,,geo_ATB_2024_advanced,geo_ATB_2024_advanced,geo_ATB_2024_advanced,,geo_ATB_2024_advanced,geo_ATB_2024_advanced,geo_ATB_2024_advanced,,geo_ATB_2024_advanced,geo_ATB_2024_advanced,geo_ATB_2024_advanced,geo_ATB_2024_advanced,,geo_ATB_2024_advanced,geo_ATB_2024_advanced,geo_ATB_2024_advanced,geo_ATB_2024_advanced,geo_ATB_2024_advanced,,geo_ATB_2024_advanced,geo_ATB_2024_advanced,geo_ATB_2024_advanced,,geo_ATB_2024_advanced,,geo_ATB_2024_advanced,,,,,,,,,,,,,,,,,,,,,,geo_ATB_2024_advanced,geo_ATB_2024_advanced,,,,,geo_ATB_2024_advanced,,,,,,,,geo_ATB_2024_moderate_50,,,,,geo_ATB_2024_moderate_50,,,geo_ATB_2024_moderate_50,,,,
GSw_Geothermal,1,,2,2,2,,2,2,2,,2,2,2,2,,2,2,2,2,2,,2,2,2,,2,,2,,,,,,,,,,,,,,,,,,,,,,2,2,,,,,2,,,,,,,,,,,,,,,,,,,,
geodiscov,BAU,,TI,TI,TI,,TI,TI,TI,,TI,TI,TI,TI,,TI,TI,TI,TI,TI,,TI,TI,TI,,TI,,TI,,,,,,,,,,,,,,,,,,,,,,TI,TI,,,,,TI,,,,,,,,,,,,,,,,,,,,
plantchar_nuclear_smr,nuclear-smr_ATB_2024_moderate,,nuclear-smr_ATB_2024_advanced,nuclear-smr_ATB_2024_advanced,nuclear-smr_ATB_2024_advanced,,nuclear-smr_ATB_2024_advanced,nuclear-smr_ATB_2024_advanced,nuclear-smr_ATB_2024_advanced,,nuclear-smr_ATB_2024_advanced,nuclear-smr_ATB_2024_advanced,nuclear-smr_ATB_2024_advanced,nuclear-smr_ATB_2024_advanced,,nuclear-smr_ATB_2024_advanced,nuclear-smr_ATB_2024_advanced,nuclear-smr_ATB_2024_advanced,nuclear-smr_ATB_2024_advanced,nuclear-smr_ATB_2024_advanced,,nuclear-smr_ATB_2024_advanced,nuclear-smr_ATB_2024_advanced,nuclear-smr_ATB_2024_advanced,,nuclear-smr_ATB_2024_advanced,,nuclear-smr_ATB_2024_advanced,,,,,,,,,,,,,,,,,,,,,,,,,,,,,,,,,,,,,,,,,,,,,,,,
plantchar_nuclear,nuclear_ATB_2024_moderate,,nuclear_ATB_2024_advanced,nuclear_ATB_2024_advanced,nuclear_ATB_2024_advanced,,nuclear_ATB_2024_advanced,nuclear_ATB_2024_advanced,nuclear_ATB_2024_advanced,,nuclear_ATB_2024_advanced,nuclear_ATB_2024_advanced,nuclear_ATB_2024_advanced,nuclear_ATB_2024_advanced,,nuclear_ATB_2024_advanced,nuclear_ATB_2024_advanced,nuclear_ATB_2024_advanced,nuclear_ATB_2024_advanced,nuclear_ATB_2024_advanced,,nuclear_ATB_2024_advanced,nuclear_ATB_2024_advanced,nuclear_ATB_2024_advanced,,nuclear_ATB_2024_advanced,,nuclear_ATB_2024_advanced,,,,,,,,,,,,,,,,,,,,,,,,,,,,,,,,,,,,,,,,,,,,,,,,
GSw_TransHurdleLevel1,transgrp,hurdlereg,hurdlereg,hurdlereg,hurdlereg,hurdlereg,hurdlereg,hurdlereg,hurdlereg,hurdlereg,hurdlereg,hurdlereg,hurdlereg,hurdlereg,hurdlereg,hurdlereg,hurdlereg,hurdlereg,hurdlereg,hurdlereg,hurdlereg,hurdlereg,hurdlereg,hurdlereg,hurdlereg,hurdlereg,,,hurdlereg,hurdlereg,hurdlereg,,,hurdlereg,hurdlereg,hurdlereg,hurdlereg,hurdlereg,,,hurdlereg,hurdlereg,,hurdlereg,hurdlereg,,,,,,,,,,,,,,,,,,,,,,,,,,,,,,,
GSw_TransHurdleLevel2,hurdlereg,st,st,st,st,st,st,st,st,st,st,st,st,st,st,st,st,st,st,st,st,st,st,st,st,st,,,st,st,st,,,st,st,st,st,st,,,st,st,,st,st,,,,,,,,,,,,,,,,,,,,,,,,,,,,,,,
GSw_TransHurdleRate,0,1,1,1,1,1,1,1,1,1,1,1,1,1,1,1,1,1,1,1,1,1,1,1,1,1,,,1,1,1,,,1,1,1,1,1,,,1,1,,1,1,,,,,,,,1,1,,,1,1,,,,,,,,,,,,,,,,,,
GSw_LoadAdjust_WashingtonCounty,0,0.07,0.1,0.07,0.07,0.07,0.07,0.07,0.07,,,,,,,,,,,,,,,,,,,,,,,,,,,,,,,,,,,,,,,,,,,,,,,,,,,,,,,,,,,,,,,,,,,
