r,st,interconnect,transgrp,transreg,nercr,hurdlereg
p1,WA,western,NorthernGrid_West,NorthernGrid,WECC_NW,Puget_Sound_Energy_Inc
p2,WA,western,NorthernGrid_West,NorthernGrid,WECC_NW,Bonneville_Power_Administration
p3,WA,western,NorthernGrid_West,NorthernGrid,WECC_NW,Avista_Corp
p4,WA,western,NorthernGrid_West,NorthernGrid,WECC_NW,PUD_No2_of_Grant_County
p5,OR,western,NorthernGrid_West,NorthernGrid,WECC_NW,Bonneville_Power_Administration
p6,OR,western,NorthernGrid_West,NorthernGrid,WECC_NW,PacifiCorp_West
p7,OR,western,NorthernGrid_West,NorthernGrid,WECC_NW,Bonneville_Power_Administration
p8,CA,western,NorthernGrid_South,NorthernGrid,WECC_NW,PacifiCorp_West
p9,CA,western,CAISO,CAISO,WECC_CA,CAISO
p10,CA,western,CAISO,CAISO,WECC_CA,CAISO
p11,CA,western,CAISO,CAISO,WECC_CA,CAISO
p12,NV,western,NorthernGrid_South,NorthernGrid,WECC_SW,Nevada_Power_Co
p13,NV,western,NorthernGrid_South,NorthernGrid,WECC_SW,Nevada_Power_Co
p14,ID,western,NorthernGrid_East,NorthernGrid,WECC_NW,Avista_Corp
p15,ID,western,NorthernGrid_East,NorthernGrid,WECC_BA,Idaho_Power_Co
p16,ID,western,NorthernGrid_East,NorthernGrid,WECC_BA,Idaho_Power_Co
p17,MT,western,NorthernGrid_East,NorthernGrid,WECC_NW,Northwestern_Energy
p18,MT,western,NorthernGrid_East,NorthernGrid,WECC_NW,Northwestern_Energy
p19,MT,western,NorthernGrid_East,NorthernGrid,WECC_NW,WAPA_Upper_Great_Plains_West
p20,MT,western,NorthernGrid_East,NorthernGrid,WECC_NW,Northwestern_Energy
p21,WY,western,NorthernGrid_East,NorthernGrid,WECC_RM,PacifiCorp_East
p22,WY,western,NorthernGrid_East,NorthernGrid,WECC_RM,PacifiCorp_East
p23,WY,western,WestConnect_North,WestConnect,WECC_RM,WAPA_Rocky_Mountain_Region
p24,WY,western,WestConnect_North,WestConnect,WECC_RM,WAPA_Rocky_Mountain_Region
p25,UT,western,NorthernGrid_South,NorthernGrid,WECC_BA,PacifiCorp_East
p26,UT,western,NorthernGrid_South,NorthernGrid,WECC_BA,PacifiCorp_East
p27,AZ,western,WestConnect_South,WestConnect,WECC_SW,WAPA_Desert_Southwest_Region
p28,AZ,western,WestConnect_South,WestConnect,WECC_SW,Arizona_Public_Service_Co
p29,AZ,western,WestConnect_South,WestConnect,WECC_SW,Arizona_Public_Service_Co
p30,AZ,western,WestConnect_South,WestConnect,WECC_SW,Arizona_Public_Service_Co
p31,NM,western,WestConnect_South,WestConnect,WECC_SW,Public_Service_Co_of_New_Mexico
p32,SD,western,WestConnect_North,WestConnect,WECC_RM,WAPA_Rocky_Mountain_Region
p33,CO,western,WestConnect_North,WestConnect,WECC_RM,Public_Service_Co_of_Colorado
p34,CO,western,WestConnect_North,WestConnect,WECC_RM,Public_Service_Co_of_Colorado
p35,MT,eastern,SPP_North,SPP,SPP,SPP
p36,ND,eastern,SPP_North,SPP,SPP,SPP
p37,ND,eastern,MISO_North,MISO,MISO,MISO
p38,SD,eastern,SPP_North,SPP,SPP,SPP
p39,NE,eastern,SPP_North,SPP,SPP,SPP
p40,NE,eastern,SPP_North,SPP,SPP,SPP
p41,NE,eastern,SPP_North,SPP,SPP,SPP
p42,MN,eastern,MISO_North,MISO,MISO,MISO
p43,MN,eastern,MISO_North,MISO,MISO,MISO
p44,MN,eastern,MISO_North,MISO,MISO,MISO
p47,NM,eastern,SPP_South,SPP,SPP,SPP
p48,TX,eastern,SPP_South,SPP,SPP,SPP
p49,OK,eastern,SPP_South,SPP,SPP,SPP
p50,OK,eastern,SPP_South,SPP,SPP,SPP
p51,OK,eastern,SPP_South,SPP,SPP,SPP
p52,KS,eastern,SPP_South,SPP,SPP,SPP
p53,KS,eastern,SPP_South,SPP,SPP,SPP
p54,MO,eastern,SPP_South,SPP,SPP,SPP
p55,MO,eastern,SPP_South,SPP,SPP,SPP
p56,AR,eastern,SPP_South,SPP,SPP,SPP
p57,TX,eastern,SPP_South,SPP,SPP,SPP
p58,LA,eastern,MISO_South,MISO,MISO,MISO
p59,TX,western,WestConnect_South,WestConnect,WECC_SW,El_Paso_Electric
p60,TX,texas,ERCOT,ERCOT,ERCOT,ERCOT
p61,TX,texas,ERCOT,ERCOT,ERCOT,ERCOT
p62,TX,texas,ERCOT,ERCOT,ERCOT,ERCOT
p63,TX,texas,ERCOT,ERCOT,ERCOT,ERCOT
p64,TX,texas,ERCOT,ERCOT,ERCOT,ERCOT
p65,TX,texas,ERCOT,ERCOT,ERCOT,ERCOT
p66,TX,eastern,MISO_South,MISO,MISO,MISO
p67,TX,texas,ERCOT,ERCOT,ERCOT,ERCOT
p68,MN,eastern,MISO_North,MISO,MISO,MISO
p71,MO,eastern,MISO_Central,MISO,MISO,MISO
p72,MO,eastern,MISO_Central,MISO,MISO,MISO
p73,MO,eastern,MISO_Central,MISO,MISO,MISO
p84,MO,eastern,MISO_Central,MISO,MISO,MISO
p85,AR,eastern,MISO_South,MISO,MISO,MISO
p86,LA,eastern,MISO_South,MISO,MISO,MISO
p87,MS,eastern,MISO_South,MISO,MISO,MISO
p88,MS,eastern,SERTP,SERTP,SERC_C,Tennessee_Valley_Authority
p89,AL,eastern,SERTP,SERTP,SERC_SE,Southern_Co_Services_Inc
p90,AL,eastern,SERTP,SERTP,SERC_SE,PowerSouth_Energy_Coop
p91,FL,eastern,SERTP,SERTP,SERC_SE,Southern_Co_Services_Inc
p94,GA,eastern,SERTP,SERTP,SERC_SE,Southern_Co_Services_Inc
p95,SC,eastern,SERTP,SERTP,SERC_E,Duke_Energy_Carolinas_LLC
p96,SC,eastern,SERTP,SERTP,SERC_E,South_Carolina_Electric_Gas_Co
p101,FL,eastern,FRCC,FRCC,SERC_F,Seminole_Electric_Coop_Inc
p102,FL,eastern,FRCC,FRCC,SERC_F,Florida_Power_and_Light
p129,VT,eastern,ISONE,ISONE,NPCC_NE,ISONE
p130,NH,eastern,ISONE,ISONE,NPCC_NE,ISONE
p131,MA,eastern,ISONE,ISONE,NPCC_NE,ISONE
p132,CT,eastern,ISONE,ISONE,NPCC_NE,ISONE
p133,RI,eastern,ISONE,ISONE,NPCC_NE,ISONE
p134,ME,eastern,ISONE,ISONE,NPCC_NE,ISONE
p10001,DE,eastern,PJM_East,PJM,PJM,PJM
p10003,DE,eastern,PJM_East,PJM,PJM,PJM
p10005,DE,eastern,PJM_East,PJM,PJM,PJM
p11001,MD,eastern,PJM_East,PJM,PJM,PJM
p17001,IL,eastern,MISO_Central,MISO,MISO,MISO
p17003,IL,eastern,MISO_Central,MISO,MISO,MISO
p17005,IL,eastern,MISO_Central,MISO,MISO,MISO
p17007,IL,eastern,PJM_West,PJM,PJM,PJM
p17009,IL,eastern,MISO_Central,MISO,MISO,MISO
p17011,IL,eastern,MISO_Central,MISO,MISO,MISO
p17013,IL,eastern,MISO_Central,MISO,MISO,MISO
p17015,IL,eastern,PJM_West,PJM,PJM,PJM
p17017,IL,eastern,MISO_Central,MISO,MISO,MISO
p17019,IL,eastern,MISO_Central,MISO,MISO,MISO
p17021,IL,eastern,MISO_Central,MISO,MISO,MISO
p17023,IL,eastern,MISO_Central,MISO,MISO,MISO
p17025,IL,eastern,MISO_Central,MISO,MISO,MISO
p17027,IL,eastern,MISO_Central,MISO,MISO,MISO
p17029,IL,eastern,MISO_Central,MISO,MISO,MISO
p17031,IL,eastern,PJM_West,PJM,PJM,PJM
p17033,IL,eastern,MISO_Central,MISO,MISO,MISO
p17035,IL,eastern,MISO_Central,MISO,MISO,MISO
p17037,IL,eastern,PJM_West,PJM,PJM,PJM
p17039,IL,eastern,MISO_Central,MISO,MISO,MISO
p17041,IL,eastern,MISO_Central,MISO,MISO,MISO
p17043,IL,eastern,PJM_West,PJM,PJM,PJM
p17045,IL,eastern,MISO_Central,MISO,MISO,MISO
p17047,IL,eastern,MISO_Central,MISO,MISO,MISO
p17049,IL,eastern,MISO_Central,MISO,MISO,MISO
p17051,IL,eastern,MISO_Central,MISO,MISO,MISO
p17053,IL,eastern,MISO_Central,MISO,MISO,MISO
p17055,IL,eastern,MISO_Central,MISO,MISO,MISO
p17057,IL,eastern,MISO_Central,MISO,MISO,MISO
p17059,IL,eastern,MISO_Central,MISO,MISO,MISO
p17061,IL,eastern,MISO_Central,MISO,MISO,MISO
p17063,IL,eastern,PJM_West,PJM,PJM,PJM
p17065,IL,eastern,MISO_Central,MISO,MISO,MISO
p17067,IL,eastern,MISO_Central,MISO,MISO,MISO
p17069,IL,eastern,MISO_Central,MISO,MISO,MISO
p17071,IL,eastern,MISO_Central,MISO,MISO,MISO
p17073,IL,eastern,MISO_Central,MISO,MISO,MISO
p17075,IL,eastern,MISO_Central,MISO,MISO,MISO
p17077,IL,eastern,MISO_Central,MISO,MISO,MISO
p17079,IL,eastern,MISO_Central,MISO,MISO,MISO
p17081,IL,eastern,MISO_Central,MISO,MISO,MISO
p17083,IL,eastern,MISO_Central,MISO,MISO,MISO
p17085,IL,eastern,PJM_West,PJM,PJM,PJM
p17087,IL,eastern,MISO_Central,MISO,MISO,MISO
p17089,IL,eastern,PJM_West,PJM,PJM,PJM
p17091,IL,eastern,PJM_West,PJM,PJM,PJM
p17093,IL,eastern,PJM_West,PJM,PJM,PJM
p17095,IL,eastern,MISO_Central,MISO,MISO,MISO
p17097,IL,eastern,PJM_West,PJM,PJM,PJM
p17099,IL,eastern,PJM_West,PJM,PJM,PJM
p17101,IL,eastern,MISO_Central,MISO,MISO,MISO
p17103,IL,eastern,PJM_West,PJM,PJM,PJM
p17105,IL,eastern,PJM_West,PJM,PJM,PJM
p17107,IL,eastern,MISO_Central,MISO,MISO,MISO
p17109,IL,eastern,MISO_Central,MISO,MISO,MISO
p17111,IL,eastern,PJM_West,PJM,PJM,PJM
p17113,IL,eastern,MISO_Central,MISO,MISO,MISO
p17115,IL,eastern,MISO_Central,MISO,MISO,MISO
p17117,IL,eastern,MISO_Central,MISO,MISO,MISO
p17119,IL,eastern,MISO_Central,MISO,MISO,MISO
p17121,IL,eastern,MISO_Central,MISO,MISO,MISO
p17123,IL,eastern,MISO_Central,MISO,MISO,MISO
p17125,IL,eastern,MISO_Central,MISO,MISO,MISO
p17127,IL,eastern,MISO_Central,MISO,MISO,MISO
p17129,IL,eastern,MISO_Central,MISO,MISO,MISO
p17131,IL,eastern,MISO_Central,MISO,MISO,MISO
p17133,IL,eastern,MISO_Central,MISO,MISO,MISO
p17135,IL,eastern,MISO_Central,MISO,MISO,MISO
p17137,IL,eastern,MISO_Central,MISO,MISO,MISO
p17139,IL,eastern,MISO_Central,MISO,MISO,MISO
p17141,IL,eastern,PJM_West,PJM,PJM,PJM
p17143,IL,eastern,MISO_Central,MISO,MISO,MISO
p17145,IL,eastern,MISO_Central,MISO,MISO,MISO
p17147,IL,eastern,MISO_Central,MISO,MISO,MISO
p17149,IL,eastern,MISO_Central,MISO,MISO,MISO
p17151,IL,eastern,MISO_Central,MISO,MISO,MISO
p17153,IL,eastern,MISO_Central,MISO,MISO,MISO
p17155,IL,eastern,MISO_Central,MISO,MISO,MISO
p17157,IL,eastern,MISO_Central,MISO,MISO,MISO
p17159,IL,eastern,MISO_Central,MISO,MISO,MISO
p17161,IL,eastern,MISO_Central,MISO,MISO,MISO
p17163,IL,eastern,MISO_Central,MISO,MISO,MISO
p17165,IL,eastern,MISO_Central,MISO,MISO,MISO
p17167,IL,eastern,MISO_Central,MISO,MISO,MISO
p17169,IL,eastern,MISO_Central,MISO,MISO,MISO
p17171,IL,eastern,MISO_Central,MISO,MISO,MISO
p17173,IL,eastern,MISO_Central,MISO,MISO,MISO
p17175,IL,eastern,MISO_Central,MISO,MISO,MISO
p17177,IL,eastern,PJM_West,PJM,PJM,PJM
p17179,IL,eastern,MISO_Central,MISO,MISO,MISO
p17181,IL,eastern,MISO_Central,MISO,MISO,MISO
p17183,IL,eastern,MISO_Central,MISO,MISO,MISO
p17185,IL,eastern,MISO_Central,MISO,MISO,MISO
p17187,IL,eastern,MISO_Central,MISO,MISO,MISO
p17189,IL,eastern,MISO_Central,MISO,MISO,MISO
p17191,IL,eastern,MISO_Central,MISO,MISO,MISO
p17193,IL,eastern,MISO_Central,MISO,MISO,MISO
p17195,IL,eastern,PJM_West,PJM,PJM,PJM
p17197,IL,eastern,PJM_West,PJM,PJM,PJM
p17199,IL,eastern,MISO_Central,MISO,MISO,MISO
p17201,IL,eastern,PJM_West,PJM,PJM,PJM
p17203,IL,eastern,MISO_Central,MISO,MISO,MISO
p18001,IN,eastern,MISO_Central,MISO,MISO,MISO
p18003,IN,eastern,MISO_Central,MISO,MISO,MISO
p18005,IN,eastern,MISO_Central,MISO,MISO,MISO
p18007,IN,eastern,MISO_Central,MISO,MISO,MISO
p18009,IN,eastern,MISO_Central,MISO,MISO,MISO
p18011,IN,eastern,MISO_Central,MISO,MISO,MISO
p18013,IN,eastern,MISO_Central,MISO,MISO,MISO
p18015,IN,eastern,MISO_Central,MISO,MISO,MISO
p18017,IN,eastern,MISO_Central,MISO,MISO,MISO
p18019,IN,eastern,MISO_Central,MISO,MISO,MISO
p18021,IN,eastern,MISO_Central,MISO,MISO,MISO
p18023,IN,eastern,MISO_Central,MISO,MISO,MISO
p18025,IN,eastern,MISO_Central,MISO,MISO,MISO
p18027,IN,eastern,MISO_Central,MISO,MISO,MISO
p18029,IN,eastern,MISO_Central,MISO,MISO,MISO
p18031,IN,eastern,MISO_Central,MISO,MISO,MISO
p18033,IN,eastern,MISO_Central,MISO,MISO,MISO
p18035,IN,eastern,MISO_Central,MISO,MISO,MISO
p18037,IN,eastern,MISO_Central,MISO,MISO,MISO
p18039,IN,eastern,MISO_Central,MISO,MISO,MISO
p18041,IN,eastern,MISO_Central,MISO,MISO,MISO
p18043,IN,eastern,MISO_Central,MISO,MISO,MISO
p18045,IN,eastern,MISO_Central,MISO,MISO,MISO
p18047,IN,eastern,MISO_Central,MISO,MISO,MISO
p18049,IN,eastern,MISO_Central,MISO,MISO,MISO
p18051,IN,eastern,MISO_Central,MISO,MISO,MISO
p18053,IN,eastern,MISO_Central,MISO,MISO,MISO
p18055,IN,eastern,MISO_Central,MISO,MISO,MISO
p18057,IN,eastern,MISO_Central,MISO,MISO,MISO
p18059,IN,eastern,MISO_Central,MISO,MISO,MISO
p18061,IN,eastern,MISO_Central,MISO,MISO,MISO
p18063,IN,eastern,MISO_Central,MISO,MISO,MISO
p18065,IN,eastern,MISO_Central,MISO,MISO,MISO
p18067,IN,eastern,MISO_Central,MISO,MISO,MISO
p18069,IN,eastern,MISO_Central,MISO,MISO,MISO
p18071,IN,eastern,MISO_Central,MISO,MISO,MISO
p18073,IN,eastern,MISO_Central,MISO,MISO,MISO
p18075,IN,eastern,MISO_Central,MISO,MISO,MISO
p18077,IN,eastern,MISO_Central,MISO,MISO,MISO
p18079,IN,eastern,MISO_Central,MISO,MISO,MISO
p18081,IN,eastern,MISO_Central,MISO,MISO,MISO
p18083,IN,eastern,MISO_Central,MISO,MISO,MISO
p18085,IN,eastern,MISO_Central,MISO,MISO,MISO
p18087,IN,eastern,MISO_Central,MISO,MISO,MISO
p18089,IN,eastern,MISO_Central,MISO,MISO,MISO
p18091,IN,eastern,MISO_Central,MISO,MISO,MISO
p18093,IN,eastern,MISO_Central,MISO,MISO,MISO
p18095,IN,eastern,MISO_Central,MISO,MISO,MISO
p18097,IN,eastern,MISO_Central,MISO,MISO,MISO
p18099,IN,eastern,MISO_Central,MISO,MISO,MISO
p18101,IN,eastern,MISO_Central,MISO,MISO,MISO
p18103,IN,eastern,MISO_Central,MISO,MISO,MISO
p18105,IN,eastern,MISO_Central,MISO,MISO,MISO
p18107,IN,eastern,MISO_Central,MISO,MISO,MISO
p18109,IN,eastern,MISO_Central,MISO,MISO,MISO
p18111,IN,eastern,MISO_Central,MISO,MISO,MISO
p18113,IN,eastern,MISO_Central,MISO,MISO,MISO
p18115,IN,eastern,MISO_Central,MISO,MISO,MISO
p18117,IN,eastern,MISO_Central,MISO,MISO,MISO
p18119,IN,eastern,MISO_Central,MISO,MISO,MISO
p18121,IN,eastern,MISO_Central,MISO,MISO,MISO
p18123,IN,eastern,MISO_Central,MISO,MISO,MISO
p18125,IN,eastern,MISO_Central,MISO,MISO,MISO
p18127,IN,eastern,MISO_Central,MISO,MISO,MISO
p18129,IN,eastern,MISO_Central,MISO,MISO,MISO
p18131,IN,eastern,MISO_Central,MISO,MISO,MISO
p18133,IN,eastern,MISO_Central,MISO,MISO,MISO
p18135,IN,eastern,MISO_Central,MISO,MISO,MISO
p18137,IN,eastern,MISO_Central,MISO,MISO,MISO
p18139,IN,eastern,MISO_Central,MISO,MISO,MISO
p18141,IN,eastern,MISO_Central,MISO,MISO,MISO
p18143,IN,eastern,MISO_Central,MISO,MISO,MISO
p18145,IN,eastern,MISO_Central,MISO,MISO,MISO
p18147,IN,eastern,MISO_Central,MISO,MISO,MISO
p18149,IN,eastern,MISO_Central,MISO,MISO,MISO
p18151,IN,eastern,MISO_Central,MISO,MISO,MISO
p18153,IN,eastern,MISO_Central,MISO,MISO,MISO
p18155,IN,eastern,MISO_Central,MISO,MISO,MISO
p18157,IN,eastern,MISO_Central,MISO,MISO,MISO
p18159,IN,eastern,MISO_Central,MISO,MISO,MISO
p18161,IN,eastern,MISO_Central,MISO,MISO,MISO
p18163,IN,eastern,MISO_Central,MISO,MISO,MISO
p18165,IN,eastern,MISO_Central,MISO,MISO,MISO
p18167,IN,eastern,MISO_Central,MISO,MISO,MISO
p18169,IN,eastern,MISO_Central,MISO,MISO,MISO
p18171,IN,eastern,MISO_Central,MISO,MISO,MISO
p18173,IN,eastern,MISO_Central,MISO,MISO,MISO
p18175,IN,eastern,MISO_Central,MISO,MISO,MISO
p18177,IN,eastern,MISO_Central,MISO,MISO,MISO
p18179,IN,eastern,MISO_Central,MISO,MISO,MISO
p18181,IN,eastern,MISO_Central,MISO,MISO,MISO
p18183,IN,eastern,MISO_Central,MISO,MISO,MISO
p19001,IA,eastern,MISO_North,MISO,MISO,MISO
p19003,IA,eastern,MISO_North,MISO,MISO,MISO
p19005,IA,eastern,MISO_North,MISO,MISO,MISO
p19007,IA,eastern,MISO_North,MISO,MISO,MISO
p19009,IA,eastern,MISO_North,MISO,MISO,MISO
p19011,IA,eastern,MISO_North,MISO,MISO,MISO
p19013,IA,eastern,MISO_North,MISO,MISO,MISO
p19015,IA,eastern,MISO_North,MISO,MISO,MISO
p19017,IA,eastern,MISO_North,MISO,MISO,MISO
p19019,IA,eastern,MISO_North,MISO,MISO,MISO
p19021,IA,eastern,MISO_North,MISO,MISO,MISO
p19023,IA,eastern,MISO_North,MISO,MISO,MISO
p19025,IA,eastern,MISO_North,MISO,MISO,MISO
p19027,IA,eastern,MISO_North,MISO,MISO,MISO
p19029,IA,eastern,MISO_North,MISO,MISO,MISO
p19031,IA,eastern,MISO_North,MISO,MISO,MISO
p19033,IA,eastern,MISO_North,MISO,MISO,MISO
p19035,IA,eastern,MISO_North,MISO,MISO,MISO
p19037,IA,eastern,MISO_North,MISO,MISO,MISO
p19039,IA,eastern,MISO_North,MISO,MISO,MISO
p19041,IA,eastern,MISO_North,MISO,MISO,MISO
p19043,IA,eastern,MISO_North,MISO,MISO,MISO
p19045,IA,eastern,MISO_North,MISO,MISO,MISO
p19047,IA,eastern,MISO_North,MISO,MISO,MISO
p19049,IA,eastern,MISO_North,MISO,MISO,MISO
p19051,IA,eastern,MISO_North,MISO,MISO,MISO
p19053,IA,eastern,MISO_North,MISO,MISO,MISO
p19055,IA,eastern,MISO_North,MISO,MISO,MISO
p19057,IA,eastern,MISO_North,MISO,MISO,MISO
p19059,IA,eastern,MISO_North,MISO,MISO,MISO
p19061,IA,eastern,MISO_North,MISO,MISO,MISO
p19063,IA,eastern,MISO_North,MISO,MISO,MISO
p19065,IA,eastern,MISO_North,MISO,MISO,MISO
p19067,IA,eastern,MISO_North,MISO,MISO,MISO
p19069,IA,eastern,MISO_North,MISO,MISO,MISO
p19071,IA,eastern,MISO_North,MISO,MISO,MISO
p19073,IA,eastern,MISO_North,MISO,MISO,MISO
p19075,IA,eastern,MISO_North,MISO,MISO,MISO
p19077,IA,eastern,MISO_North,MISO,MISO,MISO
p19079,IA,eastern,MISO_North,MISO,MISO,MISO
p19081,IA,eastern,MISO_North,MISO,MISO,MISO
p19083,IA,eastern,MISO_North,MISO,MISO,MISO
p19085,IA,eastern,MISO_North,MISO,MISO,MISO
p19087,IA,eastern,MISO_North,MISO,MISO,MISO
p19089,IA,eastern,MISO_North,MISO,MISO,MISO
p19091,IA,eastern,MISO_North,MISO,MISO,MISO
p19093,IA,eastern,MISO_North,MISO,MISO,MISO
p19095,IA,eastern,MISO_North,MISO,MISO,MISO
p19097,IA,eastern,MISO_North,MISO,MISO,MISO
p19099,IA,eastern,MISO_North,MISO,MISO,MISO
p19101,IA,eastern,MISO_North,MISO,MISO,MISO
p19103,IA,eastern,MISO_North,MISO,MISO,MISO
p19105,IA,eastern,MISO_North,MISO,MISO,MISO
p19107,IA,eastern,MISO_North,MISO,MISO,MISO
p19109,IA,eastern,MISO_North,MISO,MISO,MISO
p19111,IA,eastern,MISO_North,MISO,MISO,MISO
p19113,IA,eastern,MISO_North,MISO,MISO,MISO
p19115,IA,eastern,MISO_North,MISO,MISO,MISO
p19117,IA,eastern,MISO_North,MISO,MISO,MISO
p19119,IA,eastern,MISO_North,MISO,MISO,MISO
p19121,IA,eastern,MISO_North,MISO,MISO,MISO
p19123,IA,eastern,MISO_North,MISO,MISO,MISO
p19125,IA,eastern,MISO_North,MISO,MISO,MISO
p19127,IA,eastern,MISO_North,MISO,MISO,MISO
p19129,IA,eastern,MISO_North,MISO,MISO,MISO
p19131,IA,eastern,MISO_North,MISO,MISO,MISO
p19133,IA,eastern,MISO_North,MISO,MISO,MISO
p19135,IA,eastern,MISO_North,MISO,MISO,MISO
p19137,IA,eastern,MISO_North,MISO,MISO,MISO
p19139,IA,eastern,MISO_North,MISO,MISO,MISO
p19141,IA,eastern,MISO_North,MISO,MISO,MISO
p19143,IA,eastern,MISO_North,MISO,MISO,MISO
p19145,IA,eastern,MISO_North,MISO,MISO,MISO
p19147,IA,eastern,MISO_North,MISO,MISO,MISO
p19149,IA,eastern,MISO_North,MISO,MISO,MISO
p19151,IA,eastern,MISO_North,MISO,MISO,MISO
p19153,IA,eastern,MISO_North,MISO,MISO,MISO
p19155,IA,eastern,MISO_North,MISO,MISO,MISO
p19157,IA,eastern,MISO_North,MISO,MISO,MISO
p19159,IA,eastern,MISO_North,MISO,MISO,MISO
p19161,IA,eastern,MISO_North,MISO,MISO,MISO
p19163,IA,eastern,MISO_North,MISO,MISO,MISO
p19165,IA,eastern,MISO_North,MISO,MISO,MISO
p19167,IA,eastern,MISO_North,MISO,MISO,MISO
p19169,IA,eastern,MISO_North,MISO,MISO,MISO
p19171,IA,eastern,MISO_North,MISO,MISO,MISO
p19173,IA,eastern,MISO_North,MISO,MISO,MISO
p19175,IA,eastern,MISO_North,MISO,MISO,MISO
p19177,IA,eastern,MISO_North,MISO,MISO,MISO
p19179,IA,eastern,MISO_North,MISO,MISO,MISO
p19181,IA,eastern,MISO_North,MISO,MISO,MISO
p19183,IA,eastern,MISO_North,MISO,MISO,MISO
p19185,IA,eastern,MISO_North,MISO,MISO,MISO
p19187,IA,eastern,MISO_North,MISO,MISO,MISO
p19189,IA,eastern,MISO_North,MISO,MISO,MISO
p19191,IA,eastern,MISO_North,MISO,MISO,MISO
p19193,IA,eastern,MISO_North,MISO,MISO,MISO
p19195,IA,eastern,MISO_North,MISO,MISO,MISO
p19197,IA,eastern,MISO_North,MISO,MISO,MISO
p21001,KY,eastern,PJM_East,PJM,PJM,PJM
p21003,KY,eastern,SERTP,SERTP,SERC_C,Tennessee_Valley_Authority
p21005,KY,eastern,PJM_East,PJM,PJM,PJM
p21007,KY,eastern,SERTP,SERTP,SERC_C,Tennessee_Valley_Authority
p21009,KY,eastern,PJM_East,PJM,PJM,PJM
p21011,KY,eastern,PJM_East,PJM,PJM,PJM
p21013,KY,eastern,PJM_East,PJM,PJM,PJM
p21015,KY,eastern,PJM_East,PJM,PJM,PJM
p21017,KY,eastern,PJM_East,PJM,PJM,PJM
p21019,KY,eastern,PJM_East,PJM,PJM,PJM
p21021,KY,eastern,PJM_East,PJM,PJM,PJM
p21023,KY,eastern,PJM_East,PJM,PJM,PJM
p21025,KY,eastern,PJM_East,PJM,PJM,PJM
p21027,KY,eastern,MISO_Central,MISO,MISO,MISO
p21029,KY,eastern,PJM_East,PJM,PJM,PJM
p21031,KY,eastern,SERTP,SERTP,SERC_C,Tennessee_Valley_Authority
p21033,KY,eastern,MISO_Central,MISO,MISO,MISO
p21035,KY,eastern,SERTP,SERTP,SERC_C,Tennessee_Valley_Authority
p21037,KY,eastern,PJM_East,PJM,PJM,PJM
p21039,KY,eastern,SERTP,SERTP,SERC_C,Tennessee_Valley_Authority
p21041,KY,eastern,PJM_East,PJM,PJM,PJM
p21043,KY,eastern,PJM_East,PJM,PJM,PJM
p21045,KY,eastern,PJM_East,PJM,PJM,PJM
p21047,KY,eastern,SERTP,SERTP,SERC_C,Tennessee_Valley_Authority
p21049,KY,eastern,PJM_East,PJM,PJM,PJM
p21051,KY,eastern,PJM_East,PJM,PJM,PJM
p21053,KY,eastern,SERTP,SERTP,SERC_C,Tennessee_Valley_Authority
p21055,KY,eastern,MISO_Central,MISO,MISO,MISO
p21057,KY,eastern,SERTP,SERTP,SERC_C,Tennessee_Valley_Authority
p21059,KY,eastern,MISO_Central,MISO,MISO,MISO
p21061,KY,eastern,PJM_East,PJM,PJM,PJM
p21063,KY,eastern,PJM_East,PJM,PJM,PJM
p21065,KY,eastern,PJM_East,PJM,PJM,PJM
p21067,KY,eastern,PJM_East,PJM,PJM,PJM
p21069,KY,eastern,PJM_East,PJM,PJM,PJM
p21071,KY,eastern,PJM_East,PJM,PJM,PJM
p21073,KY,eastern,PJM_East,PJM,PJM,PJM
p21075,KY,eastern,SERTP,SERTP,SERC_C,Tennessee_Valley_Authority
p21077,KY,eastern,PJM_East,PJM,PJM,PJM
p21079,KY,eastern,PJM_East,PJM,PJM,PJM
p21081,KY,eastern,PJM_East,PJM,PJM,PJM
p21083,KY,eastern,SERTP,SERTP,SERC_C,Tennessee_Valley_Authority
p21085,KY,eastern,MISO_Central,MISO,MISO,MISO
p21087,KY,eastern,PJM_East,PJM,PJM,PJM
p21089,KY,eastern,PJM_East,PJM,PJM,PJM
p21091,KY,eastern,MISO_Central,MISO,MISO,MISO
p21093,KY,eastern,PJM_East,PJM,PJM,PJM
p21095,KY,eastern,PJM_East,PJM,PJM,PJM
p21097,KY,eastern,PJM_East,PJM,PJM,PJM
p21099,KY,eastern,PJM_East,PJM,PJM,PJM
p21101,KY,eastern,MISO_Central,MISO,MISO,MISO
p21103,KY,eastern,PJM_East,PJM,PJM,PJM
p21105,KY,eastern,SERTP,SERTP,SERC_C,Tennessee_Valley_Authority
p21107,KY,eastern,MISO_Central,MISO,MISO,MISO
p21109,KY,eastern,PJM_East,PJM,PJM,PJM
p21111,KY,eastern,PJM_East,PJM,PJM,PJM
p21113,KY,eastern,PJM_East,PJM,PJM,PJM
p21115,KY,eastern,PJM_East,PJM,PJM,PJM
p21117,KY,eastern,PJM_East,PJM,PJM,PJM
p21119,KY,eastern,PJM_East,PJM,PJM,PJM
p21121,KY,eastern,PJM_East,PJM,PJM,PJM
p21123,KY,eastern,PJM_East,PJM,PJM,PJM
p21125,KY,eastern,PJM_East,PJM,PJM,PJM
p21127,KY,eastern,PJM_East,PJM,PJM,PJM
p21129,KY,eastern,PJM_East,PJM,PJM,PJM
p21131,KY,eastern,PJM_East,PJM,PJM,PJM
p21133,KY,eastern,PJM_East,PJM,PJM,PJM
p21135,KY,eastern,PJM_East,PJM,PJM,PJM
p21137,KY,eastern,PJM_East,PJM,PJM,PJM
p21139,KY,eastern,SERTP,SERTP,SERC_C,Tennessee_Valley_Authority
p21141,KY,eastern,SERTP,SERTP,SERC_C,Tennessee_Valley_Authority
p21143,KY,eastern,SERTP,SERTP,SERC_C,Tennessee_Valley_Authority
p21145,KY,eastern,SERTP,SERTP,SERC_C,Tennessee_Valley_Authority
p21147,KY,eastern,SERTP,SERTP,SERC_C,Tennessee_Valley_Authority
p21149,KY,eastern,MISO_Central,MISO,MISO,MISO
p21151,KY,eastern,PJM_East,PJM,PJM,PJM
p21153,KY,eastern,PJM_East,PJM,PJM,PJM
p21155,KY,eastern,PJM_East,PJM,PJM,PJM
p21157,KY,eastern,SERTP,SERTP,SERC_C,Tennessee_Valley_Authority
p21159,KY,eastern,PJM_East,PJM,PJM,PJM
p21161,KY,eastern,PJM_East,PJM,PJM,PJM
p21163,KY,eastern,PJM_East,PJM,PJM,PJM
p21165,KY,eastern,PJM_East,PJM,PJM,PJM
p21167,KY,eastern,PJM_East,PJM,PJM,PJM
p21169,KY,eastern,SERTP,SERTP,SERC_C,Tennessee_Valley_Authority
p21171,KY,eastern,SERTP,SERTP,SERC_C,Tennessee_Valley_Authority
p21173,KY,eastern,PJM_East,PJM,PJM,PJM
p21175,KY,eastern,PJM_East,PJM,PJM,PJM
p21177,KY,eastern,MISO_Central,MISO,MISO,MISO
p21179,KY,eastern,PJM_East,PJM,PJM,PJM
p21181,KY,eastern,PJM_East,PJM,PJM,PJM
p21183,KY,eastern,MISO_Central,MISO,MISO,MISO
p21185,KY,eastern,PJM_East,PJM,PJM,PJM
p21187,KY,eastern,PJM_East,PJM,PJM,PJM
p21189,KY,eastern,PJM_East,PJM,PJM,PJM
p21191,KY,eastern,PJM_East,PJM,PJM,PJM
p21193,KY,eastern,PJM_East,PJM,PJM,PJM
p21195,KY,eastern,PJM_East,PJM,PJM,PJM
p21197,KY,eastern,PJM_East,PJM,PJM,PJM
p21199,KY,eastern,SERTP,SERTP,SERC_C,Tennessee_Valley_Authority
p21201,KY,eastern,PJM_East,PJM,PJM,PJM
p21203,KY,eastern,PJM_East,PJM,PJM,PJM
p21205,KY,eastern,PJM_East,PJM,PJM,PJM
p21207,KY,eastern,SERTP,SERTP,SERC_C,Tennessee_Valley_Authority
p21209,KY,eastern,PJM_East,PJM,PJM,PJM
p21211,KY,eastern,PJM_East,PJM,PJM,PJM
p21213,KY,eastern,SERTP,SERTP,SERC_C,Tennessee_Valley_Authority
p21215,KY,eastern,PJM_East,PJM,PJM,PJM
p21217,KY,eastern,PJM_East,PJM,PJM,PJM
p21219,KY,eastern,SERTP,SERTP,SERC_C,Tennessee_Valley_Authority
p21221,KY,eastern,SERTP,SERTP,SERC_C,Tennessee_Valley_Authority
p21223,KY,eastern,PJM_East,PJM,PJM,PJM
p21225,KY,eastern,MISO_Central,MISO,MISO,MISO
p21227,KY,eastern,SERTP,SERTP,SERC_C,Tennessee_Valley_Authority
p21229,KY,eastern,PJM_East,PJM,PJM,PJM
p21231,KY,eastern,SERTP,SERTP,SERC_C,Tennessee_Valley_Authority
p21233,KY,eastern,MISO_Central,MISO,MISO,MISO
p21235,KY,eastern,PJM_East,PJM,PJM,PJM
p21237,KY,eastern,PJM_East,PJM,PJM,PJM
p21239,KY,eastern,PJM_East,PJM,PJM,PJM
p24001,MD,eastern,PJM_East,PJM,PJM,PJM
p24003,MD,eastern,PJM_East,PJM,PJM,PJM
p24005,MD,eastern,PJM_East,PJM,PJM,PJM
p24009,MD,eastern,PJM_East,PJM,PJM,PJM
p24011,MD,eastern,PJM_East,PJM,PJM,PJM
p24013,MD,eastern,PJM_East,PJM,PJM,PJM
p24015,MD,eastern,PJM_East,PJM,PJM,PJM
p24017,MD,eastern,PJM_East,PJM,PJM,PJM
p24019,MD,eastern,PJM_East,PJM,PJM,PJM
p24021,MD,eastern,PJM_East,PJM,PJM,PJM
p24023,MD,eastern,PJM_East,PJM,PJM,PJM
p24025,MD,eastern,PJM_East,PJM,PJM,PJM
p24027,MD,eastern,PJM_East,PJM,PJM,PJM
p24029,MD,eastern,PJM_East,PJM,PJM,PJM
p24031,MD,eastern,PJM_East,PJM,PJM,PJM
p24033,MD,eastern,PJM_East,PJM,PJM,PJM
p24035,MD,eastern,PJM_East,PJM,PJM,PJM
p24037,MD,eastern,PJM_East,PJM,PJM,PJM
p24039,MD,eastern,PJM_East,PJM,PJM,PJM
p24041,MD,eastern,PJM_East,PJM,PJM,PJM
p24043,MD,eastern,PJM_East,PJM,PJM,PJM
p24045,MD,eastern,PJM_East,PJM,PJM,PJM
p24047,MD,eastern,PJM_East,PJM,PJM,PJM
p24510,MD,eastern,PJM_East,PJM,PJM,PJM
p26001,MI,eastern,MISO_Central,MISO,MISO,MISO
p26003,MI,eastern,MISO_North,MISO,MISO,MISO
p26005,MI,eastern,MISO_Central,MISO,MISO,MISO
p26007,MI,eastern,MISO_Central,MISO,MISO,MISO
p26009,MI,eastern,MISO_Central,MISO,MISO,MISO
p26011,MI,eastern,MISO_Central,MISO,MISO,MISO
p26013,MI,eastern,MISO_North,MISO,MISO,MISO
p26015,MI,eastern,MISO_Central,MISO,MISO,MISO
p26017,MI,eastern,MISO_Central,MISO,MISO,MISO
p26019,MI,eastern,MISO_Central,MISO,MISO,MISO
p26021,MI,eastern,PJM_West,PJM,PJM,PJM
p26023,MI,eastern,MISO_Central,MISO,MISO,MISO
p26025,MI,eastern,MISO_Central,MISO,MISO,MISO
p26027,MI,eastern,PJM_West,PJM,PJM,PJM
p26029,MI,eastern,MISO_Central,MISO,MISO,MISO
p26031,MI,eastern,MISO_Central,MISO,MISO,MISO
p26033,MI,eastern,MISO_Central,MISO,MISO,MISO
p26035,MI,eastern,MISO_Central,MISO,MISO,MISO
p26037,MI,eastern,MISO_Central,MISO,MISO,MISO
p26039,MI,eastern,MISO_Central,MISO,MISO,MISO
p26041,MI,eastern,MISO_North,MISO,MISO,MISO
p26043,MI,eastern,MISO_North,MISO,MISO,MISO
p26045,MI,eastern,MISO_Central,MISO,MISO,MISO
p26047,MI,eastern,MISO_Central,MISO,MISO,MISO
p26049,MI,eastern,MISO_Central,MISO,MISO,MISO
p26051,MI,eastern,MISO_Central,MISO,MISO,MISO
p26053,MI,eastern,MISO_North,MISO,MISO,MISO
p26055,MI,eastern,MISO_Central,MISO,MISO,MISO
p26057,MI,eastern,MISO_Central,MISO,MISO,MISO
p26059,MI,eastern,MISO_Central,MISO,MISO,MISO
p26061,MI,eastern,MISO_North,MISO,MISO,MISO
p26063,MI,eastern,MISO_Central,MISO,MISO,MISO
p26065,MI,eastern,MISO_Central,MISO,MISO,MISO
p26067,MI,eastern,MISO_Central,MISO,MISO,MISO
p26069,MI,eastern,MISO_Central,MISO,MISO,MISO
p26071,MI,eastern,MISO_North,MISO,MISO,MISO
p26073,MI,eastern,MISO_Central,MISO,MISO,MISO
p26075,MI,eastern,MISO_Central,MISO,MISO,MISO
p26077,MI,eastern,PJM_West,PJM,PJM,PJM
p26079,MI,eastern,MISO_Central,MISO,MISO,MISO
p26081,MI,eastern,MISO_Central,MISO,MISO,MISO
p26083,MI,eastern,MISO_North,MISO,MISO,MISO
p26085,MI,eastern,MISO_Central,MISO,MISO,MISO
p26087,MI,eastern,MISO_Central,MISO,MISO,MISO
p26089,MI,eastern,MISO_Central,MISO,MISO,MISO
p26091,MI,eastern,MISO_Central,MISO,MISO,MISO
p26093,MI,eastern,MISO_Central,MISO,MISO,MISO
p26095,MI,eastern,MISO_Central,MISO,MISO,MISO
p26097,MI,eastern,MISO_Central,MISO,MISO,MISO
p26099,MI,eastern,MISO_Central,MISO,MISO,MISO
p26101,MI,eastern,MISO_Central,MISO,MISO,MISO
p26103,MI,eastern,MISO_North,MISO,MISO,MISO
p26105,MI,eastern,MISO_Central,MISO,MISO,MISO
p26107,MI,eastern,MISO_Central,MISO,MISO,MISO
p26109,MI,eastern,MISO_North,MISO,MISO,MISO
p26111,MI,eastern,MISO_Central,MISO,MISO,MISO
p26113,MI,eastern,MISO_Central,MISO,MISO,MISO
p26115,MI,eastern,MISO_Central,MISO,MISO,MISO
p26117,MI,eastern,MISO_Central,MISO,MISO,MISO
p26119,MI,eastern,MISO_Central,MISO,MISO,MISO
p26121,MI,eastern,MISO_Central,MISO,MISO,MISO
p26123,MI,eastern,MISO_Central,MISO,MISO,MISO
p26125,MI,eastern,MISO_Central,MISO,MISO,MISO
p26127,MI,eastern,MISO_Central,MISO,MISO,MISO
p26129,MI,eastern,MISO_Central,MISO,MISO,MISO
p26131,MI,eastern,MISO_North,MISO,MISO,MISO
p26133,MI,eastern,MISO_Central,MISO,MISO,MISO
p26135,MI,eastern,MISO_Central,MISO,MISO,MISO
p26137,MI,eastern,MISO_Central,MISO,MISO,MISO
p26139,MI,eastern,MISO_Central,MISO,MISO,MISO
p26141,MI,eastern,MISO_Central,MISO,MISO,MISO
p26143,MI,eastern,MISO_Central,MISO,MISO,MISO
p26145,MI,eastern,MISO_Central,MISO,MISO,MISO
p26147,MI,eastern,MISO_Central,MISO,MISO,MISO
p26149,MI,eastern,PJM_West,PJM,PJM,PJM
p26151,MI,eastern,MISO_Central,MISO,MISO,MISO
p26153,MI,eastern,MISO_Central,MISO,MISO,MISO
p26155,MI,eastern,MISO_Central,MISO,MISO,MISO
p26157,MI,eastern,MISO_Central,MISO,MISO,MISO
p26159,MI,eastern,PJM_West,PJM,PJM,PJM
p26161,MI,eastern,MISO_Central,MISO,MISO,MISO
p26163,MI,eastern,MISO_Central,MISO,MISO,MISO
p26165,MI,eastern,MISO_Central,MISO,MISO,MISO
p34001,NJ,eastern,PJM_East,PJM,PJM,PJM
p34003,NJ,eastern,PJM_East,PJM,PJM,PJM
p34005,NJ,eastern,PJM_East,PJM,PJM,PJM
p34007,NJ,eastern,PJM_East,PJM,PJM,PJM
p34009,NJ,eastern,PJM_East,PJM,PJM,PJM
p34011,NJ,eastern,PJM_East,PJM,PJM,PJM
p34013,NJ,eastern,PJM_East,PJM,PJM,PJM
p34015,NJ,eastern,PJM_East,PJM,PJM,PJM
p34017,NJ,eastern,PJM_East,PJM,PJM,PJM
p34019,NJ,eastern,PJM_East,PJM,PJM,PJM
p34021,NJ,eastern,PJM_East,PJM,PJM,PJM
p34023,NJ,eastern,PJM_East,PJM,PJM,PJM
p34025,NJ,eastern,PJM_East,PJM,PJM,PJM
p34027,NJ,eastern,PJM_East,PJM,PJM,PJM
p34029,NJ,eastern,PJM_East,PJM,PJM,PJM
p34031,NJ,eastern,PJM_East,PJM,PJM,PJM
p34033,NJ,eastern,PJM_East,PJM,PJM,PJM
p34035,NJ,eastern,PJM_East,PJM,PJM,PJM
p34037,NJ,eastern,PJM_East,PJM,PJM,PJM
p34039,NJ,eastern,PJM_East,PJM,PJM,PJM
p34041,NJ,eastern,PJM_East,PJM,PJM,PJM
p36001,NY,eastern,NYISO,NYISO,NPCC_NY,NYISO
p36003,NY,eastern,NYISO,NYISO,NPCC_NY,NYISO
p36005,NY,eastern,NYISO,NYISO,NPCC_NY,NYISO
p36007,NY,eastern,NYISO,NYISO,NPCC_NY,NYISO
p36009,NY,eastern,NYISO,NYISO,NPCC_NY,NYISO
p36011,NY,eastern,NYISO,NYISO,NPCC_NY,NYISO
p36013,NY,eastern,NYISO,NYISO,NPCC_NY,NYISO
p36015,NY,eastern,NYISO,NYISO,NPCC_NY,NYISO
p36017,NY,eastern,NYISO,NYISO,NPCC_NY,NYISO
p36019,NY,eastern,NYISO,NYISO,NPCC_NY,NYISO
p36021,NY,eastern,NYISO,NYISO,NPCC_NY,NYISO
p36023,NY,eastern,NYISO,NYISO,NPCC_NY,NYISO
p36025,NY,eastern,NYISO,NYISO,NPCC_NY,NYISO
p36027,NY,eastern,NYISO,NYISO,NPCC_NY,NYISO
p36029,NY,eastern,NYISO,NYISO,NPCC_NY,NYISO
p36031,NY,eastern,NYISO,NYISO,NPCC_NY,NYISO
p36033,NY,eastern,NYISO,NYISO,NPCC_NY,NYISO
p36035,NY,eastern,NYISO,NYISO,NPCC_NY,NYISO
p36037,NY,eastern,NYISO,NYISO,NPCC_NY,NYISO
p36039,NY,eastern,NYISO,NYISO,NPCC_NY,NYISO
p36041,NY,eastern,NYISO,NYISO,NPCC_NY,NYISO
p36043,NY,eastern,NYISO,NYISO,NPCC_NY,NYISO
p36045,NY,eastern,NYISO,NYISO,NPCC_NY,NYISO
p36047,NY,eastern,NYISO,NYISO,NPCC_NY,NYISO
p36049,NY,eastern,NYISO,NYISO,NPCC_NY,NYISO
p36051,NY,eastern,NYISO,NYISO,NPCC_NY,NYISO
p36053,NY,eastern,NYISO,NYISO,NPCC_NY,NYISO
p36055,NY,eastern,NYISO,NYISO,NPCC_NY,NYISO
p36057,NY,eastern,NYISO,NYISO,NPCC_NY,NYISO
p36059,NY,eastern,NYISO,NYISO,NPCC_NY,NYISO
p36061,NY,eastern,NYISO,NYISO,NPCC_NY,NYISO
p36063,NY,eastern,NYISO,NYISO,NPCC_NY,NYISO
p36065,NY,eastern,NYISO,NYISO,NPCC_NY,NYISO
p36067,NY,eastern,NYISO,NYISO,NPCC_NY,NYISO
p36069,NY,eastern,NYISO,NYISO,NPCC_NY,NYISO
p36071,NY,eastern,NYISO,NYISO,NPCC_NY,NYISO
p36073,NY,eastern,NYISO,NYISO,NPCC_NY,NYISO
p36075,NY,eastern,NYISO,NYISO,NPCC_NY,NYISO
p36077,NY,eastern,NYISO,NYISO,NPCC_NY,NYISO
p36079,NY,eastern,NYISO,NYISO,NPCC_NY,NYISO
p36081,NY,eastern,NYISO,NYISO,NPCC_NY,NYISO
p36083,NY,eastern,NYISO,NYISO,NPCC_NY,NYISO
p36085,NY,eastern,NYISO,NYISO,NPCC_NY,NYISO
p36087,NY,eastern,NYISO,NYISO,NPCC_NY,NYISO
p36089,NY,eastern,NYISO,NYISO,NPCC_NY,NYISO
p36091,NY,eastern,NYISO,NYISO,NPCC_NY,NYISO
p36093,NY,eastern,NYISO,NYISO,NPCC_NY,NYISO
p36095,NY,eastern,NYISO,NYISO,NPCC_NY,NYISO
p36097,NY,eastern,NYISO,NYISO,NPCC_NY,NYISO
p36099,NY,eastern,NYISO,NYISO,NPCC_NY,NYISO
p36101,NY,eastern,NYISO,NYISO,NPCC_NY,NYISO
p36103,NY,eastern,NYISO,NYISO,NPCC_NY,NYISO
p36105,NY,eastern,NYISO,NYISO,NPCC_NY,NYISO
p36107,NY,eastern,NYISO,NYISO,NPCC_NY,NYISO
p36109,NY,eastern,NYISO,NYISO,NPCC_NY,NYISO
p36111,NY,eastern,NYISO,NYISO,NPCC_NY,NYISO
p36113,NY,eastern,NYISO,NYISO,NPCC_NY,NYISO
p36115,NY,eastern,NYISO,NYISO,NPCC_NY,NYISO
p36117,NY,eastern,NYISO,NYISO,NPCC_NY,NYISO
p36119,NY,eastern,NYISO,NYISO,NPCC_NY,NYISO
p36121,NY,eastern,NYISO,NYISO,NPCC_NY,NYISO
p36123,NY,eastern,NYISO,NYISO,NPCC_NY,NYISO
p37001,NC,eastern,SERTP,SERTP,SERC_E,Duke_Energy_Progress_East
p37003,NC,eastern,SERTP,SERTP,SERC_E,Duke_Energy_Carolinas_LLC
p37005,NC,eastern,SERTP,SERTP,SERC_E,Duke_Energy_Carolinas_LLC
p37007,NC,eastern,SERTP,SERTP,SERC_E,Duke_Energy_Carolinas_LLC
p37009,NC,eastern,SERTP,SERTP,SERC_E,Duke_Energy_Carolinas_LLC
p37011,NC,eastern,SERTP,SERTP,SERC_E,Duke_Energy_Carolinas_LLC
p37013,NC,eastern,SERTP,SERTP,SERC_E,Duke_Energy_Progress_East
p37015,NC,eastern,SERTP,SERTP,SERC_E,Duke_Energy_Progress_East
p37017,NC,eastern,SERTP,SERTP,SERC_E,Duke_Energy_Progress_East
p37019,NC,eastern,SERTP,SERTP,SERC_E,Duke_Energy_Progress_East
p37021,NC,eastern,SERTP,SERTP,SERC_E,Duke_Energy_Carolinas_LLC
p37023,NC,eastern,SERTP,SERTP,SERC_E,Duke_Energy_Carolinas_LLC
p37025,NC,eastern,SERTP,SERTP,SERC_E,Duke_Energy_Carolinas_LLC
p37027,NC,eastern,SERTP,SERTP,SERC_E,Duke_Energy_Carolinas_LLC
p37029,NC,eastern,SERTP,SERTP,SERC_E,Duke_Energy_Progress_East
p37031,NC,eastern,SERTP,SERTP,SERC_E,Duke_Energy_Progress_East
p37033,NC,eastern,SERTP,SERTP,SERC_E,Duke_Energy_Progress_East
p37035,NC,eastern,SERTP,SERTP,SERC_E,Duke_Energy_Carolinas_LLC
p37037,NC,eastern,SERTP,SERTP,SERC_E,Duke_Energy_Progress_East
p37039,NC,eastern,SERTP,SERTP,SERC_E,Duke_Energy_Carolinas_LLC
p37041,NC,eastern,SERTP,SERTP,SERC_E,Duke_Energy_Progress_East
p37043,NC,eastern,SERTP,SERTP,SERC_E,Duke_Energy_Carolinas_LLC
p37045,NC,eastern,SERTP,SERTP,SERC_E,Duke_Energy_Carolinas_LLC
p37047,NC,eastern,SERTP,SERTP,SERC_E,Duke_Energy_Progress_East
p37049,NC,eastern,SERTP,SERTP,SERC_E,Duke_Energy_Progress_East
p37051,NC,eastern,SERTP,SERTP,SERC_E,Duke_Energy_Progress_East
p37053,NC,eastern,SERTP,SERTP,SERC_E,Duke_Energy_Progress_East
p37055,NC,eastern,SERTP,SERTP,SERC_E,Duke_Energy_Progress_East
p37057,NC,eastern,SERTP,SERTP,SERC_E,Duke_Energy_Carolinas_LLC
p37059,NC,eastern,SERTP,SERTP,SERC_E,Duke_Energy_Carolinas_LLC
p37061,NC,eastern,SERTP,SERTP,SERC_E,Duke_Energy_Progress_East
p37063,NC,eastern,SERTP,SERTP,SERC_E,Duke_Energy_Progress_East
p37065,NC,eastern,SERTP,SERTP,SERC_E,Duke_Energy_Progress_East
p37067,NC,eastern,SERTP,SERTP,SERC_E,Duke_Energy_Carolinas_LLC
p37069,NC,eastern,SERTP,SERTP,SERC_E,Duke_Energy_Progress_East
p37071,NC,eastern,SERTP,SERTP,SERC_E,Duke_Energy_Carolinas_LLC
p37073,NC,eastern,SERTP,SERTP,SERC_E,Duke_Energy_Progress_East
p37075,NC,eastern,SERTP,SERTP,SERC_E,Duke_Energy_Carolinas_LLC
p37077,NC,eastern,SERTP,SERTP,SERC_E,Duke_Energy_Progress_East
p37079,NC,eastern,SERTP,SERTP,SERC_E,Duke_Energy_Progress_East
p37081,NC,eastern,SERTP,SERTP,SERC_E,Duke_Energy_Carolinas_LLC
p37083,NC,eastern,SERTP,SERTP,SERC_E,Duke_Energy_Progress_East
p37085,NC,eastern,SERTP,SERTP,SERC_E,Duke_Energy_Progress_East
p37087,NC,eastern,SERTP,SERTP,SERC_E,Duke_Energy_Carolinas_LLC
p37089,NC,eastern,SERTP,SERTP,SERC_E,Duke_Energy_Carolinas_LLC
p37091,NC,eastern,SERTP,SERTP,SERC_E,Duke_Energy_Progress_East
p37093,NC,eastern,SERTP,SERTP,SERC_E,Duke_Energy_Progress_East
p37095,NC,eastern,SERTP,SERTP,SERC_E,Duke_Energy_Progress_East
p37097,NC,eastern,SERTP,SERTP,SERC_E,Duke_Energy_Carolinas_LLC
p37099,NC,eastern,SERTP,SERTP,SERC_E,Duke_Energy_Carolinas_LLC
p37101,NC,eastern,SERTP,SERTP,SERC_E,Duke_Energy_Progress_East
p37103,NC,eastern,SERTP,SERTP,SERC_E,Duke_Energy_Progress_East
p37105,NC,eastern,SERTP,SERTP,SERC_E,Duke_Energy_Progress_East
p37107,NC,eastern,SERTP,SERTP,SERC_E,Duke_Energy_Progress_East
p37109,NC,eastern,SERTP,SERTP,SERC_E,Duke_Energy_Carolinas_LLC
p37111,NC,eastern,SERTP,SERTP,SERC_E,Duke_Energy_Carolinas_LLC
p37113,NC,eastern,SERTP,SERTP,SERC_E,Duke_Energy_Carolinas_LLC
p37115,NC,eastern,SERTP,SERTP,SERC_E,Duke_Energy_Carolinas_LLC
p37117,NC,eastern,SERTP,SERTP,SERC_E,Duke_Energy_Progress_East
p37119,NC,eastern,SERTP,SERTP,SERC_E,Duke_Energy_Carolinas_LLC
p37121,NC,eastern,SERTP,SERTP,SERC_E,Duke_Energy_Carolinas_LLC
p37123,NC,eastern,SERTP,SERTP,SERC_E,Duke_Energy_Progress_East
p37125,NC,eastern,SERTP,SERTP,SERC_E,Duke_Energy_Progress_East
p37127,NC,eastern,SERTP,SERTP,SERC_E,Duke_Energy_Progress_East
p37129,NC,eastern,SERTP,SERTP,SERC_E,Duke_Energy_Progress_East
p37131,NC,eastern,SERTP,SERTP,SERC_E,Duke_Energy_Progress_East
p37133,NC,eastern,SERTP,SERTP,SERC_E,Duke_Energy_Progress_East
p37135,NC,eastern,SERTP,SERTP,SERC_E,Duke_Energy_Progress_East
p37137,NC,eastern,SERTP,SERTP,SERC_E,Duke_Energy_Progress_East
p37139,NC,eastern,SERTP,SERTP,SERC_E,Duke_Energy_Progress_East
p37141,NC,eastern,SERTP,SERTP,SERC_E,Duke_Energy_Progress_East
p37143,NC,eastern,SERTP,SERTP,SERC_E,Duke_Energy_Progress_East
p37145,NC,eastern,SERTP,SERTP,SERC_E,Duke_Energy_Progress_East
p37147,NC,eastern,SERTP,SERTP,SERC_E,Duke_Energy_Progress_East
p37149,NC,eastern,SERTP,SERTP,SERC_E,Duke_Energy_Carolinas_LLC
p37151,NC,eastern,SERTP,SERTP,SERC_E,Duke_Energy_Carolinas_LLC
p37153,NC,eastern,SERTP,SERTP,SERC_E,Duke_Energy_Progress_East
p37155,NC,eastern,SERTP,SERTP,SERC_E,Duke_Energy_Progress_East
p37157,NC,eastern,SERTP,SERTP,SERC_E,Duke_Energy_Carolinas_LLC
p37159,NC,eastern,SERTP,SERTP,SERC_E,Duke_Energy_Carolinas_LLC
p37161,NC,eastern,SERTP,SERTP,SERC_E,Duke_Energy_Carolinas_LLC
p37163,NC,eastern,SERTP,SERTP,SERC_E,Duke_Energy_Progress_East
p37165,NC,eastern,SERTP,SERTP,SERC_E,Duke_Energy_Progress_East
p37167,NC,eastern,SERTP,SERTP,SERC_E,Duke_Energy_Carolinas_LLC
p37169,NC,eastern,SERTP,SERTP,SERC_E,Duke_Energy_Carolinas_LLC
p37171,NC,eastern,SERTP,SERTP,SERC_E,Duke_Energy_Carolinas_LLC
p37173,NC,eastern,SERTP,SERTP,SERC_E,Duke_Energy_Carolinas_LLC
p37175,NC,eastern,SERTP,SERTP,SERC_E,Duke_Energy_Carolinas_LLC
p37177,NC,eastern,SERTP,SERTP,SERC_E,Duke_Energy_Progress_East
p37179,NC,eastern,SERTP,SERTP,SERC_E,Duke_Energy_Carolinas_LLC
p37181,NC,eastern,SERTP,SERTP,SERC_E,Duke_Energy_Progress_East
p37183,NC,eastern,SERTP,SERTP,SERC_E,Duke_Energy_Progress_East
p37185,NC,eastern,SERTP,SERTP,SERC_E,Duke_Energy_Progress_East
p37187,NC,eastern,SERTP,SERTP,SERC_E,Duke_Energy_Progress_East
p37189,NC,eastern,SERTP,SERTP,SERC_E,Duke_Energy_Carolinas_LLC
p37191,NC,eastern,SERTP,SERTP,SERC_E,Duke_Energy_Progress_East
p37193,NC,eastern,SERTP,SERTP,SERC_E,Duke_Energy_Carolinas_LLC
p37195,NC,eastern,SERTP,SERTP,SERC_E,Duke_Energy_Progress_East
p37197,NC,eastern,SERTP,SERTP,SERC_E,Duke_Energy_Carolinas_LLC
p37199,NC,eastern,SERTP,SERTP,SERC_E,Duke_Energy_Carolinas_LLC
p39001,OH,eastern,PJM_East,PJM,PJM,PJM
p39003,OH,eastern,PJM_East,PJM,PJM,PJM
p39005,OH,eastern,PJM_East,PJM,PJM,PJM
p39007,OH,eastern,PJM_East,PJM,PJM,PJM
p39009,OH,eastern,PJM_East,PJM,PJM,PJM
p39011,OH,eastern,PJM_East,PJM,PJM,PJM
p39013,OH,eastern,PJM_East,PJM,PJM,PJM
p39015,OH,eastern,PJM_East,PJM,PJM,PJM
p39017,OH,eastern,PJM_East,PJM,PJM,PJM
p39019,OH,eastern,PJM_East,PJM,PJM,PJM
p39021,OH,eastern,PJM_East,PJM,PJM,PJM
p39023,OH,eastern,PJM_East,PJM,PJM,PJM
p39025,OH,eastern,PJM_East,PJM,PJM,PJM
p39027,OH,eastern,PJM_East,PJM,PJM,PJM
p39029,OH,eastern,PJM_East,PJM,PJM,PJM
p39031,OH,eastern,PJM_East,PJM,PJM,PJM
p39033,OH,eastern,PJM_East,PJM,PJM,PJM
p39035,OH,eastern,PJM_East,PJM,PJM,PJM
p39037,OH,eastern,PJM_East,PJM,PJM,PJM
p39039,OH,eastern,PJM_East,PJM,PJM,PJM
p39041,OH,eastern,PJM_East,PJM,PJM,PJM
p39043,OH,eastern,PJM_East,PJM,PJM,PJM
p39045,OH,eastern,PJM_East,PJM,PJM,PJM
p39047,OH,eastern,PJM_East,PJM,PJM,PJM
p39049,OH,eastern,PJM_East,PJM,PJM,PJM
p39051,OH,eastern,PJM_East,PJM,PJM,PJM
p39053,OH,eastern,PJM_East,PJM,PJM,PJM
p39055,OH,eastern,PJM_East,PJM,PJM,PJM
p39057,OH,eastern,PJM_East,PJM,PJM,PJM
p39059,OH,eastern,PJM_East,PJM,PJM,PJM
p39061,OH,eastern,PJM_East,PJM,PJM,PJM
p39063,OH,eastern,PJM_East,PJM,PJM,PJM
p39065,OH,eastern,PJM_East,PJM,PJM,PJM
p39067,OH,eastern,PJM_East,PJM,PJM,PJM
p39069,OH,eastern,PJM_East,PJM,PJM,PJM
p39071,OH,eastern,PJM_East,PJM,PJM,PJM
p39073,OH,eastern,PJM_East,PJM,PJM,PJM
p39075,OH,eastern,PJM_East,PJM,PJM,PJM
p39077,OH,eastern,PJM_East,PJM,PJM,PJM
p39079,OH,eastern,PJM_East,PJM,PJM,PJM
p39081,OH,eastern,PJM_East,PJM,PJM,PJM
p39083,OH,eastern,PJM_East,PJM,PJM,PJM
p39085,OH,eastern,PJM_East,PJM,PJM,PJM
p39087,OH,eastern,PJM_East,PJM,PJM,PJM
p39089,OH,eastern,PJM_East,PJM,PJM,PJM
p39091,OH,eastern,PJM_East,PJM,PJM,PJM
p39093,OH,eastern,PJM_East,PJM,PJM,PJM
p39095,OH,eastern,PJM_East,PJM,PJM,PJM
p39097,OH,eastern,PJM_East,PJM,PJM,PJM
p39099,OH,eastern,PJM_East,PJM,PJM,PJM
p39101,OH,eastern,PJM_East,PJM,PJM,PJM
p39103,OH,eastern,PJM_East,PJM,PJM,PJM
p39105,OH,eastern,PJM_East,PJM,PJM,PJM
p39107,OH,eastern,PJM_East,PJM,PJM,PJM
p39109,OH,eastern,PJM_East,PJM,PJM,PJM
p39111,OH,eastern,PJM_East,PJM,PJM,PJM
p39113,OH,eastern,PJM_East,PJM,PJM,PJM
p39115,OH,eastern,PJM_East,PJM,PJM,PJM
p39117,OH,eastern,PJM_East,PJM,PJM,PJM
p39119,OH,eastern,PJM_East,PJM,PJM,PJM
p39121,OH,eastern,PJM_East,PJM,PJM,PJM
p39123,OH,eastern,PJM_East,PJM,PJM,PJM
p39125,OH,eastern,PJM_East,PJM,PJM,PJM
p39127,OH,eastern,PJM_East,PJM,PJM,PJM
p39129,OH,eastern,PJM_East,PJM,PJM,PJM
p39131,OH,eastern,PJM_East,PJM,PJM,PJM
p39133,OH,eastern,PJM_East,PJM,PJM,PJM
p39135,OH,eastern,PJM_East,PJM,PJM,PJM
p39137,OH,eastern,PJM_East,PJM,PJM,PJM
p39139,OH,eastern,PJM_East,PJM,PJM,PJM
p39141,OH,eastern,PJM_East,PJM,PJM,PJM
p39143,OH,eastern,PJM_East,PJM,PJM,PJM
p39145,OH,eastern,PJM_East,PJM,PJM,PJM
p39147,OH,eastern,PJM_East,PJM,PJM,PJM
p39149,OH,eastern,PJM_East,PJM,PJM,PJM
p39151,OH,eastern,PJM_East,PJM,PJM,PJM
p39153,OH,eastern,PJM_East,PJM,PJM,PJM
p39155,OH,eastern,PJM_East,PJM,PJM,PJM
p39157,OH,eastern,PJM_East,PJM,PJM,PJM
p39159,OH,eastern,PJM_East,PJM,PJM,PJM
p39161,OH,eastern,PJM_East,PJM,PJM,PJM
p39163,OH,eastern,PJM_East,PJM,PJM,PJM
p39165,OH,eastern,PJM_East,PJM,PJM,PJM
p39167,OH,eastern,PJM_East,PJM,PJM,PJM
p39169,OH,eastern,PJM_East,PJM,PJM,PJM
p39171,OH,eastern,PJM_East,PJM,PJM,PJM
p39173,OH,eastern,PJM_East,PJM,PJM,PJM
p39175,OH,eastern,PJM_East,PJM,PJM,PJM
p42001,PA,eastern,PJM_East,PJM,PJM,PJM
p42003,PA,eastern,PJM_East,PJM,PJM,PJM
p42005,PA,eastern,PJM_East,PJM,PJM,PJM
p42007,PA,eastern,PJM_East,PJM,PJM,PJM
p42009,PA,eastern,PJM_East,PJM,PJM,PJM
p42011,PA,eastern,PJM_East,PJM,PJM,PJM
p42013,PA,eastern,PJM_East,PJM,PJM,PJM
p42015,PA,eastern,PJM_East,PJM,PJM,PJM
p42017,PA,eastern,PJM_East,PJM,PJM,PJM
p42019,PA,eastern,PJM_East,PJM,PJM,PJM
p42021,PA,eastern,PJM_East,PJM,PJM,PJM
p42023,PA,eastern,PJM_East,PJM,PJM,PJM
p42025,PA,eastern,PJM_East,PJM,PJM,PJM
p42027,PA,eastern,PJM_East,PJM,PJM,PJM
p42029,PA,eastern,PJM_East,PJM,PJM,PJM
p42031,PA,eastern,PJM_East,PJM,PJM,PJM
p42033,PA,eastern,PJM_East,PJM,PJM,PJM
p42035,PA,eastern,PJM_East,PJM,PJM,PJM
p42037,PA,eastern,PJM_East,PJM,PJM,PJM
p42039,PA,eastern,PJM_East,PJM,PJM,PJM
p42041,PA,eastern,PJM_East,PJM,PJM,PJM
p42043,PA,eastern,PJM_East,PJM,PJM,PJM
p42045,PA,eastern,PJM_East,PJM,PJM,PJM
p42047,PA,eastern,PJM_East,PJM,PJM,PJM
p42049,PA,eastern,PJM_East,PJM,PJM,PJM
p42051,PA,eastern,PJM_East,PJM,PJM,PJM
p42053,PA,eastern,PJM_East,PJM,PJM,PJM
p42055,PA,eastern,PJM_East,PJM,PJM,PJM
p42057,PA,eastern,PJM_East,PJM,PJM,PJM
p42059,PA,eastern,PJM_East,PJM,PJM,PJM
p42061,PA,eastern,PJM_East,PJM,PJM,PJM
p42063,PA,eastern,PJM_East,PJM,PJM,PJM
p42065,PA,eastern,PJM_East,PJM,PJM,PJM
p42067,PA,eastern,PJM_East,PJM,PJM,PJM
p42069,PA,eastern,PJM_East,PJM,PJM,PJM
p42071,PA,eastern,PJM_East,PJM,PJM,PJM
p42073,PA,eastern,PJM_East,PJM,PJM,PJM
p42075,PA,eastern,PJM_East,PJM,PJM,PJM
p42077,PA,eastern,PJM_East,PJM,PJM,PJM
p42079,PA,eastern,PJM_East,PJM,PJM,PJM
p42081,PA,eastern,PJM_East,PJM,PJM,PJM
p42083,PA,eastern,PJM_East,PJM,PJM,PJM
p42085,PA,eastern,PJM_East,PJM,PJM,PJM
p42087,PA,eastern,PJM_East,PJM,PJM,PJM
p42089,PA,eastern,PJM_East,PJM,PJM,PJM
p42091,PA,eastern,PJM_East,PJM,PJM,PJM
p42093,PA,eastern,PJM_East,PJM,PJM,PJM
p42095,PA,eastern,PJM_East,PJM,PJM,PJM
p42097,PA,eastern,PJM_East,PJM,PJM,PJM
p42099,PA,eastern,PJM_East,PJM,PJM,PJM
p42101,PA,eastern,PJM_East,PJM,PJM,PJM
p42103,PA,eastern,PJM_East,PJM,PJM,PJM
p42105,PA,eastern,PJM_East,PJM,PJM,PJM
p42107,PA,eastern,PJM_East,PJM,PJM,PJM
p42109,PA,eastern,PJM_East,PJM,PJM,PJM
p42111,PA,eastern,PJM_East,PJM,PJM,PJM
p42113,PA,eastern,PJM_East,PJM,PJM,PJM
p42115,PA,eastern,PJM_East,PJM,PJM,PJM
p42117,PA,eastern,PJM_East,PJM,PJM,PJM
p42119,PA,eastern,PJM_East,PJM,PJM,PJM
p42121,PA,eastern,PJM_East,PJM,PJM,PJM
p42123,PA,eastern,PJM_East,PJM,PJM,PJM
p42125,PA,eastern,PJM_East,PJM,PJM,PJM
p42127,PA,eastern,PJM_East,PJM,PJM,PJM
p42129,PA,eastern,PJM_East,PJM,PJM,PJM
p42131,PA,eastern,PJM_East,PJM,PJM,PJM
p42133,PA,eastern,PJM_East,PJM,PJM,PJM
p47001,TN,eastern,SERTP,SERTP,SERC_C,Tennessee_Valley_Authority
p47003,TN,eastern,SERTP,SERTP,SERC_C,Tennessee_Valley_Authority
p47005,TN,eastern,SERTP,SERTP,SERC_C,Tennessee_Valley_Authority
p47007,TN,eastern,SERTP,SERTP,SERC_C,Tennessee_Valley_Authority
p47009,TN,eastern,SERTP,SERTP,SERC_C,Tennessee_Valley_Authority
p47011,TN,eastern,SERTP,SERTP,SERC_C,Tennessee_Valley_Authority
p47013,TN,eastern,SERTP,SERTP,SERC_C,Tennessee_Valley_Authority
p47015,TN,eastern,SERTP,SERTP,SERC_C,Tennessee_Valley_Authority
p47017,TN,eastern,SERTP,SERTP,SERC_C,Tennessee_Valley_Authority
p47019,TN,eastern,SERTP,SERTP,SERC_C,Tennessee_Valley_Authority
p47021,TN,eastern,SERTP,SERTP,SERC_C,Tennessee_Valley_Authority
p47023,TN,eastern,SERTP,SERTP,SERC_C,Tennessee_Valley_Authority
p47025,TN,eastern,SERTP,SERTP,SERC_C,Tennessee_Valley_Authority
p47027,TN,eastern,SERTP,SERTP,SERC_C,Tennessee_Valley_Authority
p47029,TN,eastern,SERTP,SERTP,SERC_C,Tennessee_Valley_Authority
p47031,TN,eastern,SERTP,SERTP,SERC_C,Tennessee_Valley_Authority
p47033,TN,eastern,SERTP,SERTP,SERC_C,Tennessee_Valley_Authority
p47035,TN,eastern,SERTP,SERTP,SERC_C,Tennessee_Valley_Authority
p47037,TN,eastern,SERTP,SERTP,SERC_C,Tennessee_Valley_Authority
p47039,TN,eastern,SERTP,SERTP,SERC_C,Tennessee_Valley_Authority
p47041,TN,eastern,SERTP,SERTP,SERC_C,Tennessee_Valley_Authority
p47043,TN,eastern,SERTP,SERTP,SERC_C,Tennessee_Valley_Authority
p47045,TN,eastern,SERTP,SERTP,SERC_C,Tennessee_Valley_Authority
p47047,TN,eastern,SERTP,SERTP,SERC_C,Tennessee_Valley_Authority
p47049,TN,eastern,SERTP,SERTP,SERC_C,Tennessee_Valley_Authority
p47051,TN,eastern,SERTP,SERTP,SERC_C,Tennessee_Valley_Authority
p47053,TN,eastern,SERTP,SERTP,SERC_C,Tennessee_Valley_Authority
p47055,TN,eastern,SERTP,SERTP,SERC_C,Tennessee_Valley_Authority
p47057,TN,eastern,SERTP,SERTP,SERC_C,Tennessee_Valley_Authority
p47059,TN,eastern,SERTP,SERTP,SERC_C,Tennessee_Valley_Authority
p47061,TN,eastern,SERTP,SERTP,SERC_C,Tennessee_Valley_Authority
p47063,TN,eastern,SERTP,SERTP,SERC_C,Tennessee_Valley_Authority
p47065,TN,eastern,SERTP,SERTP,SERC_C,Tennessee_Valley_Authority
p47067,TN,eastern,SERTP,SERTP,SERC_C,Tennessee_Valley_Authority
p47069,TN,eastern,SERTP,SERTP,SERC_C,Tennessee_Valley_Authority
p47071,TN,eastern,SERTP,SERTP,SERC_C,Tennessee_Valley_Authority
p47073,TN,eastern,SERTP,SERTP,SERC_C,Tennessee_Valley_Authority
p47075,TN,eastern,SERTP,SERTP,SERC_C,Tennessee_Valley_Authority
p47077,TN,eastern,SERTP,SERTP,SERC_C,Tennessee_Valley_Authority
p47079,TN,eastern,SERTP,SERTP,SERC_C,Tennessee_Valley_Authority
p47081,TN,eastern,SERTP,SERTP,SERC_C,Tennessee_Valley_Authority
p47083,TN,eastern,SERTP,SERTP,SERC_C,Tennessee_Valley_Authority
p47085,TN,eastern,SERTP,SERTP,SERC_C,Tennessee_Valley_Authority
p47087,TN,eastern,SERTP,SERTP,SERC_C,Tennessee_Valley_Authority
p47089,TN,eastern,SERTP,SERTP,SERC_C,Tennessee_Valley_Authority
p47091,TN,eastern,SERTP,SERTP,SERC_C,Tennessee_Valley_Authority
p47093,TN,eastern,SERTP,SERTP,SERC_C,Tennessee_Valley_Authority
p47095,TN,eastern,SERTP,SERTP,SERC_C,Tennessee_Valley_Authority
p47097,TN,eastern,SERTP,SERTP,SERC_C,Tennessee_Valley_Authority
p47099,TN,eastern,SERTP,SERTP,SERC_C,Tennessee_Valley_Authority
p47101,TN,eastern,SERTP,SERTP,SERC_C,Tennessee_Valley_Authority
p47103,TN,eastern,SERTP,SERTP,SERC_C,Tennessee_Valley_Authority
p47105,TN,eastern,SERTP,SERTP,SERC_C,Tennessee_Valley_Authority
p47107,TN,eastern,SERTP,SERTP,SERC_C,Tennessee_Valley_Authority
p47109,TN,eastern,SERTP,SERTP,SERC_C,Tennessee_Valley_Authority
p47111,TN,eastern,SERTP,SERTP,SERC_C,Tennessee_Valley_Authority
p47113,TN,eastern,SERTP,SERTP,SERC_C,Tennessee_Valley_Authority
p47115,TN,eastern,SERTP,SERTP,SERC_C,Tennessee_Valley_Authority
p47117,TN,eastern,SERTP,SERTP,SERC_C,Tennessee_Valley_Authority
p47119,TN,eastern,SERTP,SERTP,SERC_C,Tennessee_Valley_Authority
p47121,TN,eastern,SERTP,SERTP,SERC_C,Tennessee_Valley_Authority
p47123,TN,eastern,SERTP,SERTP,SERC_C,Tennessee_Valley_Authority
p47125,TN,eastern,SERTP,SERTP,SERC_C,Tennessee_Valley_Authority
p47127,TN,eastern,SERTP,SERTP,SERC_C,Tennessee_Valley_Authority
p47129,TN,eastern,SERTP,SERTP,SERC_C,Tennessee_Valley_Authority
p47131,TN,eastern,SERTP,SERTP,SERC_C,Tennessee_Valley_Authority
p47133,TN,eastern,SERTP,SERTP,SERC_C,Tennessee_Valley_Authority
p47135,TN,eastern,SERTP,SERTP,SERC_C,Tennessee_Valley_Authority
p47137,TN,eastern,SERTP,SERTP,SERC_C,Tennessee_Valley_Authority
p47139,TN,eastern,SERTP,SERTP,SERC_C,Tennessee_Valley_Authority
p47141,TN,eastern,SERTP,SERTP,SERC_C,Tennessee_Valley_Authority
p47143,TN,eastern,SERTP,SERTP,SERC_C,Tennessee_Valley_Authority
p47145,TN,eastern,SERTP,SERTP,SERC_C,Tennessee_Valley_Authority
p47147,TN,eastern,SERTP,SERTP,SERC_C,Tennessee_Valley_Authority
p47149,TN,eastern,SERTP,SERTP,SERC_C,Tennessee_Valley_Authority
p47151,TN,eastern,SERTP,SERTP,SERC_C,Tennessee_Valley_Authority
p47153,TN,eastern,SERTP,SERTP,SERC_C,Tennessee_Valley_Authority
p47155,TN,eastern,SERTP,SERTP,SERC_C,Tennessee_Valley_Authority
p47157,TN,eastern,SERTP,SERTP,SERC_C,Tennessee_Valley_Authority
p47159,TN,eastern,SERTP,SERTP,SERC_C,Tennessee_Valley_Authority
p47161,TN,eastern,SERTP,SERTP,SERC_C,Tennessee_Valley_Authority
p47163,TN,eastern,SERTP,SERTP,SERC_C,Tennessee_Valley_Authority
p47165,TN,eastern,SERTP,SERTP,SERC_C,Tennessee_Valley_Authority
p47167,TN,eastern,SERTP,SERTP,SERC_C,Tennessee_Valley_Authority
p47169,TN,eastern,SERTP,SERTP,SERC_C,Tennessee_Valley_Authority
p47171,TN,eastern,SERTP,SERTP,SERC_C,Tennessee_Valley_Authority
p47173,TN,eastern,SERTP,SERTP,SERC_C,Tennessee_Valley_Authority
p47175,TN,eastern,SERTP,SERTP,SERC_C,Tennessee_Valley_Authority
p47177,TN,eastern,SERTP,SERTP,SERC_C,Tennessee_Valley_Authority
p47179,TN,eastern,SERTP,SERTP,SERC_C,Tennessee_Valley_Authority
p47181,TN,eastern,SERTP,SERTP,SERC_C,Tennessee_Valley_Authority
p47183,TN,eastern,SERTP,SERTP,SERC_C,Tennessee_Valley_Authority
p47185,TN,eastern,SERTP,SERTP,SERC_C,Tennessee_Valley_Authority
p47187,TN,eastern,SERTP,SERTP,SERC_C,Tennessee_Valley_Authority
p47189,TN,eastern,SERTP,SERTP,SERC_C,Tennessee_Valley_Authority
p51001,VA,eastern,PJM_East,PJM,PJM,PJM
p51003,VA,eastern,PJM_East,PJM,PJM,PJM
p51005,VA,eastern,PJM_East,PJM,PJM,PJM
p51007,VA,eastern,PJM_East,PJM,PJM,PJM
p51009,VA,eastern,PJM_East,PJM,PJM,PJM
p51011,VA,eastern,PJM_East,PJM,PJM,PJM
p51013,VA,eastern,PJM_East,PJM,PJM,PJM
p51015,VA,eastern,PJM_East,PJM,PJM,PJM
p51017,VA,eastern,PJM_East,PJM,PJM,PJM
p51019,VA,eastern,PJM_East,PJM,PJM,PJM
p51021,VA,eastern,PJM_East,PJM,PJM,PJM
p51023,VA,eastern,PJM_East,PJM,PJM,PJM
p51025,VA,eastern,PJM_East,PJM,PJM,PJM
p51027,VA,eastern,PJM_East,PJM,PJM,PJM
p51029,VA,eastern,PJM_East,PJM,PJM,PJM
p51031,VA,eastern,PJM_East,PJM,PJM,PJM
p51033,VA,eastern,PJM_East,PJM,PJM,PJM
p51035,VA,eastern,PJM_East,PJM,PJM,PJM
p51036,VA,eastern,PJM_East,PJM,PJM,PJM
p51037,VA,eastern,PJM_East,PJM,PJM,PJM
p51041,VA,eastern,PJM_East,PJM,PJM,PJM
p51043,VA,eastern,PJM_East,PJM,PJM,PJM
p51045,VA,eastern,PJM_East,PJM,PJM,PJM
p51047,VA,eastern,PJM_East,PJM,PJM,PJM
p51049,VA,eastern,PJM_East,PJM,PJM,PJM
p51051,VA,eastern,PJM_East,PJM,PJM,PJM
p51053,VA,eastern,PJM_East,PJM,PJM,PJM
p51057,VA,eastern,PJM_East,PJM,PJM,PJM
p51059,VA,eastern,PJM_East,PJM,PJM,PJM
p51061,VA,eastern,PJM_East,PJM,PJM,PJM
p51063,VA,eastern,PJM_East,PJM,PJM,PJM
p51065,VA,eastern,PJM_East,PJM,PJM,PJM
p51067,VA,eastern,PJM_East,PJM,PJM,PJM
p51069,VA,eastern,PJM_East,PJM,PJM,PJM
p51071,VA,eastern,PJM_East,PJM,PJM,PJM
p51073,VA,eastern,PJM_East,PJM,PJM,PJM
p51075,VA,eastern,PJM_East,PJM,PJM,PJM
p51077,VA,eastern,PJM_East,PJM,PJM,PJM
p51079,VA,eastern,PJM_East,PJM,PJM,PJM
p51081,VA,eastern,PJM_East,PJM,PJM,PJM
p51083,VA,eastern,PJM_East,PJM,PJM,PJM
p51085,VA,eastern,PJM_East,PJM,PJM,PJM
p51087,VA,eastern,PJM_East,PJM,PJM,PJM
p51089,VA,eastern,PJM_East,PJM,PJM,PJM
p51091,VA,eastern,PJM_East,PJM,PJM,PJM
p51093,VA,eastern,PJM_East,PJM,PJM,PJM
p51095,VA,eastern,PJM_East,PJM,PJM,PJM
p51097,VA,eastern,PJM_East,PJM,PJM,PJM
p51099,VA,eastern,PJM_East,PJM,PJM,PJM
p51101,VA,eastern,PJM_East,PJM,PJM,PJM
p51103,VA,eastern,PJM_East,PJM,PJM,PJM
p51105,VA,eastern,PJM_East,PJM,PJM,PJM
p51107,VA,eastern,PJM_East,PJM,PJM,PJM
p51109,VA,eastern,PJM_East,PJM,PJM,PJM
p51111,VA,eastern,PJM_East,PJM,PJM,PJM
p51113,VA,eastern,PJM_East,PJM,PJM,PJM
p51115,VA,eastern,PJM_East,PJM,PJM,PJM
p51117,VA,eastern,PJM_East,PJM,PJM,PJM
p51119,VA,eastern,PJM_East,PJM,PJM,PJM
p51121,VA,eastern,PJM_East,PJM,PJM,PJM
p51125,VA,eastern,PJM_East,PJM,PJM,PJM
p51127,VA,eastern,PJM_East,PJM,PJM,PJM
p51131,VA,eastern,PJM_East,PJM,PJM,PJM
p51133,VA,eastern,PJM_East,PJM,PJM,PJM
p51135,VA,eastern,PJM_East,PJM,PJM,PJM
p51137,VA,eastern,PJM_East,PJM,PJM,PJM
p51139,VA,eastern,PJM_East,PJM,PJM,PJM
p51141,VA,eastern,PJM_East,PJM,PJM,PJM
p51143,VA,eastern,PJM_East,PJM,PJM,PJM
p51145,VA,eastern,PJM_East,PJM,PJM,PJM
p51147,VA,eastern,PJM_East,PJM,PJM,PJM
p51149,VA,eastern,PJM_East,PJM,PJM,PJM
p51153,VA,eastern,PJM_East,PJM,PJM,PJM
p51155,VA,eastern,PJM_East,PJM,PJM,PJM
p51157,VA,eastern,PJM_East,PJM,PJM,PJM
p51159,VA,eastern,PJM_East,PJM,PJM,PJM
p51161,VA,eastern,PJM_East,PJM,PJM,PJM
p51163,VA,eastern,PJM_East,PJM,PJM,PJM
p51165,VA,eastern,PJM_East,PJM,PJM,PJM
p51167,VA,eastern,PJM_East,PJM,PJM,PJM
p51169,VA,eastern,PJM_East,PJM,PJM,PJM
p51171,VA,eastern,PJM_East,PJM,PJM,PJM
p51173,VA,eastern,PJM_East,PJM,PJM,PJM
p51175,VA,eastern,PJM_East,PJM,PJM,PJM
p51177,VA,eastern,PJM_East,PJM,PJM,PJM
p51179,VA,eastern,PJM_East,PJM,PJM,PJM
p51181,VA,eastern,PJM_East,PJM,PJM,PJM
p51183,VA,eastern,PJM_East,PJM,PJM,PJM
p51185,VA,eastern,PJM_East,PJM,PJM,PJM
p51187,VA,eastern,PJM_East,PJM,PJM,PJM
p51191,VA,eastern,PJM_East,PJM,PJM,PJM
p51193,VA,eastern,PJM_East,PJM,PJM,PJM
p51195,VA,eastern,PJM_East,PJM,PJM,PJM
p51197,VA,eastern,PJM_East,PJM,PJM,PJM
p51199,VA,eastern,PJM_East,PJM,PJM,PJM
p51510,VA,eastern,PJM_East,PJM,PJM,PJM
p51520,VA,eastern,PJM_East,PJM,PJM,PJM
p51530,VA,eastern,PJM_East,PJM,PJM,PJM
p51540,VA,eastern,PJM_East,PJM,PJM,PJM
p51550,VA,eastern,PJM_East,PJM,PJM,PJM
p51570,VA,eastern,PJM_East,PJM,PJM,PJM
p51580,VA,eastern,PJM_East,PJM,PJM,PJM
p51590,VA,eastern,PJM_East,PJM,PJM,PJM
p51595,VA,eastern,PJM_East,PJM,PJM,PJM
p51600,VA,eastern,PJM_East,PJM,PJM,PJM
p51610,VA,eastern,PJM_East,PJM,PJM,PJM
p51620,VA,eastern,PJM_East,PJM,PJM,PJM
p51630,VA,eastern,PJM_East,PJM,PJM,PJM
p51640,VA,eastern,PJM_East,PJM,PJM,PJM
p51650,VA,eastern,PJM_East,PJM,PJM,PJM
p51660,VA,eastern,PJM_East,PJM,PJM,PJM
p51670,VA,eastern,PJM_East,PJM,PJM,PJM
p51678,VA,eastern,PJM_East,PJM,PJM,PJM
p51680,VA,eastern,PJM_East,PJM,PJM,PJM
p51683,VA,eastern,PJM_East,PJM,PJM,PJM
p51685,VA,eastern,PJM_East,PJM,PJM,PJM
p51690,VA,eastern,PJM_East,PJM,PJM,PJM
p51700,VA,eastern,PJM_East,PJM,PJM,PJM
p51710,VA,eastern,PJM_East,PJM,PJM,PJM
p51720,VA,eastern,PJM_East,PJM,PJM,PJM
p51730,VA,eastern,PJM_East,PJM,PJM,PJM
p51735,VA,eastern,PJM_East,PJM,PJM,PJM
p51740,VA,eastern,PJM_East,PJM,PJM,PJM
p51750,VA,eastern,PJM_East,PJM,PJM,PJM
p51760,VA,eastern,PJM_East,PJM,PJM,PJM
p51770,VA,eastern,PJM_East,PJM,PJM,PJM
p51775,VA,eastern,PJM_East,PJM,PJM,PJM
p51790,VA,eastern,PJM_East,PJM,PJM,PJM
p51800,VA,eastern,PJM_East,PJM,PJM,PJM
p51810,VA,eastern,PJM_East,PJM,PJM,PJM
p51820,VA,eastern,PJM_East,PJM,PJM,PJM
p51830,VA,eastern,PJM_East,PJM,PJM,PJM
p51840,VA,eastern,PJM_East,PJM,PJM,PJM
p54001,WV,eastern,PJM_East,PJM,PJM,PJM
p54003,WV,eastern,PJM_East,PJM,PJM,PJM
p54005,WV,eastern,PJM_East,PJM,PJM,PJM
p54007,WV,eastern,PJM_East,PJM,PJM,PJM
p54009,WV,eastern,PJM_East,PJM,PJM,PJM
p54011,WV,eastern,PJM_East,PJM,PJM,PJM
p54013,WV,eastern,PJM_East,PJM,PJM,PJM
p54015,WV,eastern,PJM_East,PJM,PJM,PJM
p54017,WV,eastern,PJM_East,PJM,PJM,PJM
p54019,WV,eastern,PJM_East,PJM,PJM,PJM
p54021,WV,eastern,PJM_East,PJM,PJM,PJM
p54023,WV,eastern,PJM_East,PJM,PJM,PJM
p54025,WV,eastern,PJM_East,PJM,PJM,PJM
p54027,WV,eastern,PJM_East,PJM,PJM,PJM
p54029,WV,eastern,PJM_East,PJM,PJM,PJM
p54031,WV,eastern,PJM_East,PJM,PJM,PJM
p54033,WV,eastern,PJM_East,PJM,PJM,PJM
p54035,WV,eastern,PJM_East,PJM,PJM,PJM
p54037,WV,eastern,PJM_East,PJM,PJM,PJM
p54039,WV,eastern,PJM_East,PJM,PJM,PJM
p54041,WV,eastern,PJM_East,PJM,PJM,PJM
p54043,WV,eastern,PJM_East,PJM,PJM,PJM
p54045,WV,eastern,PJM_East,PJM,PJM,PJM
p54047,WV,eastern,PJM_East,PJM,PJM,PJM
p54049,WV,eastern,PJM_East,PJM,PJM,PJM
p54051,WV,eastern,PJM_East,PJM,PJM,PJM
p54053,WV,eastern,PJM_East,PJM,PJM,PJM
p54055,WV,eastern,PJM_East,PJM,PJM,PJM
p54057,WV,eastern,PJM_East,PJM,PJM,PJM
p54059,WV,eastern,PJM_East,PJM,PJM,PJM
p54061,WV,eastern,PJM_East,PJM,PJM,PJM
p54063,WV,eastern,PJM_East,PJM,PJM,PJM
p54065,WV,eastern,PJM_East,PJM,PJM,PJM
p54067,WV,eastern,PJM_East,PJM,PJM,PJM
p54069,WV,eastern,PJM_East,PJM,PJM,PJM
p54071,WV,eastern,PJM_East,PJM,PJM,PJM
p54073,WV,eastern,PJM_East,PJM,PJM,PJM
p54075,WV,eastern,PJM_East,PJM,PJM,PJM
p54077,WV,eastern,PJM_East,PJM,PJM,PJM
p54079,WV,eastern,PJM_East,PJM,PJM,PJM
p54081,WV,eastern,PJM_East,PJM,PJM,PJM
p54083,WV,eastern,PJM_East,PJM,PJM,PJM
p54085,WV,eastern,PJM_East,PJM,PJM,PJM
p54087,WV,eastern,PJM_East,PJM,PJM,PJM
p54089,WV,eastern,PJM_East,PJM,PJM,PJM
p54091,WV,eastern,PJM_East,PJM,PJM,PJM
p54093,WV,eastern,PJM_East,PJM,PJM,PJM
p54095,WV,eastern,PJM_East,PJM,PJM,PJM
p54097,WV,eastern,PJM_East,PJM,PJM,PJM
p54099,WV,eastern,PJM_East,PJM,PJM,PJM
p54101,WV,eastern,PJM_East,PJM,PJM,PJM
p54103,WV,eastern,PJM_East,PJM,PJM,PJM
p54105,WV,eastern,PJM_East,PJM,PJM,PJM
p54107,WV,eastern,PJM_East,PJM,PJM,PJM
p54109,WV,eastern,PJM_East,PJM,PJM,PJM
p55001,WI,eastern,MISO_North,MISO,MISO,MISO
p55003,WI,eastern,MISO_North,MISO,MISO,MISO
p55005,WI,eastern,MISO_North,MISO,MISO,MISO
p55007,WI,eastern,MISO_North,MISO,MISO,MISO
p55009,WI,eastern,MISO_North,MISO,MISO,MISO
p55011,WI,eastern,MISO_North,MISO,MISO,MISO
p55013,WI,eastern,MISO_North,MISO,MISO,MISO
p55015,WI,eastern,MISO_North,MISO,MISO,MISO
p55017,WI,eastern,MISO_North,MISO,MISO,MISO
p55019,WI,eastern,MISO_North,MISO,MISO,MISO
p55021,WI,eastern,MISO_North,MISO,MISO,MISO
p55023,WI,eastern,MISO_North,MISO,MISO,MISO
p55025,WI,eastern,MISO_North,MISO,MISO,MISO
p55027,WI,eastern,MISO_North,MISO,MISO,MISO
p55029,WI,eastern,MISO_North,MISO,MISO,MISO
p55031,WI,eastern,MISO_North,MISO,MISO,MISO
p55033,WI,eastern,MISO_North,MISO,MISO,MISO
p55035,WI,eastern,MISO_North,MISO,MISO,MISO
p55037,WI,eastern,MISO_North,MISO,MISO,MISO
p55039,WI,eastern,MISO_North,MISO,MISO,MISO
p55041,WI,eastern,MISO_North,MISO,MISO,MISO
p55043,WI,eastern,MISO_North,MISO,MISO,MISO
p55045,WI,eastern,MISO_North,MISO,MISO,MISO
p55047,WI,eastern,MISO_North,MISO,MISO,MISO
p55049,WI,eastern,MISO_North,MISO,MISO,MISO
p55051,WI,eastern,MISO_North,MISO,MISO,MISO
p55053,WI,eastern,MISO_North,MISO,MISO,MISO
p55055,WI,eastern,MISO_North,MISO,MISO,MISO
p55057,WI,eastern,MISO_North,MISO,MISO,MISO
p55059,WI,eastern,MISO_North,MISO,MISO,MISO
p55061,WI,eastern,MISO_North,MISO,MISO,MISO
p55063,WI,eastern,MISO_North,MISO,MISO,MISO
p55065,WI,eastern,MISO_North,MISO,MISO,MISO
p55067,WI,eastern,MISO_North,MISO,MISO,MISO
p55069,WI,eastern,MISO_North,MISO,MISO,MISO
p55071,WI,eastern,MISO_North,MISO,MISO,MISO
p55073,WI,eastern,MISO_North,MISO,MISO,MISO
p55075,WI,eastern,MISO_North,MISO,MISO,MISO
p55077,WI,eastern,MISO_North,MISO,MISO,MISO
p55078,WI,eastern,MISO_North,MISO,MISO,MISO
p55079,WI,eastern,MISO_North,MISO,MISO,MISO
p55081,WI,eastern,MISO_North,MISO,MISO,MISO
p55083,WI,eastern,MISO_North,MISO,MISO,MISO
p55085,WI,eastern,MISO_North,MISO,MISO,MISO
p55087,WI,eastern,MISO_North,MISO,MISO,MISO
p55089,WI,eastern,MISO_North,MISO,MISO,MISO
p55091,WI,eastern,MISO_North,MISO,MISO,MISO
p55093,WI,eastern,MISO_North,MISO,MISO,MISO
p55095,WI,eastern,MISO_North,MISO,MISO,MISO
p55097,WI,eastern,MISO_North,MISO,MISO,MISO
p55099,WI,eastern,MISO_North,MISO,MISO,MISO
p55101,WI,eastern,MISO_North,MISO,MISO,MISO
p55103,WI,eastern,MISO_North,MISO,MISO,MISO
p55105,WI,eastern,MISO_North,MISO,MISO,MISO
p55107,WI,eastern,MISO_North,MISO,MISO,MISO
p55109,WI,eastern,MISO_North,MISO,MISO,MISO
p55111,WI,eastern,MISO_North,MISO,MISO,MISO
p55113,WI,eastern,MISO_North,MISO,MISO,MISO
p55115,WI,eastern,MISO_North,MISO,MISO,MISO
p55117,WI,eastern,MISO_North,MISO,MISO,MISO
p55119,WI,eastern,MISO_North,MISO,MISO,MISO
p55121,WI,eastern,MISO_North,MISO,MISO,MISO
p55123,WI,eastern,MISO_North,MISO,MISO,MISO
p55125,WI,eastern,MISO_North,MISO,MISO,MISO
p55127,WI,eastern,MISO_North,MISO,MISO,MISO
p55129,WI,eastern,MISO_North,MISO,MISO,MISO
p55131,WI,eastern,MISO_North,MISO,MISO,MISO
p55133,WI,eastern,MISO_North,MISO,MISO,MISO
p55135,WI,eastern,MISO_North,MISO,MISO,MISO
p55137,WI,eastern,MISO_North,MISO,MISO,MISO
p55139,WI,eastern,MISO_North,MISO,MISO,MISO
p55141,WI,eastern,MISO_North,MISO,MISO,MISO
