i,t,depreciation_sch,eval_period,construction_sch,finance_diff_real
BATTERY,2010,5,20,1,-0.0202
BATTERY,2011,5,20,1,-0.0202
BATTERY,2012,5,20,1,-0.0202
BATTERY,2013,5,20,1,-0.0202
BATTERY,2014,5,20,1,-0.0202
BATTERY,2015,5,20,1,-0.0202
BATTERY,2016,5,20,1,-0.0202
BATTERY,2017,5,20,1,-0.0202
BATTERY,2018,5,20,1,-0.0202
BATTERY,2019,5,20,1,-0.0202
BATTERY,2020,5,20,1,-0.0202
BATTERY,2021,5,20,1,-0.0202
BATTERY,2022,5,20,1,-0.0202
BATTERY,2023,5,20,1,-0.0202
BATTERY,2024,5,20,1,-0.0202
BATTERY,2025,5,20,1,-0.0202
BATTERY,2026,5,20,1,-0.0202
BATTERY,2027,5,20,1,-0.0202
BATTERY,2028,5,20,1,-0.0202
BATTERY,2029,5,20,1,-0.0202
BATTERY,2030,5,20,1,-0.0202
BATTERY,2031,5,20,1,-0.0202
BATTERY,2032,5,20,1,-0.0202
BATTERY,2033,5,20,1,-0.0202
BATTERY,2034,5,20,1,-0.0202
BATTERY,2035,5,20,1,-0.0202
BATTERY,2036,5,20,1,-0.0202
BATTERY,2037,5,20,1,-0.0202
BATTERY,2038,5,20,1,-0.0202
BATTERY,2039,5,20,1,-0.0202
BATTERY,2040,5,20,1,-0.0202
BATTERY,2041,5,20,1,-0.0202
BATTERY,2042,5,20,1,-0.0202
BATTERY,2043,5,20,1,-0.0202
BATTERY,2044,5,20,1,-0.0202
BATTERY,2045,5,20,1,-0.0202
BATTERY,2046,5,20,1,-0.0202
BATTERY,2047,5,20,1,-0.0202
BATTERY,2048,5,20,1,-0.0202
BATTERY,2049,5,20,1,-0.0202
BATTERY,2050,5,20,1,-0.0202
biopower,2010,5,20,4,-0.0073
biopower,2011,5,20,4,-0.0073
biopower,2012,5,20,4,-0.0073
biopower,2013,5,20,4,-0.0073
biopower,2014,5,20,4,-0.0073
biopower,2015,5,20,4,-0.0073
biopower,2016,5,20,4,-0.0073
biopower,2017,5,20,4,-0.0073
biopower,2018,5,20,4,-0.0073
biopower,2019,5,20,4,-0.0073
biopower,2020,5,20,4,-0.0073
biopower,2021,5,20,4,-0.0073
biopower,2022,5,20,4,-0.0073
biopower,2023,5,20,4,-0.0073
biopower,2024,5,20,4,-0.0073
biopower,2025,5,20,4,-0.0073
biopower,2026,5,20,4,-0.0073
biopower,2027,5,20,4,-0.0073
biopower,2028,5,20,4,-0.0073
biopower,2029,5,20,4,-0.0073
biopower,2030,5,20,4,-0.0073
biopower,2031,5,20,4,-0.0073
biopower,2032,5,20,4,-0.0073
biopower,2033,5,20,4,-0.0073
biopower,2034,5,20,4,-0.0073
biopower,2035,5,20,4,-0.0073
biopower,2036,5,20,4,-0.0073
biopower,2037,5,20,4,-0.0073
biopower,2038,5,20,4,-0.0073
biopower,2039,5,20,4,-0.0073
biopower,2040,5,20,4,-0.0073
biopower,2041,5,20,4,-0.0073
biopower,2042,5,20,4,-0.0073
biopower,2043,5,20,4,-0.0073
biopower,2044,5,20,4,-0.0073
biopower,2045,5,20,4,-0.0073
biopower,2046,5,20,4,-0.0073
biopower,2047,5,20,4,-0.0073
biopower,2048,5,20,4,-0.0073
biopower,2049,5,20,4,-0.0073
biopower,2050,5,20,4,-0.0073
beccs_mod,2010,5,20,4,-0.0073
beccs_mod,2011,5,20,4,-0.0073
beccs_mod,2012,5,20,4,-0.0073
beccs_mod,2013,5,20,4,-0.0073
beccs_mod,2014,5,20,4,-0.0073
beccs_mod,2015,5,20,4,-0.0073
beccs_mod,2016,5,20,4,-0.0073
beccs_mod,2017,5,20,4,-0.0073
beccs_mod,2018,5,20,4,-0.0073
beccs_mod,2019,5,20,4,-0.0073
beccs_mod,2020,5,20,4,-0.0073
beccs_mod,2021,5,20,4,-0.0073
beccs_mod,2022,5,20,4,-0.0073
beccs_mod,2023,5,20,4,-0.0073
beccs_mod,2024,5,20,4,-0.0073
beccs_mod,2025,5,20,4,-0.0073
beccs_mod,2026,5,20,4,-0.0073
beccs_mod,2027,5,20,4,-0.0073
beccs_mod,2028,5,20,4,-0.0073
beccs_mod,2029,5,20,4,-0.0073
beccs_mod,2030,5,20,4,-0.0073
beccs_mod,2031,5,20,4,-0.0073
beccs_mod,2032,5,20,4,-0.0073
beccs_mod,2033,5,20,4,-0.0073
beccs_mod,2034,5,20,4,-0.0073
beccs_mod,2035,5,20,4,-0.0073
beccs_mod,2036,5,20,4,-0.0073
beccs_mod,2037,5,20,4,-0.0073
beccs_mod,2038,5,20,4,-0.0073
beccs_mod,2039,5,20,4,-0.0073
beccs_mod,2040,5,20,4,-0.0073
beccs_mod,2041,5,20,4,-0.0073
beccs_mod,2042,5,20,4,-0.0073
beccs_mod,2043,5,20,4,-0.0073
beccs_mod,2044,5,20,4,-0.0073
beccs_mod,2045,5,20,4,-0.0073
beccs_mod,2046,5,20,4,-0.0073
beccs_mod,2047,5,20,4,-0.0073
beccs_mod,2048,5,20,4,-0.0073
beccs_mod,2049,5,20,4,-0.0073
beccs_mod,2050,5,20,4,-0.0073
beccs_max,2010,5,20,4,-0.0073
beccs_max,2011,5,20,4,-0.0073
beccs_max,2012,5,20,4,-0.0073
beccs_max,2013,5,20,4,-0.0073
beccs_max,2014,5,20,4,-0.0073
beccs_max,2015,5,20,4,-0.0073
beccs_max,2016,5,20,4,-0.0073
beccs_max,2017,5,20,4,-0.0073
beccs_max,2018,5,20,4,-0.0073
beccs_max,2019,5,20,4,-0.0073
beccs_max,2020,5,20,4,-0.0073
beccs_max,2021,5,20,4,-0.0073
beccs_max,2022,5,20,4,-0.0073
beccs_max,2023,5,20,4,-0.0073
beccs_max,2024,5,20,4,-0.0073
beccs_max,2025,5,20,4,-0.0073
beccs_max,2026,5,20,4,-0.0073
beccs_max,2027,5,20,4,-0.0073
beccs_max,2028,5,20,4,-0.0073
beccs_max,2029,5,20,4,-0.0073
beccs_max,2030,5,20,4,-0.0073
beccs_max,2031,5,20,4,-0.0073
beccs_max,2032,5,20,4,-0.0073
beccs_max,2033,5,20,4,-0.0073
beccs_max,2034,5,20,4,-0.0073
beccs_max,2035,5,20,4,-0.0073
beccs_max,2036,5,20,4,-0.0073
beccs_max,2037,5,20,4,-0.0073
beccs_max,2038,5,20,4,-0.0073
beccs_max,2039,5,20,4,-0.0073
beccs_max,2040,5,20,4,-0.0073
beccs_max,2041,5,20,4,-0.0073
beccs_max,2042,5,20,4,-0.0073
beccs_max,2043,5,20,4,-0.0073
beccs_max,2044,5,20,4,-0.0073
beccs_max,2045,5,20,4,-0.0073
beccs_max,2046,5,20,4,-0.0073
beccs_max,2047,5,20,4,-0.0073
beccs_max,2048,5,20,4,-0.0073
beccs_max,2049,5,20,4,-0.0073
beccs_max,2050,5,20,4,-0.0073
can-imports,2010,20,20,3A,0
can-imports,2011,20,20,3A,0
can-imports,2012,20,20,3A,0
can-imports,2013,20,20,3A,0
can-imports,2014,20,20,3A,0
can-imports,2015,20,20,3A,0
can-imports,2016,20,20,3A,0
can-imports,2017,20,20,3A,0
can-imports,2018,20,20,3A,0
can-imports,2019,20,20,3A,0
can-imports,2020,20,20,3A,0
can-imports,2021,20,20,3A,0
can-imports,2022,20,20,3A,0
can-imports,2023,20,20,3A,0
can-imports,2024,20,20,3A,0
can-imports,2025,20,20,3A,0
can-imports,2026,20,20,3A,0
can-imports,2027,20,20,3A,0
can-imports,2028,20,20,3A,0
can-imports,2029,20,20,3A,0
can-imports,2030,20,20,3A,0
can-imports,2031,20,20,3A,0
can-imports,2032,20,20,3A,0
can-imports,2033,20,20,3A,0
can-imports,2034,20,20,3A,0
can-imports,2035,20,20,3A,0
can-imports,2036,20,20,3A,0
can-imports,2037,20,20,3A,0
can-imports,2038,20,20,3A,0
can-imports,2039,20,20,3A,0
can-imports,2040,20,20,3A,0
can-imports,2041,20,20,3A,0
can-imports,2042,20,20,3A,0
can-imports,2043,20,20,3A,0
can-imports,2044,20,20,3A,0
can-imports,2045,20,20,3A,0
can-imports,2046,20,20,3A,0
can-imports,2047,20,20,3A,0
can-imports,2048,20,20,3A,0
can-imports,2049,20,20,3A,0
can-imports,2050,20,20,3A,0
coal-CCS_mod,2010,20,20,6,0
coal-CCS_mod,2011,20,20,6,0
coal-CCS_mod,2012,20,20,6,0
coal-CCS_mod,2013,20,20,6,0
coal-CCS_mod,2014,20,20,6,0
coal-CCS_mod,2015,20,20,6,0
coal-CCS_mod,2016,20,20,6,0
coal-CCS_mod,2017,20,20,6,0
coal-CCS_mod,2018,20,20,6,0
coal-CCS_mod,2019,20,20,6,0
coal-CCS_mod,2020,20,20,6,0
coal-CCS_mod,2021,20,20,6,0
coal-CCS_mod,2022,20,20,6,0
coal-CCS_mod,2023,20,20,6,0
coal-CCS_mod,2024,20,20,6,0
coal-CCS_mod,2025,20,20,6,0
coal-CCS_mod,2026,20,20,6,0
coal-CCS_mod,2027,20,20,6,0
coal-CCS_mod,2028,20,20,6,0
coal-CCS_mod,2029,20,20,6,0
coal-CCS_mod,2030,20,20,6,0
coal-CCS_mod,2031,20,20,6,0
coal-CCS_mod,2032,20,20,6,0
coal-CCS_mod,2033,20,20,6,0
coal-CCS_mod,2034,20,20,6,0
coal-CCS_mod,2035,20,20,6,0
coal-CCS_mod,2036,20,20,6,0
coal-CCS_mod,2037,20,20,6,0
coal-CCS_mod,2038,20,20,6,0
coal-CCS_mod,2039,20,20,6,0
coal-CCS_mod,2040,20,20,6,0
coal-CCS_mod,2041,20,20,6,0
coal-CCS_mod,2042,20,20,6,0
coal-CCS_mod,2043,20,20,6,0
coal-CCS_mod,2044,20,20,6,0
coal-CCS_mod,2045,20,20,6,0
coal-CCS_mod,2046,20,20,6,0
coal-CCS_mod,2047,20,20,6,0
coal-CCS_mod,2048,20,20,6,0
coal-CCS_mod,2049,20,20,6,0
coal-CCS_mod,2050,20,20,6,0
coal-CCS_max,2010,20,20,6,0
coal-CCS_max,2011,20,20,6,0
coal-CCS_max,2012,20,20,6,0
coal-CCS_max,2013,20,20,6,0
coal-CCS_max,2014,20,20,6,0
coal-CCS_max,2015,20,20,6,0
coal-CCS_max,2016,20,20,6,0
coal-CCS_max,2017,20,20,6,0
coal-CCS_max,2018,20,20,6,0
coal-CCS_max,2019,20,20,6,0
coal-CCS_max,2020,20,20,6,0
coal-CCS_max,2021,20,20,6,0
coal-CCS_max,2022,20,20,6,0
coal-CCS_max,2023,20,20,6,0
coal-CCS_max,2024,20,20,6,0
coal-CCS_max,2025,20,20,6,0
coal-CCS_max,2026,20,20,6,0
coal-CCS_max,2027,20,20,6,0
coal-CCS_max,2028,20,20,6,0
coal-CCS_max,2029,20,20,6,0
coal-CCS_max,2030,20,20,6,0
coal-CCS_max,2031,20,20,6,0
coal-CCS_max,2032,20,20,6,0
coal-CCS_max,2033,20,20,6,0
coal-CCS_max,2034,20,20,6,0
coal-CCS_max,2035,20,20,6,0
coal-CCS_max,2036,20,20,6,0
coal-CCS_max,2037,20,20,6,0
coal-CCS_max,2038,20,20,6,0
coal-CCS_max,2039,20,20,6,0
coal-CCS_max,2040,20,20,6,0
coal-CCS_max,2041,20,20,6,0
coal-CCS_max,2042,20,20,6,0
coal-CCS_max,2043,20,20,6,0
coal-CCS_max,2044,20,20,6,0
coal-CCS_max,2045,20,20,6,0
coal-CCS_max,2046,20,20,6,0
coal-CCS_max,2047,20,20,6,0
coal-CCS_max,2048,20,20,6,0
coal-CCS_max,2049,20,20,6,0
coal-CCS_max,2050,20,20,6,0
coal-CCS-F1,2010,20,20,6,0
coal-CCS-F1,2011,20,20,6,0
coal-CCS-F1,2012,20,20,6,0
coal-CCS-F1,2013,20,20,6,0
coal-CCS-F1,2014,20,20,6,0
coal-CCS-F1,2015,20,20,6,0
coal-CCS-F1,2016,20,20,6,0
coal-CCS-F1,2017,20,20,6,0
coal-CCS-F1,2018,20,20,6,0
coal-CCS-F1,2019,20,20,6,0
coal-CCS-F1,2020,20,20,6,0
coal-CCS-F1,2021,20,20,6,0
coal-CCS-F1,2022,20,20,6,0
coal-CCS-F1,2023,20,20,6,0
coal-CCS-F1,2024,20,20,6,0
coal-CCS-F1,2025,20,20,6,0
coal-CCS-F1,2026,20,20,6,0
coal-CCS-F1,2027,20,20,6,0
coal-CCS-F1,2028,20,20,6,0
coal-CCS-F1,2029,20,20,6,0
coal-CCS-F1,2030,20,20,6,0
coal-CCS-F1,2031,20,20,6,0
coal-CCS-F1,2032,20,20,6,0
coal-CCS-F1,2033,20,20,6,0
coal-CCS-F1,2034,20,20,6,0
coal-CCS-F1,2035,20,20,6,0
coal-CCS-F1,2036,20,20,6,0
coal-CCS-F1,2037,20,20,6,0
coal-CCS-F1,2038,20,20,6,0
coal-CCS-F1,2039,20,20,6,0
coal-CCS-F1,2040,20,20,6,0
coal-CCS-F1,2041,20,20,6,0
coal-CCS-F1,2042,20,20,6,0
coal-CCS-F1,2043,20,20,6,0
coal-CCS-F1,2044,20,20,6,0
coal-CCS-F1,2045,20,20,6,0
coal-CCS-F1,2046,20,20,6,0
coal-CCS-F1,2047,20,20,6,0
coal-CCS-F1,2048,20,20,6,0
coal-CCS-F1,2049,20,20,6,0
coal-CCS-F1,2050,20,20,6,0
coal-CCS-F2,2010,20,20,6,0
coal-CCS-F2,2011,20,20,6,0
coal-CCS-F2,2012,20,20,6,0
coal-CCS-F2,2013,20,20,6,0
coal-CCS-F2,2014,20,20,6,0
coal-CCS-F2,2015,20,20,6,0
coal-CCS-F2,2016,20,20,6,0
coal-CCS-F2,2017,20,20,6,0
coal-CCS-F2,2018,20,20,6,0
coal-CCS-F2,2019,20,20,6,0
coal-CCS-F2,2020,20,20,6,0
coal-CCS-F2,2021,20,20,6,0
coal-CCS-F2,2022,20,20,6,0
coal-CCS-F2,2023,20,20,6,0
coal-CCS-F2,2024,20,20,6,0
coal-CCS-F2,2025,20,20,6,0
coal-CCS-F2,2026,20,20,6,0
coal-CCS-F2,2027,20,20,6,0
coal-CCS-F2,2028,20,20,6,0
coal-CCS-F2,2029,20,20,6,0
coal-CCS-F2,2030,20,20,6,0
coal-CCS-F2,2031,20,20,6,0
coal-CCS-F2,2032,20,20,6,0
coal-CCS-F2,2033,20,20,6,0
coal-CCS-F2,2034,20,20,6,0
coal-CCS-F2,2035,20,20,6,0
coal-CCS-F2,2036,20,20,6,0
coal-CCS-F2,2037,20,20,6,0
coal-CCS-F2,2038,20,20,6,0
coal-CCS-F2,2039,20,20,6,0
coal-CCS-F2,2040,20,20,6,0
coal-CCS-F2,2041,20,20,6,0
coal-CCS-F2,2042,20,20,6,0
coal-CCS-F2,2043,20,20,6,0
coal-CCS-F2,2044,20,20,6,0
coal-CCS-F2,2045,20,20,6,0
coal-CCS-F2,2046,20,20,6,0
coal-CCS-F2,2047,20,20,6,0
coal-CCS-F2,2048,20,20,6,0
coal-CCS-F2,2049,20,20,6,0
coal-CCS-F2,2050,20,20,6,0
coal-CCS-F3,2010,20,20,6,0
coal-CCS-F3,2011,20,20,6,0
coal-CCS-F3,2012,20,20,6,0
coal-CCS-F3,2013,20,20,6,0
coal-CCS-F3,2014,20,20,6,0
coal-CCS-F3,2015,20,20,6,0
coal-CCS-F3,2016,20,20,6,0
coal-CCS-F3,2017,20,20,6,0
coal-CCS-F3,2018,20,20,6,0
coal-CCS-F3,2019,20,20,6,0
coal-CCS-F3,2020,20,20,6,0
coal-CCS-F3,2021,20,20,6,0
coal-CCS-F3,2022,20,20,6,0
coal-CCS-F3,2023,20,20,6,0
coal-CCS-F3,2024,20,20,6,0
coal-CCS-F3,2025,20,20,6,0
coal-CCS-F3,2026,20,20,6,0
coal-CCS-F3,2027,20,20,6,0
coal-CCS-F3,2028,20,20,6,0
coal-CCS-F3,2029,20,20,6,0
coal-CCS-F3,2030,20,20,6,0
coal-CCS-F3,2031,20,20,6,0
coal-CCS-F3,2032,20,20,6,0
coal-CCS-F3,2033,20,20,6,0
coal-CCS-F3,2034,20,20,6,0
coal-CCS-F3,2035,20,20,6,0
coal-CCS-F3,2036,20,20,6,0
coal-CCS-F3,2037,20,20,6,0
coal-CCS-F3,2038,20,20,6,0
coal-CCS-F3,2039,20,20,6,0
coal-CCS-F3,2040,20,20,6,0
coal-CCS-F3,2041,20,20,6,0
coal-CCS-F3,2042,20,20,6,0
coal-CCS-F3,2043,20,20,6,0
coal-CCS-F3,2044,20,20,6,0
coal-CCS-F3,2045,20,20,6,0
coal-CCS-F3,2046,20,20,6,0
coal-CCS-F3,2047,20,20,6,0
coal-CCS-F3,2048,20,20,6,0
coal-CCS-F3,2049,20,20,6,0
coal-CCS-F3,2050,20,20,6,0
Coal-IGCC,2010,20,20,6,0
Coal-IGCC,2011,20,20,6,0
Coal-IGCC,2012,20,20,6,0
Coal-IGCC,2013,20,20,6,0
Coal-IGCC,2014,20,20,6,0
Coal-IGCC,2015,20,20,6,0
Coal-IGCC,2016,20,20,6,0
Coal-IGCC,2017,20,20,6,0
Coal-IGCC,2018,20,20,6,0
Coal-IGCC,2019,20,20,6,0
Coal-IGCC,2020,20,20,6,0
Coal-IGCC,2021,20,20,6,0
Coal-IGCC,2022,20,20,6,0
Coal-IGCC,2023,20,20,6,0
Coal-IGCC,2024,20,20,6,0
Coal-IGCC,2025,20,20,6,0
Coal-IGCC,2026,20,20,6,0
Coal-IGCC,2027,20,20,6,0
Coal-IGCC,2028,20,20,6,0
Coal-IGCC,2029,20,20,6,0
Coal-IGCC,2030,20,20,6,0
Coal-IGCC,2031,20,20,6,0
Coal-IGCC,2032,20,20,6,0
Coal-IGCC,2033,20,20,6,0
Coal-IGCC,2034,20,20,6,0
Coal-IGCC,2035,20,20,6,0
Coal-IGCC,2036,20,20,6,0
Coal-IGCC,2037,20,20,6,0
Coal-IGCC,2038,20,20,6,0
Coal-IGCC,2039,20,20,6,0
Coal-IGCC,2040,20,20,6,0
Coal-IGCC,2041,20,20,6,0
Coal-IGCC,2042,20,20,6,0
Coal-IGCC,2043,20,20,6,0
Coal-IGCC,2044,20,20,6,0
Coal-IGCC,2045,20,20,6,0
Coal-IGCC,2046,20,20,6,0
Coal-IGCC,2047,20,20,6,0
Coal-IGCC,2048,20,20,6,0
Coal-IGCC,2049,20,20,6,0
Coal-IGCC,2050,20,20,6,0
coal-new,2010,20,20,6,0
coal-new,2011,20,20,6,0
coal-new,2012,20,20,6,0
coal-new,2013,20,20,6,0
coal-new,2014,20,20,6,0
coal-new,2015,20,20,6,0
coal-new,2016,20,20,6,0
coal-new,2017,20,20,6,0
coal-new,2018,20,20,6,0
coal-new,2019,20,20,6,0
coal-new,2020,20,20,6,0
coal-new,2021,20,20,6,0
coal-new,2022,20,20,6,0
coal-new,2023,20,20,6,0
coal-new,2024,20,20,6,0
coal-new,2025,20,20,6,0
coal-new,2026,20,20,6,0
coal-new,2027,20,20,6,0
coal-new,2028,20,20,6,0
coal-new,2029,20,20,6,0
coal-new,2030,20,20,6,0
coal-new,2031,20,20,6,0
coal-new,2032,20,20,6,0
coal-new,2033,20,20,6,0
coal-new,2034,20,20,6,0
coal-new,2035,20,20,6,0
coal-new,2036,20,20,6,0
coal-new,2037,20,20,6,0
coal-new,2038,20,20,6,0
coal-new,2039,20,20,6,0
coal-new,2040,20,20,6,0
coal-new,2041,20,20,6,0
coal-new,2042,20,20,6,0
coal-new,2043,20,20,6,0
coal-new,2044,20,20,6,0
coal-new,2045,20,20,6,0
coal-new,2046,20,20,6,0
coal-new,2047,20,20,6,0
coal-new,2048,20,20,6,0
coal-new,2049,20,20,6,0
coal-new,2050,20,20,6,0
CoalOldScr,2010,20,20,6,0
CoalOldScr,2011,20,20,6,0
CoalOldScr,2012,20,20,6,0
CoalOldScr,2013,20,20,6,0
CoalOldScr,2014,20,20,6,0
CoalOldScr,2015,20,20,6,0
CoalOldScr,2016,20,20,6,0
CoalOldScr,2017,20,20,6,0
CoalOldScr,2018,20,20,6,0
CoalOldScr,2019,20,20,6,0
CoalOldScr,2020,20,20,6,0
CoalOldScr,2021,20,20,6,0
CoalOldScr,2022,20,20,6,0
CoalOldScr,2023,20,20,6,0
CoalOldScr,2024,20,20,6,0
CoalOldScr,2025,20,20,6,0
CoalOldScr,2026,20,20,6,0
CoalOldScr,2027,20,20,6,0
CoalOldScr,2028,20,20,6,0
CoalOldScr,2029,20,20,6,0
CoalOldScr,2030,20,20,6,0
CoalOldScr,2031,20,20,6,0
CoalOldScr,2032,20,20,6,0
CoalOldScr,2033,20,20,6,0
CoalOldScr,2034,20,20,6,0
CoalOldScr,2035,20,20,6,0
CoalOldScr,2036,20,20,6,0
CoalOldScr,2037,20,20,6,0
CoalOldScr,2038,20,20,6,0
CoalOldScr,2039,20,20,6,0
CoalOldScr,2040,20,20,6,0
CoalOldScr,2041,20,20,6,0
CoalOldScr,2042,20,20,6,0
CoalOldScr,2043,20,20,6,0
CoalOldScr,2044,20,20,6,0
CoalOldScr,2045,20,20,6,0
CoalOldScr,2046,20,20,6,0
CoalOldScr,2047,20,20,6,0
CoalOldScr,2048,20,20,6,0
CoalOldScr,2049,20,20,6,0
CoalOldScr,2050,20,20,6,0
CoalOldUns,2010,20,20,6,0
CoalOldUns,2011,20,20,6,0
CoalOldUns,2012,20,20,6,0
CoalOldUns,2013,20,20,6,0
CoalOldUns,2014,20,20,6,0
CoalOldUns,2015,20,20,6,0
CoalOldUns,2016,20,20,6,0
CoalOldUns,2017,20,20,6,0
CoalOldUns,2018,20,20,6,0
CoalOldUns,2019,20,20,6,0
CoalOldUns,2020,20,20,6,0
CoalOldUns,2021,20,20,6,0
CoalOldUns,2022,20,20,6,0
CoalOldUns,2023,20,20,6,0
CoalOldUns,2024,20,20,6,0
CoalOldUns,2025,20,20,6,0
CoalOldUns,2026,20,20,6,0
CoalOldUns,2027,20,20,6,0
CoalOldUns,2028,20,20,6,0
CoalOldUns,2029,20,20,6,0
CoalOldUns,2030,20,20,6,0
CoalOldUns,2031,20,20,6,0
CoalOldUns,2032,20,20,6,0
CoalOldUns,2033,20,20,6,0
CoalOldUns,2034,20,20,6,0
CoalOldUns,2035,20,20,6,0
CoalOldUns,2036,20,20,6,0
CoalOldUns,2037,20,20,6,0
CoalOldUns,2038,20,20,6,0
CoalOldUns,2039,20,20,6,0
CoalOldUns,2040,20,20,6,0
CoalOldUns,2041,20,20,6,0
CoalOldUns,2042,20,20,6,0
CoalOldUns,2043,20,20,6,0
CoalOldUns,2044,20,20,6,0
CoalOldUns,2045,20,20,6,0
CoalOldUns,2046,20,20,6,0
CoalOldUns,2047,20,20,6,0
CoalOldUns,2048,20,20,6,0
CoalOldUns,2049,20,20,6,0
CoalOldUns,2050,20,20,6,0
CofireNew,2010,20,20,6,0
CofireNew,2011,20,20,6,0
CofireNew,2012,20,20,6,0
CofireNew,2013,20,20,6,0
CofireNew,2014,20,20,6,0
CofireNew,2015,20,20,6,0
CofireNew,2016,20,20,6,0
CofireNew,2017,20,20,6,0
CofireNew,2018,20,20,6,0
CofireNew,2019,20,20,6,0
CofireNew,2020,20,20,6,0
CofireNew,2021,20,20,6,0
CofireNew,2022,20,20,6,0
CofireNew,2023,20,20,6,0
CofireNew,2024,20,20,6,0
CofireNew,2025,20,20,6,0
CofireNew,2026,20,20,6,0
CofireNew,2027,20,20,6,0
CofireNew,2028,20,20,6,0
CofireNew,2029,20,20,6,0
CofireNew,2030,20,20,6,0
CofireNew,2031,20,20,6,0
CofireNew,2032,20,20,6,0
CofireNew,2033,20,20,6,0
CofireNew,2034,20,20,6,0
CofireNew,2035,20,20,6,0
CofireNew,2036,20,20,6,0
CofireNew,2037,20,20,6,0
CofireNew,2038,20,20,6,0
CofireNew,2039,20,20,6,0
CofireNew,2040,20,20,6,0
CofireNew,2041,20,20,6,0
CofireNew,2042,20,20,6,0
CofireNew,2043,20,20,6,0
CofireNew,2044,20,20,6,0
CofireNew,2045,20,20,6,0
CofireNew,2046,20,20,6,0
CofireNew,2047,20,20,6,0
CofireNew,2048,20,20,6,0
CofireNew,2049,20,20,6,0
CofireNew,2050,20,20,6,0
CofireOld,2010,20,20,6,0
CofireOld,2011,20,20,6,0
CofireOld,2012,20,20,6,0
CofireOld,2013,20,20,6,0
CofireOld,2014,20,20,6,0
CofireOld,2015,20,20,6,0
CofireOld,2016,20,20,6,0
CofireOld,2017,20,20,6,0
CofireOld,2018,20,20,6,0
CofireOld,2019,20,20,6,0
CofireOld,2020,20,20,6,0
CofireOld,2021,20,20,6,0
CofireOld,2022,20,20,6,0
CofireOld,2023,20,20,6,0
CofireOld,2024,20,20,6,0
CofireOld,2025,20,20,6,0
CofireOld,2026,20,20,6,0
CofireOld,2027,20,20,6,0
CofireOld,2028,20,20,6,0
CofireOld,2029,20,20,6,0
CofireOld,2030,20,20,6,0
CofireOld,2031,20,20,6,0
CofireOld,2032,20,20,6,0
CofireOld,2033,20,20,6,0
CofireOld,2034,20,20,6,0
CofireOld,2035,20,20,6,0
CofireOld,2036,20,20,6,0
CofireOld,2037,20,20,6,0
CofireOld,2038,20,20,6,0
CofireOld,2039,20,20,6,0
CofireOld,2040,20,20,6,0
CofireOld,2041,20,20,6,0
CofireOld,2042,20,20,6,0
CofireOld,2043,20,20,6,0
CofireOld,2044,20,20,6,0
CofireOld,2045,20,20,6,0
CofireOld,2046,20,20,6,0
CofireOld,2047,20,20,6,0
CofireOld,2048,20,20,6,0
CofireOld,2049,20,20,6,0
CofireOld,2050,20,20,6,0
CSP,2010,5,20,1,-0.0129
CSP,2011,5,20,1,-0.0129
CSP,2012,5,20,1,-0.0129
CSP,2013,5,20,1,-0.0129
CSP,2014,5,20,1,-0.0129
CSP,2015,5,20,1,-0.0129
CSP,2016,5,20,1,-0.0129
CSP,2017,5,20,1,-0.0129
CSP,2018,5,20,1,-0.0129
CSP,2019,5,20,1,-0.0129
CSP,2020,5,20,1,-0.0129
CSP,2021,5,20,1,-0.0129
CSP,2022,5,20,1,-0.0129
CSP,2023,5,20,1,-0.0129
CSP,2024,5,20,1,-0.0129
CSP,2025,5,20,1,-0.0129
CSP,2026,5,20,1,-0.0129
CSP,2027,5,20,1,-0.0129
CSP,2028,5,20,1,-0.0129
CSP,2029,5,20,1,-0.0129
CSP,2030,5,20,1,-0.0129
CSP,2031,5,20,1,-0.0129
CSP,2032,5,20,1,-0.0129
CSP,2033,5,20,1,-0.0129
CSP,2034,5,20,1,-0.0129
CSP,2035,5,20,1,-0.0129
CSP,2036,5,20,1,-0.0129
CSP,2037,5,20,1,-0.0129
CSP,2038,5,20,1,-0.0129
CSP,2039,5,20,1,-0.0129
CSP,2040,5,20,1,-0.0129
CSP,2041,5,20,1,-0.0129
CSP,2042,5,20,1,-0.0129
CSP,2043,5,20,1,-0.0129
CSP,2044,5,20,1,-0.0129
CSP,2045,5,20,1,-0.0129
CSP,2046,5,20,1,-0.0129
CSP,2047,5,20,1,-0.0129
CSP,2048,5,20,1,-0.0129
CSP,2049,5,20,1,-0.0129
CSP,2050,5,20,1,-0.0129
EVMC_STORAGE,2010,7,15,1,0
EVMC_STORAGE,2011,7,15,1,0
EVMC_STORAGE,2012,7,15,1,0
EVMC_STORAGE,2013,7,15,1,0
EVMC_STORAGE,2014,7,15,1,0
EVMC_STORAGE,2015,7,15,1,0
EVMC_STORAGE,2016,7,15,1,0
EVMC_STORAGE,2017,7,15,1,0
EVMC_STORAGE,2018,7,15,1,0
EVMC_STORAGE,2019,7,15,1,0
EVMC_STORAGE,2020,7,15,1,0
EVMC_STORAGE,2021,7,15,1,0
EVMC_STORAGE,2022,7,15,1,0
EVMC_STORAGE,2023,7,15,1,0
EVMC_STORAGE,2024,7,15,1,0
EVMC_STORAGE,2025,7,15,1,0
EVMC_STORAGE,2026,7,15,1,0
EVMC_STORAGE,2027,7,15,1,0
EVMC_STORAGE,2028,7,15,1,0
EVMC_STORAGE,2029,7,15,1,0
EVMC_STORAGE,2030,7,15,1,0
EVMC_STORAGE,2031,7,15,1,0
EVMC_STORAGE,2032,7,15,1,0
EVMC_STORAGE,2033,7,15,1,0
EVMC_STORAGE,2034,7,15,1,0
EVMC_STORAGE,2035,7,15,1,0
EVMC_STORAGE,2036,7,15,1,0
EVMC_STORAGE,2037,7,15,1,0
EVMC_STORAGE,2038,7,15,1,0
EVMC_STORAGE,2039,7,15,1,0
EVMC_STORAGE,2040,7,15,1,0
EVMC_STORAGE,2041,7,15,1,0
EVMC_STORAGE,2042,7,15,1,0
EVMC_STORAGE,2043,7,15,1,0
EVMC_STORAGE,2044,7,15,1,0
EVMC_STORAGE,2045,7,15,1,0
EVMC_STORAGE,2046,7,15,1,0
EVMC_STORAGE,2047,7,15,1,0
EVMC_STORAGE,2048,7,15,1,0
EVMC_STORAGE,2049,7,15,1,0
EVMC_STORAGE,2050,7,15,1,0
EVMC_SHAPE,2010,7,15,1,0
EVMC_SHAPE,2011,7,15,1,0
EVMC_SHAPE,2012,7,15,1,0
EVMC_SHAPE,2013,7,15,1,0
EVMC_SHAPE,2014,7,15,1,0
EVMC_SHAPE,2015,7,15,1,0
EVMC_SHAPE,2016,7,15,1,0
EVMC_SHAPE,2017,7,15,1,0
EVMC_SHAPE,2018,7,15,1,0
EVMC_SHAPE,2019,7,15,1,0
EVMC_SHAPE,2020,7,15,1,0
EVMC_SHAPE,2021,7,15,1,0
EVMC_SHAPE,2022,7,15,1,0
EVMC_SHAPE,2023,7,15,1,0
EVMC_SHAPE,2024,7,15,1,0
EVMC_SHAPE,2025,7,15,1,0
EVMC_SHAPE,2026,7,15,1,0
EVMC_SHAPE,2027,7,15,1,0
EVMC_SHAPE,2028,7,15,1,0
EVMC_SHAPE,2029,7,15,1,0
EVMC_SHAPE,2030,7,15,1,0
EVMC_SHAPE,2031,7,15,1,0
EVMC_SHAPE,2032,7,15,1,0
EVMC_SHAPE,2033,7,15,1,0
EVMC_SHAPE,2034,7,15,1,0
EVMC_SHAPE,2035,7,15,1,0
EVMC_SHAPE,2036,7,15,1,0
EVMC_SHAPE,2037,7,15,1,0
EVMC_SHAPE,2038,7,15,1,0
EVMC_SHAPE,2039,7,15,1,0
EVMC_SHAPE,2040,7,15,1,0
EVMC_SHAPE,2041,7,15,1,0
EVMC_SHAPE,2042,7,15,1,0
EVMC_SHAPE,2043,7,15,1,0
EVMC_SHAPE,2044,7,15,1,0
EVMC_SHAPE,2045,7,15,1,0
EVMC_SHAPE,2046,7,15,1,0
EVMC_SHAPE,2047,7,15,1,0
EVMC_SHAPE,2048,7,15,1,0
EVMC_SHAPE,2049,7,15,1,0
EVMC_SHAPE,2050,7,15,1,0
Gas-CC,2010,20,20,3B,0
Gas-CC,2011,20,20,3B,0
Gas-CC,2012,20,20,3B,0
Gas-CC,2013,20,20,3B,0
Gas-CC,2014,20,20,3B,0
Gas-CC,2015,20,20,3B,0
Gas-CC,2016,20,20,3B,0
Gas-CC,2017,20,20,3B,0
Gas-CC,2018,20,20,3B,0
Gas-CC,2019,20,20,3B,0
Gas-CC,2020,20,20,3B,0
Gas-CC,2021,20,20,3B,0
Gas-CC,2022,20,20,3B,0
Gas-CC,2023,20,20,3B,0
Gas-CC,2024,20,20,3B,0
Gas-CC,2025,20,20,3B,0
Gas-CC,2026,20,20,3B,0
Gas-CC,2027,20,20,3B,0
Gas-CC,2028,20,20,3B,0
Gas-CC,2029,20,20,3B,0
Gas-CC,2030,20,20,3B,0
Gas-CC,2031,20,20,3B,0
Gas-CC,2032,20,20,3B,0
Gas-CC,2033,20,20,3B,0
Gas-CC,2034,20,20,3B,0
Gas-CC,2035,20,20,3B,0
Gas-CC,2036,20,20,3B,0
Gas-CC,2037,20,20,3B,0
Gas-CC,2038,20,20,3B,0
Gas-CC,2039,20,20,3B,0
Gas-CC,2040,20,20,3B,0
Gas-CC,2041,20,20,3B,0
Gas-CC,2042,20,20,3B,0
Gas-CC,2043,20,20,3B,0
Gas-CC,2044,20,20,3B,0
Gas-CC,2045,20,20,3B,0
Gas-CC,2046,20,20,3B,0
Gas-CC,2047,20,20,3B,0
Gas-CC,2048,20,20,3B,0
Gas-CC,2049,20,20,3B,0
Gas-CC,2050,20,20,3B,0
Gas-CC_H_1x1,2010,20,20,3B,0
Gas-CC_H_1x1,2011,20,20,3B,0
Gas-CC_H_1x1,2012,20,20,3B,0
Gas-CC_H_1x1,2013,20,20,3B,0
Gas-CC_H_1x1,2014,20,20,3B,0
Gas-CC_H_1x1,2015,20,20,3B,0
Gas-CC_H_1x1,2016,20,20,3B,0
Gas-CC_H_1x1,2017,20,20,3B,0
Gas-CC_H_1x1,2018,20,20,3B,0
Gas-CC_H_1x1,2019,20,20,3B,0
Gas-CC_H_1x1,2020,20,20,3B,0
Gas-CC_H_1x1,2021,20,20,3B,0
Gas-CC_H_1x1,2022,20,20,3B,0
Gas-CC_H_1x1,2023,20,20,3B,0
Gas-CC_H_1x1,2024,20,20,3B,0
Gas-CC_H_1x1,2025,20,20,3B,0
Gas-CC_H_1x1,2026,20,20,3B,0
Gas-CC_H_1x1,2027,20,20,3B,0
Gas-CC_H_1x1,2028,20,20,3B,0
Gas-CC_H_1x1,2029,20,20,3B,0
Gas-CC_H_1x1,2030,20,20,3B,0
Gas-CC_H_1x1,2031,20,20,3B,0
Gas-CC_H_1x1,2032,20,20,3B,0
Gas-CC_H_1x1,2033,20,20,3B,0
Gas-CC_H_1x1,2034,20,20,3B,0
Gas-CC_H_1x1,2035,20,20,3B,0
Gas-CC_H_1x1,2036,20,20,3B,0
Gas-CC_H_1x1,2037,20,20,3B,0
Gas-CC_H_1x1,2038,20,20,3B,0
Gas-CC_H_1x1,2039,20,20,3B,0
Gas-CC_H_1x1,2040,20,20,3B,0
Gas-CC_H_1x1,2041,20,20,3B,0
Gas-CC_H_1x1,2042,20,20,3B,0
Gas-CC_H_1x1,2043,20,20,3B,0
Gas-CC_H_1x1,2044,20,20,3B,0
Gas-CC_H_1x1,2045,20,20,3B,0
Gas-CC_H_1x1,2046,20,20,3B,0
Gas-CC_H_1x1,2047,20,20,3B,0
Gas-CC_H_1x1,2048,20,20,3B,0
Gas-CC_H_1x1,2049,20,20,3B,0
Gas-CC_H_1x1,2050,20,20,3B,0
Gas-CC_H_2x1,2010,20,20,3B,0
Gas-CC_H_2x1,2011,20,20,3B,0
Gas-CC_H_2x1,2012,20,20,3B,0
Gas-CC_H_2x1,2013,20,20,3B,0
Gas-CC_H_2x1,2014,20,20,3B,0
Gas-CC_H_2x1,2015,20,20,3B,0
Gas-CC_H_2x1,2016,20,20,3B,0
Gas-CC_H_2x1,2017,20,20,3B,0
Gas-CC_H_2x1,2018,20,20,3B,0
Gas-CC_H_2x1,2019,20,20,3B,0
Gas-CC_H_2x1,2020,20,20,3B,0
Gas-CC_H_2x1,2021,20,20,3B,0
Gas-CC_H_2x1,2022,20,20,3B,0
Gas-CC_H_2x1,2023,20,20,3B,0
Gas-CC_H_2x1,2024,20,20,3B,0
Gas-CC_H_2x1,2025,20,20,3B,0
Gas-CC_H_2x1,2026,20,20,3B,0
Gas-CC_H_2x1,2027,20,20,3B,0
Gas-CC_H_2x1,2028,20,20,3B,0
Gas-CC_H_2x1,2029,20,20,3B,0
Gas-CC_H_2x1,2030,20,20,3B,0
Gas-CC_H_2x1,2031,20,20,3B,0
Gas-CC_H_2x1,2032,20,20,3B,0
Gas-CC_H_2x1,2033,20,20,3B,0
Gas-CC_H_2x1,2034,20,20,3B,0
Gas-CC_H_2x1,2035,20,20,3B,0
Gas-CC_H_2x1,2036,20,20,3B,0
Gas-CC_H_2x1,2037,20,20,3B,0
Gas-CC_H_2x1,2038,20,20,3B,0
Gas-CC_H_2x1,2039,20,20,3B,0
Gas-CC_H_2x1,2040,20,20,3B,0
Gas-CC_H_2x1,2041,20,20,3B,0
Gas-CC_H_2x1,2042,20,20,3B,0
Gas-CC_H_2x1,2043,20,20,3B,0
Gas-CC_H_2x1,2044,20,20,3B,0
Gas-CC_H_2x1,2045,20,20,3B,0
Gas-CC_H_2x1,2046,20,20,3B,0
Gas-CC_H_2x1,2047,20,20,3B,0
Gas-CC_H_2x1,2048,20,20,3B,0
Gas-CC_H_2x1,2049,20,20,3B,0
Gas-CC_H_2x1,2050,20,20,3B,0
Gas-CC-CCS_mod,2010,20,20,3B,0
Gas-CC-CCS_mod,2011,20,20,3B,0
Gas-CC-CCS_mod,2012,20,20,3B,0
Gas-CC-CCS_mod,2013,20,20,3B,0
Gas-CC-CCS_mod,2014,20,20,3B,0
Gas-CC-CCS_mod,2015,20,20,3B,0
Gas-CC-CCS_mod,2016,20,20,3B,0
Gas-CC-CCS_mod,2017,20,20,3B,0
Gas-CC-CCS_mod,2018,20,20,3B,0
Gas-CC-CCS_mod,2019,20,20,3B,0
Gas-CC-CCS_mod,2020,20,20,3B,0
Gas-CC-CCS_mod,2021,20,20,3B,0
Gas-CC-CCS_mod,2022,20,20,3B,0
Gas-CC-CCS_mod,2023,20,20,3B,0
Gas-CC-CCS_mod,2024,20,20,3B,0
Gas-CC-CCS_mod,2025,20,20,3B,0
Gas-CC-CCS_mod,2026,20,20,3B,0
Gas-CC-CCS_mod,2027,20,20,3B,0
Gas-CC-CCS_mod,2028,20,20,3B,0
Gas-CC-CCS_mod,2029,20,20,3B,0
Gas-CC-CCS_mod,2030,20,20,3B,0
Gas-CC-CCS_mod,2031,20,20,3B,0
Gas-CC-CCS_mod,2032,20,20,3B,0
Gas-CC-CCS_mod,2033,20,20,3B,0
Gas-CC-CCS_mod,2034,20,20,3B,0
Gas-CC-CCS_mod,2035,20,20,3B,0
Gas-CC-CCS_mod,2036,20,20,3B,0
Gas-CC-CCS_mod,2037,20,20,3B,0
Gas-CC-CCS_mod,2038,20,20,3B,0
Gas-CC-CCS_mod,2039,20,20,3B,0
Gas-CC-CCS_mod,2040,20,20,3B,0
Gas-CC-CCS_mod,2041,20,20,3B,0
Gas-CC-CCS_mod,2042,20,20,3B,0
Gas-CC-CCS_mod,2043,20,20,3B,0
Gas-CC-CCS_mod,2044,20,20,3B,0
Gas-CC-CCS_mod,2045,20,20,3B,0
Gas-CC-CCS_mod,2046,20,20,3B,0
Gas-CC-CCS_mod,2047,20,20,3B,0
Gas-CC-CCS_mod,2048,20,20,3B,0
Gas-CC-CCS_mod,2049,20,20,3B,0
Gas-CC-CCS_mod,2050,20,20,3B,0
Gas-CC_H_1x1-CCS_mod,2010,20,20,3B,0
Gas-CC_H_1x1-CCS_mod,2011,20,20,3B,0
Gas-CC_H_1x1-CCS_mod,2012,20,20,3B,0
Gas-CC_H_1x1-CCS_mod,2013,20,20,3B,0
Gas-CC_H_1x1-CCS_mod,2014,20,20,3B,0
Gas-CC_H_1x1-CCS_mod,2015,20,20,3B,0
Gas-CC_H_1x1-CCS_mod,2016,20,20,3B,0
Gas-CC_H_1x1-CCS_mod,2017,20,20,3B,0
Gas-CC_H_1x1-CCS_mod,2018,20,20,3B,0
Gas-CC_H_1x1-CCS_mod,2019,20,20,3B,0
Gas-CC_H_1x1-CCS_mod,2020,20,20,3B,0
Gas-CC_H_1x1-CCS_mod,2021,20,20,3B,0
Gas-CC_H_1x1-CCS_mod,2022,20,20,3B,0
Gas-CC_H_1x1-CCS_mod,2023,20,20,3B,0
Gas-CC_H_1x1-CCS_mod,2024,20,20,3B,0
Gas-CC_H_1x1-CCS_mod,2025,20,20,3B,0
Gas-CC_H_1x1-CCS_mod,2026,20,20,3B,0
Gas-CC_H_1x1-CCS_mod,2027,20,20,3B,0
Gas-CC_H_1x1-CCS_mod,2028,20,20,3B,0
Gas-CC_H_1x1-CCS_mod,2029,20,20,3B,0
Gas-CC_H_1x1-CCS_mod,2030,20,20,3B,0
Gas-CC_H_1x1-CCS_mod,2031,20,20,3B,0
Gas-CC_H_1x1-CCS_mod,2032,20,20,3B,0
Gas-CC_H_1x1-CCS_mod,2033,20,20,3B,0
Gas-CC_H_1x1-CCS_mod,2034,20,20,3B,0
Gas-CC_H_1x1-CCS_mod,2035,20,20,3B,0
Gas-CC_H_1x1-CCS_mod,2036,20,20,3B,0
Gas-CC_H_1x1-CCS_mod,2037,20,20,3B,0
Gas-CC_H_1x1-CCS_mod,2038,20,20,3B,0
Gas-CC_H_1x1-CCS_mod,2039,20,20,3B,0
Gas-CC_H_1x1-CCS_mod,2040,20,20,3B,0
Gas-CC_H_1x1-CCS_mod,2041,20,20,3B,0
Gas-CC_H_1x1-CCS_mod,2042,20,20,3B,0
Gas-CC_H_1x1-CCS_mod,2043,20,20,3B,0
Gas-CC_H_1x1-CCS_mod,2044,20,20,3B,0
Gas-CC_H_1x1-CCS_mod,2045,20,20,3B,0
Gas-CC_H_1x1-CCS_mod,2046,20,20,3B,0
Gas-CC_H_1x1-CCS_mod,2047,20,20,3B,0
Gas-CC_H_1x1-CCS_mod,2048,20,20,3B,0
Gas-CC_H_1x1-CCS_mod,2049,20,20,3B,0
Gas-CC_H_1x1-CCS_mod,2050,20,20,3B,0
Gas-CC_H_2x1-CCS_mod,2010,20,20,3B,0
Gas-CC_H_2x1-CCS_mod,2011,20,20,3B,0
Gas-CC_H_2x1-CCS_mod,2012,20,20,3B,0
Gas-CC_H_2x1-CCS_mod,2013,20,20,3B,0
Gas-CC_H_2x1-CCS_mod,2014,20,20,3B,0
Gas-CC_H_2x1-CCS_mod,2015,20,20,3B,0
Gas-CC_H_2x1-CCS_mod,2016,20,20,3B,0
Gas-CC_H_2x1-CCS_mod,2017,20,20,3B,0
Gas-CC_H_2x1-CCS_mod,2018,20,20,3B,0
Gas-CC_H_2x1-CCS_mod,2019,20,20,3B,0
Gas-CC_H_2x1-CCS_mod,2020,20,20,3B,0
Gas-CC_H_2x1-CCS_mod,2021,20,20,3B,0
Gas-CC_H_2x1-CCS_mod,2022,20,20,3B,0
Gas-CC_H_2x1-CCS_mod,2023,20,20,3B,0
Gas-CC_H_2x1-CCS_mod,2024,20,20,3B,0
Gas-CC_H_2x1-CCS_mod,2025,20,20,3B,0
Gas-CC_H_2x1-CCS_mod,2026,20,20,3B,0
Gas-CC_H_2x1-CCS_mod,2027,20,20,3B,0
Gas-CC_H_2x1-CCS_mod,2028,20,20,3B,0
Gas-CC_H_2x1-CCS_mod,2029,20,20,3B,0
Gas-CC_H_2x1-CCS_mod,2030,20,20,3B,0
Gas-CC_H_2x1-CCS_mod,2031,20,20,3B,0
Gas-CC_H_2x1-CCS_mod,2032,20,20,3B,0
Gas-CC_H_2x1-CCS_mod,2033,20,20,3B,0
Gas-CC_H_2x1-CCS_mod,2034,20,20,3B,0
Gas-CC_H_2x1-CCS_mod,2035,20,20,3B,0
Gas-CC_H_2x1-CCS_mod,2036,20,20,3B,0
Gas-CC_H_2x1-CCS_mod,2037,20,20,3B,0
Gas-CC_H_2x1-CCS_mod,2038,20,20,3B,0
Gas-CC_H_2x1-CCS_mod,2039,20,20,3B,0
Gas-CC_H_2x1-CCS_mod,2040,20,20,3B,0
Gas-CC_H_2x1-CCS_mod,2041,20,20,3B,0
Gas-CC_H_2x1-CCS_mod,2042,20,20,3B,0
Gas-CC_H_2x1-CCS_mod,2043,20,20,3B,0
Gas-CC_H_2x1-CCS_mod,2044,20,20,3B,0
Gas-CC_H_2x1-CCS_mod,2045,20,20,3B,0
Gas-CC_H_2x1-CCS_mod,2046,20,20,3B,0
Gas-CC_H_2x1-CCS_mod,2047,20,20,3B,0
Gas-CC_H_2x1-CCS_mod,2048,20,20,3B,0
Gas-CC_H_2x1-CCS_mod,2049,20,20,3B,0
Gas-CC_H_2x1-CCS_mod,2050,20,20,3B,0
Gas-CC-CCS_max,2010,20,20,3B,0
Gas-CC-CCS_max,2011,20,20,3B,0
Gas-CC-CCS_max,2012,20,20,3B,0
Gas-CC-CCS_max,2013,20,20,3B,0
Gas-CC-CCS_max,2014,20,20,3B,0
Gas-CC-CCS_max,2015,20,20,3B,0
Gas-CC-CCS_max,2016,20,20,3B,0
Gas-CC-CCS_max,2017,20,20,3B,0
Gas-CC-CCS_max,2018,20,20,3B,0
Gas-CC-CCS_max,2019,20,20,3B,0
Gas-CC-CCS_max,2020,20,20,3B,0
Gas-CC-CCS_max,2021,20,20,3B,0
Gas-CC-CCS_max,2022,20,20,3B,0
Gas-CC-CCS_max,2023,20,20,3B,0
Gas-CC-CCS_max,2024,20,20,3B,0
Gas-CC-CCS_max,2025,20,20,3B,0
Gas-CC-CCS_max,2026,20,20,3B,0
Gas-CC-CCS_max,2027,20,20,3B,0
Gas-CC-CCS_max,2028,20,20,3B,0
Gas-CC-CCS_max,2029,20,20,3B,0
Gas-CC-CCS_max,2030,20,20,3B,0
Gas-CC-CCS_max,2031,20,20,3B,0
Gas-CC-CCS_max,2032,20,20,3B,0
Gas-CC-CCS_max,2033,20,20,3B,0
Gas-CC-CCS_max,2034,20,20,3B,0
Gas-CC-CCS_max,2035,20,20,3B,0
Gas-CC-CCS_max,2036,20,20,3B,0
Gas-CC-CCS_max,2037,20,20,3B,0
Gas-CC-CCS_max,2038,20,20,3B,0
Gas-CC-CCS_max,2039,20,20,3B,0
Gas-CC-CCS_max,2040,20,20,3B,0
Gas-CC-CCS_max,2041,20,20,3B,0
Gas-CC-CCS_max,2042,20,20,3B,0
Gas-CC-CCS_max,2043,20,20,3B,0
Gas-CC-CCS_max,2044,20,20,3B,0
Gas-CC-CCS_max,2045,20,20,3B,0
Gas-CC-CCS_max,2046,20,20,3B,0
Gas-CC-CCS_max,2047,20,20,3B,0
Gas-CC-CCS_max,2048,20,20,3B,0
Gas-CC-CCS_max,2049,20,20,3B,0
Gas-CC-CCS_max,2050,20,20,3B,0
Gas-CC_H_1x1-CCS_max,2010,20,20,3B,0
Gas-CC_H_1x1-CCS_max,2011,20,20,3B,0
Gas-CC_H_1x1-CCS_max,2012,20,20,3B,0
Gas-CC_H_1x1-CCS_max,2013,20,20,3B,0
Gas-CC_H_1x1-CCS_max,2014,20,20,3B,0
Gas-CC_H_1x1-CCS_max,2015,20,20,3B,0
Gas-CC_H_1x1-CCS_max,2016,20,20,3B,0
Gas-CC_H_1x1-CCS_max,2017,20,20,3B,0
Gas-CC_H_1x1-CCS_max,2018,20,20,3B,0
Gas-CC_H_1x1-CCS_max,2019,20,20,3B,0
Gas-CC_H_1x1-CCS_max,2020,20,20,3B,0
Gas-CC_H_1x1-CCS_max,2021,20,20,3B,0
Gas-CC_H_1x1-CCS_max,2022,20,20,3B,0
Gas-CC_H_1x1-CCS_max,2023,20,20,3B,0
Gas-CC_H_1x1-CCS_max,2024,20,20,3B,0
Gas-CC_H_1x1-CCS_max,2025,20,20,3B,0
Gas-CC_H_1x1-CCS_max,2026,20,20,3B,0
Gas-CC_H_1x1-CCS_max,2027,20,20,3B,0
Gas-CC_H_1x1-CCS_max,2028,20,20,3B,0
Gas-CC_H_1x1-CCS_max,2029,20,20,3B,0
Gas-CC_H_1x1-CCS_max,2030,20,20,3B,0
Gas-CC_H_1x1-CCS_max,2031,20,20,3B,0
Gas-CC_H_1x1-CCS_max,2032,20,20,3B,0
Gas-CC_H_1x1-CCS_max,2033,20,20,3B,0
Gas-CC_H_1x1-CCS_max,2034,20,20,3B,0
Gas-CC_H_1x1-CCS_max,2035,20,20,3B,0
Gas-CC_H_1x1-CCS_max,2036,20,20,3B,0
Gas-CC_H_1x1-CCS_max,2037,20,20,3B,0
Gas-CC_H_1x1-CCS_max,2038,20,20,3B,0
Gas-CC_H_1x1-CCS_max,2039,20,20,3B,0
Gas-CC_H_1x1-CCS_max,2040,20,20,3B,0
Gas-CC_H_1x1-CCS_max,2041,20,20,3B,0
Gas-CC_H_1x1-CCS_max,2042,20,20,3B,0
Gas-CC_H_1x1-CCS_max,2043,20,20,3B,0
Gas-CC_H_1x1-CCS_max,2044,20,20,3B,0
Gas-CC_H_1x1-CCS_max,2045,20,20,3B,0
Gas-CC_H_1x1-CCS_max,2046,20,20,3B,0
Gas-CC_H_1x1-CCS_max,2047,20,20,3B,0
Gas-CC_H_1x1-CCS_max,2048,20,20,3B,0
Gas-CC_H_1x1-CCS_max,2049,20,20,3B,0
Gas-CC_H_1x1-CCS_max,2050,20,20,3B,0
Gas-CC_H_2x1-CCS_max,2010,20,20,3B,0
Gas-CC_H_2x1-CCS_max,2011,20,20,3B,0
Gas-CC_H_2x1-CCS_max,2012,20,20,3B,0
Gas-CC_H_2x1-CCS_max,2013,20,20,3B,0
Gas-CC_H_2x1-CCS_max,2014,20,20,3B,0
Gas-CC_H_2x1-CCS_max,2015,20,20,3B,0
Gas-CC_H_2x1-CCS_max,2016,20,20,3B,0
Gas-CC_H_2x1-CCS_max,2017,20,20,3B,0
Gas-CC_H_2x1-CCS_max,2018,20,20,3B,0
Gas-CC_H_2x1-CCS_max,2019,20,20,3B,0
Gas-CC_H_2x1-CCS_max,2020,20,20,3B,0
Gas-CC_H_2x1-CCS_max,2021,20,20,3B,0
Gas-CC_H_2x1-CCS_max,2022,20,20,3B,0
Gas-CC_H_2x1-CCS_max,2023,20,20,3B,0
Gas-CC_H_2x1-CCS_max,2024,20,20,3B,0
Gas-CC_H_2x1-CCS_max,2025,20,20,3B,0
Gas-CC_H_2x1-CCS_max,2026,20,20,3B,0
Gas-CC_H_2x1-CCS_max,2027,20,20,3B,0
Gas-CC_H_2x1-CCS_max,2028,20,20,3B,0
Gas-CC_H_2x1-CCS_max,2029,20,20,3B,0
Gas-CC_H_2x1-CCS_max,2030,20,20,3B,0
Gas-CC_H_2x1-CCS_max,2031,20,20,3B,0
Gas-CC_H_2x1-CCS_max,2032,20,20,3B,0
Gas-CC_H_2x1-CCS_max,2033,20,20,3B,0
Gas-CC_H_2x1-CCS_max,2034,20,20,3B,0
Gas-CC_H_2x1-CCS_max,2035,20,20,3B,0
Gas-CC_H_2x1-CCS_max,2036,20,20,3B,0
Gas-CC_H_2x1-CCS_max,2037,20,20,3B,0
Gas-CC_H_2x1-CCS_max,2038,20,20,3B,0
Gas-CC_H_2x1-CCS_max,2039,20,20,3B,0
Gas-CC_H_2x1-CCS_max,2040,20,20,3B,0
Gas-CC_H_2x1-CCS_max,2041,20,20,3B,0
Gas-CC_H_2x1-CCS_max,2042,20,20,3B,0
Gas-CC_H_2x1-CCS_max,2043,20,20,3B,0
Gas-CC_H_2x1-CCS_max,2044,20,20,3B,0
Gas-CC_H_2x1-CCS_max,2045,20,20,3B,0
Gas-CC_H_2x1-CCS_max,2046,20,20,3B,0
Gas-CC_H_2x1-CCS_max,2047,20,20,3B,0
Gas-CC_H_2x1-CCS_max,2048,20,20,3B,0
Gas-CC_H_2x1-CCS_max,2049,20,20,3B,0
Gas-CC_H_2x1-CCS_max,2050,20,20,3B,0
Gas-CC-CCS-F1,2010,20,20,3B,0
Gas-CC-CCS-F1,2011,20,20,3B,0
Gas-CC-CCS-F1,2012,20,20,3B,0
Gas-CC-CCS-F1,2013,20,20,3B,0
Gas-CC-CCS-F1,2014,20,20,3B,0
Gas-CC-CCS-F1,2015,20,20,3B,0
Gas-CC-CCS-F1,2016,20,20,3B,0
Gas-CC-CCS-F1,2017,20,20,3B,0
Gas-CC-CCS-F1,2018,20,20,3B,0
Gas-CC-CCS-F1,2019,20,20,3B,0
Gas-CC-CCS-F1,2020,20,20,3B,0
Gas-CC-CCS-F1,2021,20,20,3B,0
Gas-CC-CCS-F1,2022,20,20,3B,0
Gas-CC-CCS-F1,2023,20,20,3B,0
Gas-CC-CCS-F1,2024,20,20,3B,0
Gas-CC-CCS-F1,2025,20,20,3B,0
Gas-CC-CCS-F1,2026,20,20,3B,0
Gas-CC-CCS-F1,2027,20,20,3B,0
Gas-CC-CCS-F1,2028,20,20,3B,0
Gas-CC-CCS-F1,2029,20,20,3B,0
Gas-CC-CCS-F1,2030,20,20,3B,0
Gas-CC-CCS-F1,2031,20,20,3B,0
Gas-CC-CCS-F1,2032,20,20,3B,0
Gas-CC-CCS-F1,2033,20,20,3B,0
Gas-CC-CCS-F1,2034,20,20,3B,0
Gas-CC-CCS-F1,2035,20,20,3B,0
Gas-CC-CCS-F1,2036,20,20,3B,0
Gas-CC-CCS-F1,2037,20,20,3B,0
Gas-CC-CCS-F1,2038,20,20,3B,0
Gas-CC-CCS-F1,2039,20,20,3B,0
Gas-CC-CCS-F1,2040,20,20,3B,0
Gas-CC-CCS-F1,2041,20,20,3B,0
Gas-CC-CCS-F1,2042,20,20,3B,0
Gas-CC-CCS-F1,2043,20,20,3B,0
Gas-CC-CCS-F1,2044,20,20,3B,0
Gas-CC-CCS-F1,2045,20,20,3B,0
Gas-CC-CCS-F1,2046,20,20,3B,0
Gas-CC-CCS-F1,2047,20,20,3B,0
Gas-CC-CCS-F1,2048,20,20,3B,0
Gas-CC-CCS-F1,2049,20,20,3B,0
Gas-CC-CCS-F1,2050,20,20,3B,0
Gas-CC-CCS-F2,2010,20,20,3B,0
Gas-CC-CCS-F2,2011,20,20,3B,0
Gas-CC-CCS-F2,2012,20,20,3B,0
Gas-CC-CCS-F2,2013,20,20,3B,0
Gas-CC-CCS-F2,2014,20,20,3B,0
Gas-CC-CCS-F2,2015,20,20,3B,0
Gas-CC-CCS-F2,2016,20,20,3B,0
Gas-CC-CCS-F2,2017,20,20,3B,0
Gas-CC-CCS-F2,2018,20,20,3B,0
Gas-CC-CCS-F2,2019,20,20,3B,0
Gas-CC-CCS-F2,2020,20,20,3B,0
Gas-CC-CCS-F2,2021,20,20,3B,0
Gas-CC-CCS-F2,2022,20,20,3B,0
Gas-CC-CCS-F2,2023,20,20,3B,0
Gas-CC-CCS-F2,2024,20,20,3B,0
Gas-CC-CCS-F2,2025,20,20,3B,0
Gas-CC-CCS-F2,2026,20,20,3B,0
Gas-CC-CCS-F2,2027,20,20,3B,0
Gas-CC-CCS-F2,2028,20,20,3B,0
Gas-CC-CCS-F2,2029,20,20,3B,0
Gas-CC-CCS-F2,2030,20,20,3B,0
Gas-CC-CCS-F2,2031,20,20,3B,0
Gas-CC-CCS-F2,2032,20,20,3B,0
Gas-CC-CCS-F2,2033,20,20,3B,0
Gas-CC-CCS-F2,2034,20,20,3B,0
Gas-CC-CCS-F2,2035,20,20,3B,0
Gas-CC-CCS-F2,2036,20,20,3B,0
Gas-CC-CCS-F2,2037,20,20,3B,0
Gas-CC-CCS-F2,2038,20,20,3B,0
Gas-CC-CCS-F2,2039,20,20,3B,0
Gas-CC-CCS-F2,2040,20,20,3B,0
Gas-CC-CCS-F2,2041,20,20,3B,0
Gas-CC-CCS-F2,2042,20,20,3B,0
Gas-CC-CCS-F2,2043,20,20,3B,0
Gas-CC-CCS-F2,2044,20,20,3B,0
Gas-CC-CCS-F2,2045,20,20,3B,0
Gas-CC-CCS-F2,2046,20,20,3B,0
Gas-CC-CCS-F2,2047,20,20,3B,0
Gas-CC-CCS-F2,2048,20,20,3B,0
Gas-CC-CCS-F2,2049,20,20,3B,0
Gas-CC-CCS-F2,2050,20,20,3B,0
Gas-CC-CCS-F3,2010,20,20,3B,0
Gas-CC-CCS-F3,2011,20,20,3B,0
Gas-CC-CCS-F3,2012,20,20,3B,0
Gas-CC-CCS-F3,2013,20,20,3B,0
Gas-CC-CCS-F3,2014,20,20,3B,0
Gas-CC-CCS-F3,2015,20,20,3B,0
Gas-CC-CCS-F3,2016,20,20,3B,0
Gas-CC-CCS-F3,2017,20,20,3B,0
Gas-CC-CCS-F3,2018,20,20,3B,0
Gas-CC-CCS-F3,2019,20,20,3B,0
Gas-CC-CCS-F3,2020,20,20,3B,0
Gas-CC-CCS-F3,2021,20,20,3B,0
Gas-CC-CCS-F3,2022,20,20,3B,0
Gas-CC-CCS-F3,2023,20,20,3B,0
Gas-CC-CCS-F3,2024,20,20,3B,0
Gas-CC-CCS-F3,2025,20,20,3B,0
Gas-CC-CCS-F3,2026,20,20,3B,0
Gas-CC-CCS-F3,2027,20,20,3B,0
Gas-CC-CCS-F3,2028,20,20,3B,0
Gas-CC-CCS-F3,2029,20,20,3B,0
Gas-CC-CCS-F3,2030,20,20,3B,0
Gas-CC-CCS-F3,2031,20,20,3B,0
Gas-CC-CCS-F3,2032,20,20,3B,0
Gas-CC-CCS-F3,2033,20,20,3B,0
Gas-CC-CCS-F3,2034,20,20,3B,0
Gas-CC-CCS-F3,2035,20,20,3B,0
Gas-CC-CCS-F3,2036,20,20,3B,0
Gas-CC-CCS-F3,2037,20,20,3B,0
Gas-CC-CCS-F3,2038,20,20,3B,0
Gas-CC-CCS-F3,2039,20,20,3B,0
Gas-CC-CCS-F3,2040,20,20,3B,0
Gas-CC-CCS-F3,2041,20,20,3B,0
Gas-CC-CCS-F3,2042,20,20,3B,0
Gas-CC-CCS-F3,2043,20,20,3B,0
Gas-CC-CCS-F3,2044,20,20,3B,0
Gas-CC-CCS-F3,2045,20,20,3B,0
Gas-CC-CCS-F3,2046,20,20,3B,0
Gas-CC-CCS-F3,2047,20,20,3B,0
Gas-CC-CCS-F3,2048,20,20,3B,0
Gas-CC-CCS-F3,2049,20,20,3B,0
Gas-CC-CCS-F3,2050,20,20,3B,0
Gas-CT,2010,15,20,3A,0
Gas-CT,2011,15,20,3A,0
Gas-CT,2012,15,20,3A,0
Gas-CT,2013,15,20,3A,0
Gas-CT,2014,15,20,3A,0
Gas-CT,2015,15,20,3A,0
Gas-CT,2016,15,20,3A,0
Gas-CT,2017,15,20,3A,0
Gas-CT,2018,15,20,3A,0
Gas-CT,2019,15,20,3A,0
Gas-CT,2020,15,20,3A,0
Gas-CT,2021,15,20,3A,0
Gas-CT,2022,15,20,3A,0
Gas-CT,2023,15,20,3A,0
Gas-CT,2024,15,20,3A,0
Gas-CT,2025,15,20,3A,0
Gas-CT,2026,15,20,3A,0
Gas-CT,2027,15,20,3A,0
Gas-CT,2028,15,20,3A,0
Gas-CT,2029,15,20,3A,0
Gas-CT,2030,15,20,3A,0
Gas-CT,2031,15,20,3A,0
Gas-CT,2032,15,20,3A,0
Gas-CT,2033,15,20,3A,0
Gas-CT,2034,15,20,3A,0
Gas-CT,2035,15,20,3A,0
Gas-CT,2036,15,20,3A,0
Gas-CT,2037,15,20,3A,0
Gas-CT,2038,15,20,3A,0
Gas-CT,2039,15,20,3A,0
Gas-CT,2040,15,20,3A,0
Gas-CT,2041,15,20,3A,0
Gas-CT,2042,15,20,3A,0
Gas-CT,2043,15,20,3A,0
Gas-CT,2044,15,20,3A,0
Gas-CT,2045,15,20,3A,0
Gas-CT,2046,15,20,3A,0
Gas-CT,2047,15,20,3A,0
Gas-CT,2048,15,20,3A,0
Gas-CT,2049,15,20,3A,0
Gas-CT,2050,15,20,3A,0
h2-fuel-cell,2010,15,20,3A,0
h2-fuel-cell,2011,15,20,3A,0
h2-fuel-cell,2012,15,20,3A,0
h2-fuel-cell,2013,15,20,3A,0
h2-fuel-cell,2014,15,20,3A,0
h2-fuel-cell,2015,15,20,3A,0
h2-fuel-cell,2016,15,20,3A,0
h2-fuel-cell,2017,15,20,3A,0
h2-fuel-cell,2018,15,20,3A,0
h2-fuel-cell,2019,15,20,3A,0
h2-fuel-cell,2020,15,20,3A,0
h2-fuel-cell,2021,15,20,3A,0
h2-fuel-cell,2022,15,20,3A,0
h2-fuel-cell,2023,15,20,3A,0
h2-fuel-cell,2024,15,20,3A,0
h2-fuel-cell,2025,15,20,3A,0
h2-fuel-cell,2026,15,20,3A,0
h2-fuel-cell,2027,15,20,3A,0
h2-fuel-cell,2028,15,20,3A,0
h2-fuel-cell,2029,15,20,3A,0
h2-fuel-cell,2030,15,20,3A,0
h2-fuel-cell,2031,15,20,3A,0
h2-fuel-cell,2032,15,20,3A,0
h2-fuel-cell,2033,15,20,3A,0
h2-fuel-cell,2034,15,20,3A,0
h2-fuel-cell,2035,15,20,3A,0
h2-fuel-cell,2036,15,20,3A,0
h2-fuel-cell,2037,15,20,3A,0
h2-fuel-cell,2038,15,20,3A,0
h2-fuel-cell,2039,15,20,3A,0
h2-fuel-cell,2040,15,20,3A,0
h2-fuel-cell,2041,15,20,3A,0
h2-fuel-cell,2042,15,20,3A,0
h2-fuel-cell,2043,15,20,3A,0
h2-fuel-cell,2044,15,20,3A,0
h2-fuel-cell,2045,15,20,3A,0
h2-fuel-cell,2046,15,20,3A,0
h2-fuel-cell,2047,15,20,3A,0
h2-fuel-cell,2048,15,20,3A,0
h2-fuel-cell,2049,15,20,3A,0
h2-fuel-cell,2050,15,20,3A,0
Gas-CT_aero,2010,15,20,3A,0
Gas-CT_aero,2011,15,20,3A,0
Gas-CT_aero,2012,15,20,3A,0
Gas-CT_aero,2013,15,20,3A,0
Gas-CT_aero,2014,15,20,3A,0
Gas-CT_aero,2015,15,20,3A,0
Gas-CT_aero,2016,15,20,3A,0
Gas-CT_aero,2017,15,20,3A,0
Gas-CT_aero,2018,15,20,3A,0
Gas-CT_aero,2019,15,20,3A,0
Gas-CT_aero,2020,15,20,3A,0
Gas-CT_aero,2021,15,20,3A,0
Gas-CT_aero,2022,15,20,3A,0
Gas-CT_aero,2023,15,20,3A,0
Gas-CT_aero,2024,15,20,3A,0
Gas-CT_aero,2025,15,20,3A,0
Gas-CT_aero,2026,15,20,3A,0
Gas-CT_aero,2027,15,20,3A,0
Gas-CT_aero,2028,15,20,3A,0
Gas-CT_aero,2029,15,20,3A,0
Gas-CT_aero,2030,15,20,3A,0
Gas-CT_aero,2031,15,20,3A,0
Gas-CT_aero,2032,15,20,3A,0
Gas-CT_aero,2033,15,20,3A,0
Gas-CT_aero,2034,15,20,3A,0
Gas-CT_aero,2035,15,20,3A,0
Gas-CT_aero,2036,15,20,3A,0
Gas-CT_aero,2037,15,20,3A,0
Gas-CT_aero,2038,15,20,3A,0
Gas-CT_aero,2039,15,20,3A,0
Gas-CT_aero,2040,15,20,3A,0
Gas-CT_aero,2041,15,20,3A,0
Gas-CT_aero,2042,15,20,3A,0
Gas-CT_aero,2043,15,20,3A,0
Gas-CT_aero,2044,15,20,3A,0
Gas-CT_aero,2045,15,20,3A,0
Gas-CT_aero,2046,15,20,3A,0
Gas-CT_aero,2047,15,20,3A,0
Gas-CT_aero,2048,15,20,3A,0
Gas-CT_aero,2049,15,20,3A,0
Gas-CT_aero,2050,15,20,3A,0
GEO,2010,5,20,4,-0.0129
GEO,2011,5,20,4,-0.0129
GEO,2012,5,20,4,-0.0129
GEO,2013,5,20,4,-0.0129
GEO,2014,5,20,4,-0.0129
GEO,2015,5,20,4,-0.0129
GEO,2016,5,20,4,-0.0129
GEO,2017,5,20,4,-0.0129
GEO,2018,5,20,4,-0.0129
GEO,2019,5,20,4,-0.0129
GEO,2020,5,20,4,-0.0129
GEO,2021,5,20,4,-0.0129
GEO,2022,5,20,4,-0.0129
GEO,2023,5,20,4,-0.0129
GEO,2024,5,20,4,-0.0129
GEO,2025,5,20,4,-0.0129
GEO,2026,5,20,4,-0.0129
GEO,2027,5,20,4,-0.0129
GEO,2028,5,20,4,-0.0129
GEO,2029,5,20,4,-0.0129
GEO,2030,5,20,4,-0.0129
GEO,2031,5,20,4,-0.0129
GEO,2032,5,20,4,-0.0129
GEO,2033,5,20,4,-0.0129
GEO,2034,5,20,4,-0.0129
GEO,2035,5,20,4,-0.0129
GEO,2036,5,20,4,-0.0129
GEO,2037,5,20,4,-0.0129
GEO,2038,5,20,4,-0.0129
GEO,2039,5,20,4,-0.0129
GEO,2040,5,20,4,-0.0129
GEO,2041,5,20,4,-0.0129
GEO,2042,5,20,4,-0.0129
GEO,2043,5,20,4,-0.0129
GEO,2044,5,20,4,-0.0129
GEO,2045,5,20,4,-0.0129
GEO,2046,5,20,4,-0.0129
GEO,2047,5,20,4,-0.0129
GEO,2048,5,20,4,-0.0129
GEO,2049,5,20,4,-0.0129
GEO,2050,5,20,4,-0.0129
HYDRO,2010,20,20,3A,-0.0122
HYDRO,2011,20,20,3A,-0.0122
HYDRO,2012,20,20,3A,-0.0122
HYDRO,2013,20,20,3A,-0.0122
HYDRO,2014,20,20,3A,-0.0122
HYDRO,2015,20,20,3A,-0.0122
HYDRO,2016,20,20,3A,-0.0122
HYDRO,2017,20,20,3A,-0.0122
HYDRO,2018,20,20,3A,-0.0122
HYDRO,2019,20,20,3A,-0.0122
HYDRO,2020,20,20,3A,-0.0122
HYDRO,2021,20,20,3A,-0.0122
HYDRO,2022,20,20,3A,-0.0122
HYDRO,2023,20,20,3A,-0.0122
HYDRO,2024,20,20,3A,-0.0122
HYDRO,2025,20,20,3A,-0.0122
HYDRO,2026,20,20,3A,-0.0122
HYDRO,2027,20,20,3A,-0.0122
HYDRO,2028,20,20,3A,-0.0122
HYDRO,2029,20,20,3A,-0.0122
HYDRO,2030,20,20,3A,-0.0122
HYDRO,2031,20,20,3A,-0.0122
HYDRO,2032,20,20,3A,-0.0122
HYDRO,2033,20,20,3A,-0.0122
HYDRO,2034,20,20,3A,-0.0122
HYDRO,2035,20,20,3A,-0.0122
HYDRO,2036,20,20,3A,-0.0122
HYDRO,2037,20,20,3A,-0.0122
HYDRO,2038,20,20,3A,-0.0122
HYDRO,2039,20,20,3A,-0.0122
HYDRO,2040,20,20,3A,-0.0122
HYDRO,2041,20,20,3A,-0.0122
HYDRO,2042,20,20,3A,-0.0122
HYDRO,2043,20,20,3A,-0.0122
HYDRO,2044,20,20,3A,-0.0122
HYDRO,2045,20,20,3A,-0.0122
HYDRO,2046,20,20,3A,-0.0122
HYDRO,2047,20,20,3A,-0.0122
HYDRO,2048,20,20,3A,-0.0122
HYDRO,2049,20,20,3A,-0.0122
HYDRO,2050,20,20,3A,-0.0122
lfill-gas,2010,20,20,3B,-0.0073
lfill-gas,2011,20,20,3B,-0.0073
lfill-gas,2012,20,20,3B,-0.0073
lfill-gas,2013,20,20,3B,-0.0073
lfill-gas,2014,20,20,3B,-0.0073
lfill-gas,2015,20,20,3B,-0.0073
lfill-gas,2016,20,20,3B,-0.0073
lfill-gas,2017,20,20,3B,-0.0073
lfill-gas,2018,20,20,3B,-0.0073
lfill-gas,2019,20,20,3B,-0.0073
lfill-gas,2020,20,20,3B,-0.0073
lfill-gas,2021,20,20,3B,-0.0073
lfill-gas,2022,20,20,3B,-0.0073
lfill-gas,2023,20,20,3B,-0.0073
lfill-gas,2024,20,20,3B,-0.0073
lfill-gas,2025,20,20,3B,-0.0073
lfill-gas,2026,20,20,3B,-0.0073
lfill-gas,2027,20,20,3B,-0.0073
lfill-gas,2028,20,20,3B,-0.0073
lfill-gas,2029,20,20,3B,-0.0073
lfill-gas,2030,20,20,3B,-0.0073
lfill-gas,2031,20,20,3B,-0.0073
lfill-gas,2032,20,20,3B,-0.0073
lfill-gas,2033,20,20,3B,-0.0073
lfill-gas,2034,20,20,3B,-0.0073
lfill-gas,2035,20,20,3B,-0.0073
lfill-gas,2036,20,20,3B,-0.0073
lfill-gas,2037,20,20,3B,-0.0073
lfill-gas,2038,20,20,3B,-0.0073
lfill-gas,2039,20,20,3B,-0.0073
lfill-gas,2040,20,20,3B,-0.0073
lfill-gas,2041,20,20,3B,-0.0073
lfill-gas,2042,20,20,3B,-0.0073
lfill-gas,2043,20,20,3B,-0.0073
lfill-gas,2044,20,20,3B,-0.0073
lfill-gas,2045,20,20,3B,-0.0073
lfill-gas,2046,20,20,3B,-0.0073
lfill-gas,2047,20,20,3B,-0.0073
lfill-gas,2048,20,20,3B,-0.0073
lfill-gas,2049,20,20,3B,-0.0073
lfill-gas,2050,20,20,3B,-0.0073
Nuclear,2010,15,20,6,-0.0073
Nuclear,2011,15,20,6,-0.0073
Nuclear,2012,15,20,6,-0.0073
Nuclear,2013,15,20,6,-0.0073
Nuclear,2014,15,20,6,-0.0073
Nuclear,2015,15,20,6,-0.0073
Nuclear,2016,15,20,6,-0.0073
Nuclear,2017,15,20,6,-0.0073
Nuclear,2018,15,20,6,-0.0073
Nuclear,2019,15,20,6,-0.0073
Nuclear,2020,15,20,6,-0.0073
Nuclear,2021,15,20,6,-0.0073
Nuclear,2022,15,20,6,-0.0073
Nuclear,2023,15,20,6,-0.0073
Nuclear,2024,15,20,6,-0.0073
Nuclear,2025,15,20,6,-0.0073
Nuclear,2026,15,20,6,-0.0073
Nuclear,2027,15,20,6,-0.0073
Nuclear,2028,15,20,6,-0.0073
Nuclear,2029,15,20,6,-0.0073
Nuclear,2030,15,20,6,-0.0073
Nuclear,2031,15,20,6,-0.0073
Nuclear,2032,15,20,6,-0.0073
Nuclear,2033,15,20,6,-0.0073
Nuclear,2034,15,20,6,-0.0073
Nuclear,2035,15,20,6,-0.0073
Nuclear,2036,15,20,6,-0.0073
Nuclear,2037,15,20,6,-0.0073
Nuclear,2038,15,20,6,-0.0073
Nuclear,2039,15,20,6,-0.0073
Nuclear,2040,15,20,6,-0.0073
Nuclear,2041,15,20,6,-0.0073
Nuclear,2042,15,20,6,-0.0073
Nuclear,2043,15,20,6,-0.0073
Nuclear,2044,15,20,6,-0.0073
Nuclear,2045,15,20,6,-0.0073
Nuclear,2046,15,20,6,-0.0073
Nuclear,2047,15,20,6,-0.0073
Nuclear,2048,15,20,6,-0.0073
Nuclear,2049,15,20,6,-0.0073
Nuclear,2050,15,20,6,-0.0073
Nuclear-SMR,2010,15,20,3B,-0.0073
Nuclear-SMR,2011,15,20,3B,-0.0073
Nuclear-SMR,2012,15,20,3B,-0.0073
Nuclear-SMR,2013,15,20,3B,-0.0073
Nuclear-SMR,2014,15,20,3B,-0.0073
Nuclear-SMR,2015,15,20,3B,-0.0073
Nuclear-SMR,2016,15,20,3B,-0.0073
Nuclear-SMR,2017,15,20,3B,-0.0073
Nuclear-SMR,2018,15,20,3B,-0.0073
Nuclear-SMR,2019,15,20,3B,-0.0073
Nuclear-SMR,2020,15,20,3B,-0.0073
Nuclear-SMR,2021,15,20,3B,-0.0073
Nuclear-SMR,2022,15,20,3B,-0.0073
Nuclear-SMR,2023,15,20,3B,-0.0073
Nuclear-SMR,2024,15,20,3B,-0.0073
Nuclear-SMR,2025,15,20,3B,-0.0073
Nuclear-SMR,2026,15,20,3B,-0.0073
Nuclear-SMR,2027,15,20,3B,-0.0073
Nuclear-SMR,2028,15,20,3B,-0.0073
Nuclear-SMR,2029,15,20,3B,-0.0073
Nuclear-SMR,2030,15,20,3B,-0.0073
Nuclear-SMR,2031,15,20,3B,-0.0073
Nuclear-SMR,2032,15,20,3B,-0.0073
Nuclear-SMR,2033,15,20,3B,-0.0073
Nuclear-SMR,2034,15,20,3B,-0.0073
Nuclear-SMR,2035,15,20,3B,-0.0073
Nuclear-SMR,2036,15,20,3B,-0.0073
Nuclear-SMR,2037,15,20,3B,-0.0073
Nuclear-SMR,2038,15,20,3B,-0.0073
Nuclear-SMR,2039,15,20,3B,-0.0073
Nuclear-SMR,2040,15,20,3B,-0.0073
Nuclear-SMR,2041,15,20,3B,-0.0073
Nuclear-SMR,2042,15,20,3B,-0.0073
Nuclear-SMR,2043,15,20,3B,-0.0073
Nuclear-SMR,2044,15,20,3B,-0.0073
Nuclear-SMR,2045,15,20,3B,-0.0073
Nuclear-SMR,2046,15,20,3B,-0.0073
Nuclear-SMR,2047,15,20,3B,-0.0073
Nuclear-SMR,2048,15,20,3B,-0.0073
Nuclear-SMR,2049,15,20,3B,-0.0073
Nuclear-SMR,2050,15,20,3B,-0.0073
o-g-s,2010,20,20,6,0
o-g-s,2011,20,20,6,0
o-g-s,2012,20,20,6,0
o-g-s,2013,20,20,6,0
o-g-s,2014,20,20,6,0
o-g-s,2015,20,20,6,0
o-g-s,2016,20,20,6,0
o-g-s,2017,20,20,6,0
o-g-s,2018,20,20,6,0
o-g-s,2019,20,20,6,0
o-g-s,2020,20,20,6,0
o-g-s,2021,20,20,6,0
o-g-s,2022,20,20,6,0
o-g-s,2023,20,20,6,0
o-g-s,2024,20,20,6,0
o-g-s,2025,20,20,6,0
o-g-s,2026,20,20,6,0
o-g-s,2027,20,20,6,0
o-g-s,2028,20,20,6,0
o-g-s,2029,20,20,6,0
o-g-s,2030,20,20,6,0
o-g-s,2031,20,20,6,0
o-g-s,2032,20,20,6,0
o-g-s,2033,20,20,6,0
o-g-s,2034,20,20,6,0
o-g-s,2035,20,20,6,0
o-g-s,2036,20,20,6,0
o-g-s,2037,20,20,6,0
o-g-s,2038,20,20,6,0
o-g-s,2039,20,20,6,0
o-g-s,2040,20,20,6,0
o-g-s,2041,20,20,6,0
o-g-s,2042,20,20,6,0
o-g-s,2043,20,20,6,0
o-g-s,2044,20,20,6,0
o-g-s,2045,20,20,6,0
o-g-s,2046,20,20,6,0
o-g-s,2047,20,20,6,0
o-g-s,2048,20,20,6,0
o-g-s,2049,20,20,6,0
o-g-s,2050,20,20,6,0
PSH,2010,5,20,3A,-0.0122
PSH,2011,5,20,3A,-0.0122
PSH,2012,5,20,3A,-0.0122
PSH,2013,5,20,3A,-0.0122
PSH,2014,5,20,3A,-0.0122
PSH,2015,5,20,3A,-0.0122
PSH,2016,5,20,3A,-0.0122
PSH,2017,5,20,3A,-0.0122
PSH,2018,5,20,3A,-0.0122
PSH,2019,5,20,3A,-0.0122
PSH,2020,5,20,3A,-0.0122
PSH,2021,5,20,3A,-0.0122
PSH,2022,5,20,3A,-0.0122
PSH,2023,5,20,3A,-0.0122
PSH,2024,5,20,3A,-0.0122
PSH,2025,5,20,3A,-0.0122
PSH,2026,5,20,3A,-0.0122
PSH,2027,5,20,3A,-0.0122
PSH,2028,5,20,3A,-0.0122
PSH,2029,5,20,3A,-0.0122
PSH,2030,5,20,3A,-0.0122
PSH,2031,5,20,3A,-0.0122
PSH,2032,5,20,3A,-0.0122
PSH,2033,5,20,3A,-0.0122
PSH,2034,5,20,3A,-0.0122
PSH,2035,5,20,3A,-0.0122
PSH,2036,5,20,3A,-0.0122
PSH,2037,5,20,3A,-0.0122
PSH,2038,5,20,3A,-0.0122
PSH,2039,5,20,3A,-0.0122
PSH,2040,5,20,3A,-0.0122
PSH,2041,5,20,3A,-0.0122
PSH,2042,5,20,3A,-0.0122
PSH,2043,5,20,3A,-0.0122
PSH,2044,5,20,3A,-0.0122
PSH,2045,5,20,3A,-0.0122
PSH,2046,5,20,3A,-0.0122
PSH,2047,5,20,3A,-0.0122
PSH,2048,5,20,3A,-0.0122
PSH,2049,5,20,3A,-0.0122
PSH,2050,5,20,3A,-0.0122
PV,2010,5,20,4TC,-0.0202
PV,2011,5,20,4TC,-0.0202
PV,2012,5,20,4TC,-0.0202
PV,2013,5,20,4TC,-0.0202
PV,2014,5,20,4TC,-0.0202
PV,2015,5,20,4TC,-0.0202
PV,2016,5,20,4TC,-0.0202
PV,2017,5,20,4TC,-0.0202
PV,2018,5,20,4TC,-0.0202
PV,2019,5,20,4TC,-0.0202
PV,2020,5,20,4TC,-0.0202
PV,2021,5,20,4TC,-0.0202
PV,2022,5,20,4TC,-0.0202
PV,2023,5,20,4TC,-0.0202
PV,2024,5,20,4TC,-0.0202
PV,2025,5,20,4TC,-0.0202
PV,2026,5,20,1,-0.0202
PV,2027,5,20,1,-0.0202
PV,2028,5,20,1,-0.0202
PV,2029,5,20,1,-0.0202
PV,2030,5,20,1,-0.0202
PV,2031,5,20,1,-0.0202
PV,2032,5,20,1,-0.0202
PV,2033,5,20,1,-0.0202
PV,2034,5,20,1,-0.0202
PV,2035,5,20,1,-0.0202
PV,2036,5,20,1,-0.0202
PV,2037,5,20,1,-0.0202
PV,2038,5,20,1,-0.0202
PV,2039,5,20,1,-0.0202
PV,2040,5,20,1,-0.0202
PV,2041,5,20,1,-0.0202
PV,2042,5,20,1,-0.0202
PV,2043,5,20,1,-0.0202
PV,2044,5,20,1,-0.0202
PV,2045,5,20,1,-0.0202
PV,2046,5,20,1,-0.0202
PV,2047,5,20,1,-0.0202
PV,2048,5,20,1,-0.0202
PV,2049,5,20,1,-0.0202
PV,2050,5,20,1,-0.0202
OFSWIND,2010,5,20,4TC,-0.0138
OFSWIND,2011,5,20,4TC,-0.0138
OFSWIND,2012,5,20,4TC,-0.0138
OFSWIND,2013,5,20,4TC,-0.0138
OFSWIND,2014,5,20,4TC,-0.0138
OFSWIND,2015,5,20,4TC,-0.0138
OFSWIND,2016,5,20,4TC,-0.0138
OFSWIND,2017,5,20,4TC,-0.0138
OFSWIND,2018,5,20,4TC,-0.0138
OFSWIND,2019,5,20,4TC,-0.0138
OFSWIND,2020,5,20,4TC,-0.0138
OFSWIND,2021,5,20,4TC,-0.0138
OFSWIND,2022,5,20,4TC,-0.0138
OFSWIND,2023,5,20,4TC,-0.0138
OFSWIND,2024,5,20,4TC,-0.0138
OFSWIND,2025,5,20,4TC,-0.0138
OFSWIND,2026,5,20,4TC,-0.0138
OFSWIND,2027,5,20,4TC,-0.0138
OFSWIND,2028,5,20,4TC,-0.0138
OFSWIND,2029,5,20,4TC,-0.0138
OFSWIND,2030,5,20,3A,-0.0138
OFSWIND,2031,5,20,3A,-0.0138
OFSWIND,2032,5,20,3A,-0.0138
OFSWIND,2033,5,20,3A,-0.0138
OFSWIND,2034,5,20,3A,-0.0138
OFSWIND,2035,5,20,3A,-0.0138
OFSWIND,2036,5,20,3A,-0.0138
OFSWIND,2037,5,20,3A,-0.0138
OFSWIND,2038,5,20,3A,-0.0138
OFSWIND,2039,5,20,3A,-0.0138
OFSWIND,2040,5,20,3A,-0.0138
OFSWIND,2041,5,20,3A,-0.0138
OFSWIND,2042,5,20,3A,-0.0138
OFSWIND,2043,5,20,3A,-0.0138
OFSWIND,2044,5,20,3A,-0.0138
OFSWIND,2045,5,20,3A,-0.0138
OFSWIND,2046,5,20,3A,-0.0138
OFSWIND,2047,5,20,3A,-0.0138
OFSWIND,2048,5,20,3A,-0.0138
OFSWIND,2049,5,20,3A,-0.0138
OFSWIND,2050,5,20,3A,-0.0138
ONSWIND,2010,5,20,4TC,-0.0161
ONSWIND,2011,5,20,4TC,-0.0161
ONSWIND,2012,5,20,4TC,-0.0161
ONSWIND,2013,5,20,4TC,-0.0161
ONSWIND,2014,5,20,4TC,-0.0161
ONSWIND,2015,5,20,4TC,-0.0161
ONSWIND,2016,5,20,4TC,-0.0161
ONSWIND,2017,5,20,4TC,-0.0161
ONSWIND,2018,5,20,4TC,-0.0161
ONSWIND,2019,5,20,4TC,-0.0161
ONSWIND,2020,5,20,4TC,-0.0161
ONSWIND,2021,5,20,4TC,-0.0161
ONSWIND,2022,5,20,4TC,-0.0161
ONSWIND,2023,5,20,4TC,-0.0161
ONSWIND,2024,5,20,4TC,-0.0161
ONSWIND,2025,5,20,4TC,-0.0161
ONSWIND,2026,5,20,3A,-0.0161
ONSWIND,2027,5,20,3A,-0.0161
ONSWIND,2028,5,20,3A,-0.0161
ONSWIND,2029,5,20,3A,-0.0161
ONSWIND,2030,5,20,3A,-0.0161
ONSWIND,2031,5,20,3A,-0.0161
ONSWIND,2032,5,20,3A,-0.0161
ONSWIND,2033,5,20,3A,-0.0161
ONSWIND,2034,5,20,3A,-0.0161
ONSWIND,2035,5,20,3A,-0.0161
ONSWIND,2036,5,20,3A,-0.0161
ONSWIND,2037,5,20,3A,-0.0161
ONSWIND,2038,5,20,3A,-0.0161
ONSWIND,2039,5,20,3A,-0.0161
ONSWIND,2040,5,20,3A,-0.0161
ONSWIND,2041,5,20,3A,-0.0161
ONSWIND,2042,5,20,3A,-0.0161
ONSWIND,2043,5,20,3A,-0.0161
ONSWIND,2044,5,20,3A,-0.0161
ONSWIND,2045,5,20,3A,-0.0161
ONSWIND,2046,5,20,3A,-0.0161
ONSWIND,2047,5,20,3A,-0.0161
ONSWIND,2048,5,20,3A,-0.0161
ONSWIND,2049,5,20,3A,-0.0161
ONSWIND,2050,5,20,3A,-0.0161
H2-CT,2010,15,20,3A,0
H2-CT,2011,15,20,3A,0
H2-CT,2012,15,20,3A,0
H2-CT,2013,15,20,3A,0
H2-CT,2014,15,20,3A,0
H2-CT,2015,15,20,3A,0
H2-CT,2016,15,20,3A,0
H2-CT,2017,15,20,3A,0
H2-CT,2018,15,20,3A,0
H2-CT,2019,15,20,3A,0
H2-CT,2020,15,20,3A,0
H2-CT,2021,15,20,3A,0
H2-CT,2022,15,20,3A,0
H2-CT,2023,15,20,3A,0
H2-CT,2024,15,20,3A,0
H2-CT,2025,15,20,3A,0
H2-CT,2026,15,20,3A,0
H2-CT,2027,15,20,3A,0
H2-CT,2028,15,20,3A,0
H2-CT,2029,15,20,3A,0
H2-CT,2030,15,20,3A,0
H2-CT,2031,15,20,3A,0
H2-CT,2032,15,20,3A,0
H2-CT,2033,15,20,3A,0
H2-CT,2034,15,20,3A,0
H2-CT,2035,15,20,3A,0
H2-CT,2036,15,20,3A,0
H2-CT,2037,15,20,3A,0
H2-CT,2038,15,20,3A,0
H2-CT,2039,15,20,3A,0
H2-CT,2040,15,20,3A,0
H2-CT,2041,15,20,3A,0
H2-CT,2042,15,20,3A,0
H2-CT,2043,15,20,3A,0
H2-CT,2044,15,20,3A,0
H2-CT,2045,15,20,3A,0
H2-CT,2046,15,20,3A,0
H2-CT,2047,15,20,3A,0
H2-CT,2048,15,20,3A,0
H2-CT,2049,15,20,3A,0
H2-CT,2050,15,20,3A,0
H2-CC,2010,20,20,3B,0
H2-CC,2011,20,20,3B,0
H2-CC,2012,20,20,3B,0
H2-CC,2013,20,20,3B,0
H2-CC,2014,20,20,3B,0
H2-CC,2015,20,20,3B,0
H2-CC,2016,20,20,3B,0
H2-CC,2017,20,20,3B,0
H2-CC,2018,20,20,3B,0
H2-CC,2019,20,20,3B,0
H2-CC,2020,20,20,3B,0
H2-CC,2021,20,20,3B,0
H2-CC,2022,20,20,3B,0
H2-CC,2023,20,20,3B,0
H2-CC,2024,20,20,3B,0
H2-CC,2025,20,20,3B,0
H2-CC,2026,20,20,3B,0
H2-CC,2027,20,20,3B,0
H2-CC,2028,20,20,3B,0
H2-CC,2029,20,20,3B,0
H2-CC,2030,20,20,3B,0
H2-CC,2031,20,20,3B,0
H2-CC,2032,20,20,3B,0
H2-CC,2033,20,20,3B,0
H2-CC,2034,20,20,3B,0
H2-CC,2035,20,20,3B,0
H2-CC,2036,20,20,3B,0
H2-CC,2037,20,20,3B,0
H2-CC,2038,20,20,3B,0
H2-CC,2039,20,20,3B,0
H2-CC,2040,20,20,3B,0
H2-CC,2041,20,20,3B,0
H2-CC,2042,20,20,3B,0
H2-CC,2043,20,20,3B,0
H2-CC,2044,20,20,3B,0
H2-CC,2045,20,20,3B,0
H2-CC,2046,20,20,3B,0
H2-CC,2047,20,20,3B,0
H2-CC,2048,20,20,3B,0
H2-CC,2049,20,20,3B,0
H2-CC,2050,20,20,3B,0
electrolyzer,2010,7,15,1,0
electrolyzer,2011,7,15,1,0
electrolyzer,2012,7,15,1,0
electrolyzer,2013,7,15,1,0
electrolyzer,2014,7,15,1,0
electrolyzer,2015,7,15,1,0
electrolyzer,2016,7,15,1,0
electrolyzer,2017,7,15,1,0
electrolyzer,2018,7,15,1,0
electrolyzer,2019,7,15,1,0
electrolyzer,2020,7,15,1,0
electrolyzer,2021,7,15,1,0
electrolyzer,2022,7,15,1,0
electrolyzer,2023,7,15,1,0
electrolyzer,2024,7,15,1,0
electrolyzer,2025,7,15,1,0
electrolyzer,2026,7,15,1,0
electrolyzer,2027,7,15,1,0
electrolyzer,2028,7,15,1,0
electrolyzer,2029,7,15,1,0
electrolyzer,2030,7,15,1,0
electrolyzer,2031,7,15,1,0
electrolyzer,2032,7,15,1,0
electrolyzer,2033,7,15,1,0
electrolyzer,2034,7,15,1,0
electrolyzer,2035,7,15,1,0
electrolyzer,2036,7,15,1,0
electrolyzer,2037,7,15,1,0
electrolyzer,2038,7,15,1,0
electrolyzer,2039,7,15,1,0
electrolyzer,2040,7,15,1,0
electrolyzer,2041,7,15,1,0
electrolyzer,2042,7,15,1,0
electrolyzer,2043,7,15,1,0
electrolyzer,2044,7,15,1,0
electrolyzer,2045,7,15,1,0
electrolyzer,2046,7,15,1,0
electrolyzer,2047,7,15,1,0
electrolyzer,2048,7,15,1,0
electrolyzer,2049,7,15,1,0
electrolyzer,2050,7,15,1,0
smr,2010,7,15,1,0
smr,2011,7,15,1,0
smr,2012,7,15,1,0
smr,2013,7,15,1,0
smr,2014,7,15,1,0
smr,2015,7,15,1,0
smr,2016,7,15,1,0
smr,2017,7,15,1,0
smr,2018,7,15,1,0
smr,2019,7,15,1,0
smr,2020,7,15,1,0
smr,2021,7,15,1,0
smr,2022,7,15,1,0
smr,2023,7,15,1,0
smr,2024,7,15,1,0
smr,2025,7,15,1,0
smr,2026,7,15,1,0
smr,2027,7,15,1,0
smr,2028,7,15,1,0
smr,2029,7,15,1,0
smr,2030,7,15,1,0
smr,2031,7,15,1,0
smr,2032,7,15,1,0
smr,2033,7,15,1,0
smr,2034,7,15,1,0
smr,2035,7,15,1,0
smr,2036,7,15,1,0
smr,2037,7,15,1,0
smr,2038,7,15,1,0
smr,2039,7,15,1,0
smr,2040,7,15,1,0
smr,2041,7,15,1,0
smr,2042,7,15,1,0
smr,2043,7,15,1,0
smr,2044,7,15,1,0
smr,2045,7,15,1,0
smr,2046,7,15,1,0
smr,2047,7,15,1,0
smr,2048,7,15,1,0
smr,2049,7,15,1,0
smr,2050,7,15,1,0
smr_ccs,2010,7,15,1,0
smr_ccs,2011,7,15,1,0
smr_ccs,2012,7,15,1,0
smr_ccs,2013,7,15,1,0
smr_ccs,2014,7,15,1,0
smr_ccs,2015,7,15,1,0
smr_ccs,2016,7,15,1,0
smr_ccs,2017,7,15,1,0
smr_ccs,2018,7,15,1,0
smr_ccs,2019,7,15,1,0
smr_ccs,2020,7,15,1,0
smr_ccs,2021,7,15,1,0
smr_ccs,2022,7,15,1,0
smr_ccs,2023,7,15,1,0
smr_ccs,2024,7,15,1,0
smr_ccs,2025,7,15,1,0
smr_ccs,2026,7,15,1,0
smr_ccs,2027,7,15,1,0
smr_ccs,2028,7,15,1,0
smr_ccs,2029,7,15,1,0
smr_ccs,2030,7,15,1,0
smr_ccs,2031,7,15,1,0
smr_ccs,2032,7,15,1,0
smr_ccs,2033,7,15,1,0
smr_ccs,2034,7,15,1,0
smr_ccs,2035,7,15,1,0
smr_ccs,2036,7,15,1,0
smr_ccs,2037,7,15,1,0
smr_ccs,2038,7,15,1,0
smr_ccs,2039,7,15,1,0
smr_ccs,2040,7,15,1,0
smr_ccs,2041,7,15,1,0
smr_ccs,2042,7,15,1,0
smr_ccs,2043,7,15,1,0
smr_ccs,2044,7,15,1,0
smr_ccs,2045,7,15,1,0
smr_ccs,2046,7,15,1,0
smr_ccs,2047,7,15,1,0
smr_ccs,2048,7,15,1,0
smr_ccs,2049,7,15,1,0
smr_ccs,2050,7,15,1,0
dac,2010,7,20,1,0
dac,2011,7,20,1,0
dac,2012,7,20,1,0
dac,2013,7,20,1,0
dac,2014,7,20,1,0
dac,2015,7,20,1,0
dac,2016,7,20,1,0
dac,2017,7,20,1,0
dac,2018,7,20,1,0
dac,2019,7,20,1,0
dac,2020,7,20,1,0
dac,2021,7,20,1,0
dac,2022,7,20,1,0
dac,2023,7,20,1,0
dac,2024,7,20,1,0
dac,2025,7,20,1,0
dac,2026,7,20,1,0
dac,2027,7,20,1,0
dac,2028,7,20,1,0
dac,2029,7,20,1,0
dac,2030,7,20,1,0
dac,2031,7,20,1,0
dac,2032,7,20,1,0
dac,2033,7,20,1,0
dac,2034,7,20,1,0
dac,2035,7,20,1,0
dac,2036,7,20,1,0
dac,2037,7,20,1,0
dac,2038,7,20,1,0
dac,2039,7,20,1,0
dac,2040,7,20,1,0
dac,2041,7,20,1,0
dac,2042,7,20,1,0
dac,2043,7,20,1,0
dac,2044,7,20,1,0
dac,2045,7,20,1,0
dac,2046,7,20,1,0
dac,2047,7,20,1,0
dac,2048,7,20,1,0
dac,2049,7,20,1,0
dac,2050,7,20,1,0
dac_gas,2010,7,20,1,0
dac_gas,2011,7,20,1,0
dac_gas,2012,7,20,1,0
dac_gas,2013,7,20,1,0
dac_gas,2014,7,20,1,0
dac_gas,2015,7,20,1,0
dac_gas,2016,7,20,1,0
dac_gas,2017,7,20,1,0
dac_gas,2018,7,20,1,0
dac_gas,2019,7,20,1,0
dac_gas,2020,7,20,1,0
dac_gas,2021,7,20,1,0
dac_gas,2022,7,20,1,0
dac_gas,2023,7,20,1,0
dac_gas,2024,7,20,1,0
dac_gas,2025,7,20,1,0
dac_gas,2026,7,20,1,0
dac_gas,2027,7,20,1,0
dac_gas,2028,7,20,1,0
dac_gas,2029,7,20,1,0
dac_gas,2030,7,20,1,0
dac_gas,2031,7,20,1,0
dac_gas,2032,7,20,1,0
dac_gas,2033,7,20,1,0
dac_gas,2034,7,20,1,0
dac_gas,2035,7,20,1,0
dac_gas,2036,7,20,1,0
dac_gas,2037,7,20,1,0
dac_gas,2038,7,20,1,0
dac_gas,2039,7,20,1,0
dac_gas,2040,7,20,1,0
dac_gas,2041,7,20,1,0
dac_gas,2042,7,20,1,0
dac_gas,2043,7,20,1,0
dac_gas,2044,7,20,1,0
dac_gas,2045,7,20,1,0
dac_gas,2046,7,20,1,0
dac_gas,2047,7,20,1,0
dac_gas,2048,7,20,1,0
dac_gas,2049,7,20,1,0
dac_gas,2050,7,20,1,0
