r,st,transreg,transgrp,nercr,interconnect,hurdlereg
WA_W,WA,NorthernGrid,NorthernGrid_West,WECC_NW,western,Bonneville_Power_Administration
WA_E,WA,NorthernGrid,NorthernGrid_West,WECC_NW,western,Avista_Corp
OR_W,OR,NorthernGrid,NorthernGrid_West,WECC_NW,western,Bonneville_Power_Administration
OR_E,OR,NorthernGrid,NorthernGrid_West,WECC_NW,western,Bonneville_Power_Administration
CA_N,CA,CAISO,CAISO,WECC_CA,western,CAISO
CA_S,CA,CAISO,CAISO,WECC_CA,western,CAISO
CA_LA,CA,CAISO,CAISO,WECC_CA,western,CAISO
CA_SE,CA,CAISO,CAISO,WECC_CA,western,CAISO
ID_N,ID,NorthernGrid,NorthernGrid_East,WECC_NW,western,Bonneville_Power_Administration
ID_S,ID,NorthernGrid,NorthernGrid_East,WECC_BA,western,Idaho_Power_Co
MT_W,MT,NorthernGrid,NorthernGrid_East,WECC_NW,western,Northwestern_Energy
MT_C,MT,NorthernGrid,NorthernGrid_East,WECC_NW,western,Northwestern_Energy
MT_E,MT,SPP,SPP_North,SPP,eastern,MISO
NV_N,NV,NorthernGrid,NorthernGrid_South,WECC_SW,western,Nevada_Power_Co
NV_LV,NV,NorthernGrid,NorthernGrid_South,WECC_SW,western,Nevada_Power_Co
UT,UT,NorthernGrid,NorthernGrid_South,WECC_BA,western,PacifiCorp_East
WY_W,WY,NorthernGrid,NorthernGrid_East,WECC_RM,western,PacifiCorp_East
WY_E,WY,WestConnect,WestConnect_North,WECC_RM,western,WAPA_Rocky_Mountain_Region
CO_W,CO,WestConnect,WestConnect_North,WECC_RM,western,WAPA_Rocky_Mountain_Region
CO_E,CO,WestConnect,WestConnect_North,WECC_RM,western,WAPA_Rocky_Mountain_Region
AZ_N,AZ,WestConnect,WestConnect_South,WECC_SW,western,Arizona_Public_Service_Co
AZ_S,AZ,WestConnect,WestConnect_South,WECC_SW,western,Arizona_Public_Service_Co
NM_W,NM,WestConnect,WestConnect_South,WECC_SW,western,Public_Service_Co_of_New_Mexico
NM_E,NM,SPP,SPP_South,SPP,eastern,SPP
TX_EP,TX,WestConnect,WestConnect_South,WECC_SW,western,ERCOT
TX_N,TX,ERCOT,ERCOT,ERCOT,texas,ERCOT
TX_W,TX,ERCOT,ERCOT,ERCOT,texas,ERCOT
TX_S,TX,ERCOT,ERCOT,ERCOT,texas,ERCOT
TX_PAN,TX,SPP,SPP_South,SPP,eastern,SPP
TX_SPP,TX,SPP,SPP_South,SPP,eastern,SPP
TX_HOU,TX,ERCOT,ERCOT,ERCOT,texas,ERCOT
TX_MISO,TX,MISO,MISO_South,MISO,eastern,MISO
ND_SPP,ND,SPP,SPP_North,SPP,eastern,SPP
ND_MISO,ND,MISO,MISO_North,MISO,eastern,MISO
SD,SD,SPP,SPP_North,SPP,eastern,SPP
NE,NE,SPP,SPP_North,SPP,eastern,SPP
KS,KS,SPP,SPP_South,SPP,eastern,SPP
OK,OK,SPP,SPP_South,SPP,eastern,SPP
MN_N,MN,MISO,MISO_North,MISO,eastern,MISO
MN_S,MN,MISO,MISO_North,MISO,eastern,MISO
WI_W,WI,MISO,MISO_North,MISO,eastern,MISO
WI_E,WI,MISO,MISO_North,MISO,eastern,MISO
IA,IA,MISO,MISO_Central,MISO,eastern,MISO
MO_SPP,MO,SPP,SPP_South,SPP,eastern,SPP
MO_MISO,MO,MISO,MISO_Central,MISO,eastern,MISO
MO_SE,MO,SERTP,SERTP,SERC_C,eastern,Associated_Electric_Coop_Inc
AR_SPP,AR,SPP,SPP_South,SPP,eastern,SPP
AR_MISO,AR,MISO,MISO_South,MISO,eastern,MISO
LA,LA,MISO,MISO_South,MISO,eastern,MISO
MI_UP,MI,MISO,MISO_North,MISO,eastern,MISO
MI_LP,MI,MISO,MISO_North,MISO,eastern,MISO
MI_PJM,MI,PJM,PJM_West,PJM,eastern,PJM
IL_PJM,IL,PJM,PJM_West,PJM,eastern,PJM
IL_MISO,IL,MISO,MISO_Central,MISO,eastern,MISO
IN_PJM,IN,PJM,PJM_West,PJM,eastern,PJM
IN_MISO,IN,MISO,MISO_Central,MISO,eastern,MISO
KY_PJM,KY,PJM,PJM_East,PJM,eastern,PJM
KY_MISO,KY,MISO,MISO_Central,MISO,eastern,Tennessee_Valley_Authority
MS_MISO,MS,MISO,MISO_South,MISO,eastern,MISO
MS_SE,MS,SERTP,SERTP,SERC_C,eastern,Tennessee_Valley_Authority
TN,TN,SERTP,SERTP,SERC_C,eastern,Tennessee_Valley_Authority
AL,AL,SERTP,SERTP,SERC_SE,eastern,Southern_Co_Services_Inc
GA_N,GA,SERTP,SERTP,SERC_SE,eastern,Southern_Co_Services_Inc
GA_S,GA,SERTP,SERTP,SERC_SE,eastern,Southern_Co_Services_Inc
SC,SC,SERTP,SERTP,SERC_E,eastern,South_Carolina_Electric_and_Gas_Co
NC_SE,NC,SERTP,SERTP,SERC_E,eastern,Duke_Energy_Progress_East
NC_PJM,NC,PJM,PJM_East,SERC_E,eastern,PJM
FL_N,FL,FRCC,FRCC,SERC_F,eastern,Seminole_Electric_Coop_Inc
FL_S,FL,FRCC,FRCC,SERC_F,eastern,Seminole_Electric_Coop_Inc
FL_SE,FL,FRCC,FRCC,SERC_F,eastern,Florida_Power_and_Light
OH_N,OH,PJM,PJM_East,PJM,eastern,PJM
OH_S,OH,PJM,PJM_East,PJM,eastern,PJM
WV,WV,PJM,PJM_East,PJM,eastern,PJM
VA_W,VA,PJM,PJM_East,PJM,eastern,PJM
VA_E,VA,PJM,PJM_East,PJM,eastern,PJM
PA_W,PA,PJM,PJM_East,PJM,eastern,PJM
PA_E,PA,PJM,PJM_East,PJM,eastern,PJM
MD,MD,PJM,PJM_East,PJM,eastern,PJM
DE,DE,PJM,PJM_East,PJM,eastern,PJM
NJ,NJ,PJM,PJM_East,PJM,eastern,PJM
NY_W,NY,NYISO,NYISO,NPCC_NY,eastern,NYISO
NY_E,NY,NYISO,NYISO,NPCC_NY,eastern,NYISO
NY_NYC,NY,NYISO,NYISO,NPCC_NY,eastern,NYISO
NY_LI,NY,NYISO,NYISO,NPCC_NY,eastern,NYISO
VT,VT,ISONE,ISONE,NPCC_NE,eastern,ISONE
NH,NH,ISONE,ISONE,NPCC_NE,eastern,ISONE
MA,MA,ISONE,ISONE,NPCC_NE,eastern,ISONE
CT,CT,ISONE,ISONE,NPCC_NE,eastern,ISONE
RI,RI,ISONE,ISONE,NPCC_NE,eastern,ISONE
ME,ME,ISONE,ISONE,NPCC_NE,eastern,ISONE
