casepath,casename,color
### Examples
## nrelnas01 on windows
# Z:\FY23-ReEDS_Spatial_Flex-LS\mixed_resolution\runs\v1_092424_main_ERCOT_county,main,
# Z:\FY23-ReEDS_Spatial_Flex-LS\mixed_resolution\runs\v1_092524_dev_check_ERCOT_county,dev check,
## nrelnas01 on mac
# /Volumes/ReEDS/Users/pbrown/ReEDSruns/main/v20241028_mainK0_USA,Ref,C1
# /Volumes/ReEDS/Users/pbrown/ReEDSruns/main/v20241028_mainK0_USA_decarb,Z35,plt.cm.tab20(4)
## kestrel
# /projects/reedsweto/pbrown/github/ReEDS/runs/v20241028_mainK0_USA,main_Ref,plt.cm.tab20(0)
# /projects/reedsweto/pbrown/github4/ReEDS/runs/v20241028_porK0_USA,por_Ref,plt.cm.tab20(1)
# /projects/reedsweto/pbrown/github/ReEDS/runs/v20241028_mainK0_USA_decarb,main_Z35,plt.cm.tab20(2)
# /projects/reedsweto/pbrown/github4/ReEDS/runs/v20241028_porK0_USA_decarb,por_Z35,plt.cm.tab20(3)
### Add your cases below (don't commit them) or create a new csv file with the same format
/data/shared/projects/lserpe/uoed_fork2/UOED/runs/ce_test2_tx_BAU,Utah mixed,
/data/shared/projects/lserpe/uoed_fork2/UOED/runs/ce_test2_tx_BAU,Utah mixed copy,