raw,display,display_aggregated,ther_stor_vre,diagnostics
coalolduns_coaloldscr,Coal,Coal,Thermal,Coal
coalolduns_cofireold,Cofire,Coal,Thermal,Cofire
coaloldscr_cofireold,Cofire,Coal,Thermal,Cofire
coal-new_cofirenew,Cofire,Coal,Thermal,Cofire
gas-cc_gas-cc-ccs_mod,Gas-CC-CCS_Upgrade,Gas-CCS,Thermal,Gas-CC-CCS_Upgrade
gas-cc_gas-cc-ccs_max,Gas-CC-CCS_Upgrade,Gas-CCS,Thermal,Gas-CC-CCS_Upgrade
coal-igcc_coal-ccs_mod,Coal-CCS_Upgrade,Coal-CCS,Thermal,Coal-CCS_Upgrade
coal-new_coal-ccs_mod,Coal-CCS_Upgrade,Coal-CCS,Thermal,Coal-CCS_Upgrade
coaloldscr_coal-ccs_mod,Coal-CCS_Upgrade,Coal-CCS,Thermal,Coal-CCS_Upgrade
coalolduns_coal-ccs_mod,Coal-CCS_Upgrade,Coal-CCS,Thermal,Coal-CCS_Upgrade
cofirenew_coal-ccs_mod,Coal-CCS_Upgrade,Coal-CCS,Thermal,Coal-CCS_Upgrade
cofireold_coal-ccs_mod,Coal-CCS_Upgrade,Coal-CCS,Thermal,Coal-CCS_Upgrade
coal-igcc_coal-ccs_max,Coal-CCS_Upgrade,Coal-CCS,Thermal,Coal-CCS_Upgrade
coal-new_coal-ccs_max,Coal-CCS_Upgrade,Coal-CCS,Thermal,Coal-CCS_Upgrade
coaloldscr_coal-ccs_max,Coal-CCS_Upgrade,Coal-CCS,Thermal,Coal-CCS_Upgrade
coalolduns_coal-ccs_max,Coal-CCS_Upgrade,Coal-CCS,Thermal,Coal-CCS_Upgrade
cofirenew_coal-ccs_max,Coal-CCS_Upgrade,Coal-CCS,Thermal,Coal-CCS_Upgrade
cofireold_coal-ccs_max,Coal-CCS_Upgrade,Coal-CCS,Thermal,Coal-CCS_Upgrade
gas-ct_h2-ct,H2-CT_Upgrade,Hydrogen Generation,Thermal,H2-CT_Upgrade
gas-cc_h2-cc,H2-CC_Upgrade,Hydrogen Generation,Thermal,H2-CC_Upgrade
beccs_mod,BECCS,Biopower,Thermal,BECCS
beccs_max,BECCS,Biopower,Thermal,BECCS
distpv,DPV,Solar,VRE,DPV
gas-cc,Gas-CC,Gas,Thermal,Gas-CC
gas-cc-ccs_mod,Gas-CC-CCS,Gas-CCS,Thermal,Gas-CC-CCS
gas-cc-ccs_max,Gas-CC-CCS,Gas-CCS,Thermal,Gas-CC-CCS
gas-ct,Gas-CT,Gas,Thermal,Gas-CT
geothermal,Geothermal,Geothermal,Thermal,Geothermal
nuclear,Nuclear,Nuclear,Thermal,Nuclear
nuclear-smr,Nuclear-SMR,Nuclear,Thermal,Nuclear-SMR
storage-h2,Storage-H2,Storage,Storage,Storage-H2
caes,CAES,Storage,Storage,CAES
pumped-hydro,Pumped-Hydro,Storage,Storage,Pumped-Hydro
can-imports,Canadian Imports,Remove,Remove,Canadian Imports
canada,Canadian Imports,Remove,Remove,Canadian Imports
h2-ct,H2-CT,Hydrogen Generation,Thermal,H2-CT
h2-cc,H2-CC,Hydrogen Generation,Thermal,H2-CC
h2-fuel-cell,H2-Fuel-Cell,Hydrogen Generation,Remove,H2-Fuel-Cell
smr,SMR,Remove,Remove,SMR
smr_ccs,SMR-CCS,Remove,Remove,SMR-CCS
electrolyzer,Electrolyzer,Remove,Remove,Electrolyzer
biopower,Biopower,Biopower,Thermal,Biopower
coal-ccs_mod,Coal-CCS,Coal-CCS,Thermal,Coal-CCS
coal-ccs_max,Coal-CCS,Coal-CCS,Thermal,Coal-CCS
coal-ccs-f,Coal-CCS-Flex,Coal-CCS,Thermal,Coal-CCS-Flex
coal-igcc,Coal,Coal,Thermal,Coal
coal-new,Coal,Coal,Thermal,Coal
coaloldscr,Coal,Coal,Thermal,Coal
coalolduns,Coal,Coal,Thermal,Coal
coal,Coal,Coal,Thermal,Coal
cofire,Cofire,Coal,Thermal,Cofire
gas-cc-ccs-f,Gas-CC-CCS-Flex,Gas-CCS,Thermal,Gas-CC-CCS-Flex
lfill-gas,Landfill-Gas,Biopower,Thermal,Landfill-Gas
o-g-s,Oil/Gas Steam,Gas,Thermal,Oil/Gas Steam
battery_li,Battery,Storage,Storage,Battery
pumped-hydro_n,Pumped-Hydro,Storage,Storage,Pumped-Hydro
pumped-hydro-flex,Pumped-Hydro-Flex,Storage,Storage,Pumped-Hydro-Flex
upv,UPV,Solar,VRE,UPV
pvb,PVB,Solar,VRE,PVB
wind-ofs,Offshore Wind,Wind,VRE,Offshore Wind
wind-ons,Onshore Wind,Wind,VRE,Onshore Wind
csp,CSP,Solar,VRE,CSP
csp-ns,CSP,Solar,VRE,CSP
dr_shed,DR Shed,DR,DR,DR Shed
evmc_storage,EVMC_Storage,DR,DR,EVMC_Storage
evmc_shape,EVMC_Shape,DR,DR,EVMC_Shape
hydro,Hydropower,Hydropower,Hydropower,Hydropower Existing
hyde,Hydropower,Hydropower,Hydropower,Hydropower Existing
hydd,Hydropower,Hydropower,Hydropower,Hydropower New
hydn,Hydropower,Hydropower,Hydropower,Hydropower New
hyds,Hydropower,Hydropower,Hydropower,Hydropower New
hydu,Hydropower,Hydropower,Hydropower,Hydropower New
egs_allkm_,Geothermal,Geothermal,Thermal,Geothermal
geohydro_allkm_,Geothermal,Geothermal,Thermal,Geothermal
egs_nearfield_,Geothermal,Geothermal,Thermal,Geothermal
gas-cc_,Gas-CC,Gas,Thermal,Gas-CC
gas-cc-ccs_mod_,Gas-CC-CCS,Gas-CCS,Thermal,Gas-CC-CCS
gas-cc-ccs_max_,Gas-CC-CCS,Gas-CCS,Thermal,Gas-CC-CCS
nuclear_,Nuclear,Nuclear,Thermal,Nuclear
interregional_flow,Interregion Trade,Interregion Trade,Remove,Interregion Trade
